2026-06-30T02:05:55,0, 143771, 0, 28
2026-06-30T02:05:56,0, 143771, 0, 28
2026-06-30T02:05:57,4, 143771, 0, 28
2026-06-30T02:05:58,4, 143771, 0, 28
2026-06-30T02:05:59,4, 143771, 0, 28
2026-06-30T02:06:00,4, 143771, 0, 28
2026-06-30T02:06:01,4, 143771, 0, 28
2026-06-30T02:06:02,4, 143771, 0, 28
2026-06-30T02:06:03,4, 143771, 0, 28
2026-06-30T02:06:04,526, 143771, 2, 28
2026-06-30T02:06:05,526, 143771, 0, 29
2026-06-30T02:06:06,526, 143771, 0, 29
2026-06-30T02:06:07,526, 143771, 0, 29
2026-06-30T02:06:08,526, 143771, 0, 29
2026-06-30T02:06:09,526, 143771, 0, 29
2026-06-30T02:06:10,2476, 143771, 1, 29
2026-06-30T02:06:11,2476, 143771, 0, 29
2026-06-30T02:06:13,3776, 143771, 0, 29
2026-06-30T02:06:14,7236, 143771, 14, 29
2026-06-30T02:06:15,7636, 143771, 0, 29
2026-06-30T02:06:16,7638, 143771, 1, 29
2026-06-30T02:06:17,12448, 143771, 1, 29
2026-06-30T02:06:18,12450, 143771, 0, 34
2026-06-30T02:06:19,104132, 143771, 71, 36
2026-06-30T02:06:20,104686, 143771, 99, 36
2026-06-30T02:06:21,104686, 143771, 100, 44
2026-06-30T02:06:22,110626, 143771, 100, 46
2026-06-30T02:06:23,111106, 143771, 100, 45
2026-06-30T02:06:24,111106, 143771, 100, 48
2026-06-30T02:06:25,111106, 143771, 97, 48
2026-06-30T02:06:26,111106, 143771, 100, 48
2026-06-30T02:06:27,111106, 143771, 100, 49
2026-06-30T02:06:28,111106, 143771, 100, 49
2026-06-30T02:06:29,111106, 143771, 100, 49
2026-06-30T02:06:30,111106, 143771, 97, 51
2026-06-30T02:06:31,111106, 143771, 100, 51
2026-06-30T02:06:32,111106, 143771, 100, 52
2026-06-30T02:06:33,111106, 143771, 100, 52
2026-06-30T02:06:34,111106, 143771, 100, 53
2026-06-30T02:06:35,111106, 143771, 100, 53
2026-06-30T02:06:36,111106, 143771, 100, 52
2026-06-30T02:06:37,111106, 143771, 100, 52
2026-06-30T02:06:38,111106, 143771, 100, 53
2026-06-30T02:06:39,111106, 143771, 100, 54
2026-06-30T02:06:40,111106, 143771, 100, 54
2026-06-30T02:06:41,111106, 143771, 100, 55
2026-06-30T02:06:42,111106, 143771, 97, 54
2026-06-30T02:06:43,111106, 143771, 100, 55
2026-06-30T02:06:44,111106, 143771, 100, 55
2026-06-30T02:06:45,111106, 143771, 100, 54
2026-06-30T02:06:46,111106, 143771, 100, 57
2026-06-30T02:06:47,111106, 143771, 100, 56
2026-06-30T02:06:49,111106, 143771, 100, 56
2026-06-30T02:06:50,111106, 143771, 100, 56
2026-06-30T02:06:51,111106, 143771, 100, 57
2026-06-30T02:06:52,111106, 143771, 100, 59
2026-06-30T02:06:53,111106, 143771, 100, 56
2026-06-30T02:06:54,111106, 143771, 100, 56
2026-06-30T02:06:55,111106, 143771, 100, 56
2026-06-30T02:06:56,111106, 143771, 100, 56
2026-06-30T02:06:57,111106, 143771, 100, 57
2026-06-30T02:06:58,111106, 143771, 100, 57
2026-06-30T02:06:59,111106, 143771, 100, 57
2026-06-30T02:07:00,111106, 143771, 99, 54
2026-06-30T02:07:01,111106, 143771, 100, 57
2026-06-30T02:07:02,111106, 143771, 100, 58
2026-06-30T02:07:03,111106, 143771, 100, 58
2026-06-30T02:07:04,111106, 143771, 100, 60
2026-06-30T02:07:05,111106, 143771, 100, 57
2026-06-30T02:07:06,111106, 143771, 100, 58
2026-06-30T02:07:07,111106, 143771, 100, 58
2026-06-30T02:07:08,111106, 143771, 100, 57
2026-06-30T02:07:09,111106, 143771, 100, 60
2026-06-30T02:07:10,111106, 143771, 100, 58
2026-06-30T02:07:11,111106, 143771, 100, 58
2026-06-30T02:07:12,111106, 143771, 100, 56
2026-06-30T02:07:13,111106, 143771, 100, 59
2026-06-30T02:07:14,111106, 143771, 100, 58
2026-06-30T02:07:15,111106, 143771, 100, 58
2026-06-30T02:07:16,111106, 143771, 100, 58
2026-06-30T02:07:17,111106, 143771, 100, 56
2026-06-30T02:07:18,111106, 143771, 100, 56
2026-06-30T02:07:19,111106, 143771, 100, 58
2026-06-30T02:07:20,111106, 143771, 100, 59
2026-06-30T02:07:21,111106, 143771, 100, 57
2026-06-30T02:07:22,111106, 143771, 100, 58
2026-06-30T02:07:24,111106, 143771, 100, 58
2026-06-30T02:07:25,111106, 143771, 100, 58
2026-06-30T02:07:26,111106, 143771, 100, 59
2026-06-30T02:07:27,111106, 143771, 100, 59
2026-06-30T02:07:28,111106, 143771, 100, 59
2026-06-30T02:07:29,111106, 143771, 100, 58
2026-06-30T02:07:30,111106, 143771, 97, 58
2026-06-30T02:07:31,111106, 143771, 100, 58
2026-06-30T02:07:32,111106, 143771, 100, 60
2026-06-30T02:07:33,111106, 143771, 100, 59
2026-06-30T02:07:34,111106, 143771, 100, 60
2026-06-30T02:07:35,111106, 143771, 100, 59
2026-06-30T02:07:36,111106, 143771, 100, 58
2026-06-30T02:07:37,111106, 143771, 100, 59
2026-06-30T02:07:38,111106, 143771, 100, 59
2026-06-30T02:07:39,111106, 143771, 100, 60
2026-06-30T02:07:40,111106, 143771, 100, 59
2026-06-30T02:07:41,111106, 143771, 100, 60
2026-06-30T02:07:42,111106, 143771, 96, 58
2026-06-30T02:07:43,111106, 143771, 100, 59
2026-06-30T02:07:44,111106, 143771, 100, 60
2026-06-30T02:07:45,111106, 143771, 100, 59
2026-06-30T02:07:46,111106, 143771, 100, 60
2026-06-30T02:07:47,111106, 143771, 100, 58
2026-06-30T02:07:48,111106, 143771, 100, 59
2026-06-30T02:07:49,111106, 143771, 100, 59
2026-06-30T02:07:50,111106, 143771, 100, 60
2026-06-30T02:07:51,111106, 143771, 100, 59
2026-06-30T02:07:52,111106, 143771, 100, 59
2026-06-30T02:07:53,111106, 143771, 100, 58
2026-06-30T02:07:54,111106, 143771, 100, 59
2026-06-30T02:07:55,111106, 143771, 100, 59
2026-06-30T02:07:56,111106, 143771, 100, 60
2026-06-30T02:07:57,111106, 143771, 100, 60
2026-06-30T02:07:59,111106, 143771, 100, 60
2026-06-30T02:08:00,111106, 143771, 100, 58
2026-06-30T02:08:01,111106, 143771, 100, 59
2026-06-30T02:08:02,111106, 143771, 100, 60
2026-06-30T02:08:03,111106, 143771, 100, 60
2026-06-30T02:08:04,111106, 143771, 100, 60
2026-06-30T02:08:05,111106, 143771, 100, 60
2026-06-30T02:08:06,111106, 143771, 100, 58
2026-06-30T02:08:07,111106, 143771, 100, 60
2026-06-30T02:08:08,111106, 143771, 100, 60
2026-06-30T02:08:09,111106, 143771, 100, 60
2026-06-30T02:08:10,111106, 143771, 100, 60
2026-06-30T02:08:11,111106, 143771, 100, 58
2026-06-30T02:08:12,111106, 143771, 96, 58
2026-06-30T02:08:13,111106, 143771, 100, 59
2026-06-30T02:08:14,111106, 143771, 100, 59
2026-06-30T02:08:15,111106, 143771, 100, 59
2026-06-30T02:08:16,111106, 143771, 100, 60
2026-06-30T02:08:17,111106, 143771, 100, 60
2026-06-30T02:08:18,111106, 143771, 100, 59
2026-06-30T02:08:19,111106, 143771, 100, 60
2026-06-30T02:08:20,111106, 143771, 100, 60
2026-06-30T02:08:21,111106, 143771, 100, 60
2026-06-30T02:08:22,111106, 143771, 100, 59
2026-06-30T02:08:23,111106, 143771, 100, 60
2026-06-30T02:08:24,111106, 143771, 100, 58
2026-06-30T02:08:25,111106, 143771, 100, 61
2026-06-30T02:08:26,111106, 143771, 100, 61
2026-06-30T02:08:27,111106, 143771, 100, 59
2026-06-30T02:08:28,111106, 143771, 100, 59
2026-06-30T02:08:29,111106, 143771, 100, 60
2026-06-30T02:08:30,111106, 143771, 100, 60
2026-06-30T02:08:31,111106, 143771, 100, 60
2026-06-30T02:08:33,111106, 143771, 100, 60
2026-06-30T02:08:34,111106, 143771, 100, 63
2026-06-30T02:08:35,111106, 143771, 100, 61
2026-06-30T02:08:36,111106, 143771, 100, 60
2026-06-30T02:08:37,111106, 143771, 97, 59
2026-06-30T02:08:38,111106, 143771, 100, 58
2026-06-30T02:08:39,111106, 143771, 100, 61
2026-06-30T02:08:40,111106, 143771, 100, 60
2026-06-30T02:08:41,111106, 143771, 100, 61
2026-06-30T02:08:42,111106, 143771, 97, 59
2026-06-30T02:08:43,111106, 143771, 100, 60
2026-06-30T02:08:44,111106, 143771, 100, 61
2026-06-30T02:08:45,111106, 143771, 100, 60
2026-06-30T02:08:46,111106, 143771, 100, 63
2026-06-30T02:08:47,111106, 143771, 100, 61
2026-06-30T02:08:48,111106, 143771, 100, 60
2026-06-30T02:08:49,111106, 143771, 100, 60
2026-06-30T02:08:50,111106, 143771, 100, 59
2026-06-30T02:08:51,111106, 143771, 100, 61
2026-06-30T02:08:52,111106, 143771, 100, 60
2026-06-30T02:08:53,111106, 143771, 100, 60
2026-06-30T02:08:54,111106, 143771, 100, 56
2026-06-30T02:08:55,111106, 143771, 100, 60
2026-06-30T02:08:56,111106, 143771, 100, 61
2026-06-30T02:08:57,111106, 143771, 100, 60
2026-06-30T02:08:58,111106, 143771, 100, 61
2026-06-30T02:08:59,111106, 143771, 100, 60
2026-06-30T02:09:00,111106, 143771, 100, 60
2026-06-30T02:09:01,111106, 143771, 100, 61
2026-06-30T02:09:02,111106, 143771, 100, 61
2026-06-30T02:09:03,111106, 143771, 100, 64
2026-06-30T02:09:04,111106, 143771, 100, 60
2026-06-30T02:09:05,111106, 143771, 100, 59
2026-06-30T02:09:06,111106, 143771, 96, 57
2026-06-30T02:09:08,111106, 143771, 100, 61
2026-06-30T02:09:09,111106, 143771, 100, 61
2026-06-30T02:09:10,111106, 143771, 100, 59
2026-06-30T02:09:11,111106, 143771, 100, 60
2026-06-30T02:09:12,111106, 143771, 100, 61
2026-06-30T02:09:13,111106, 143771, 100, 61
2026-06-30T02:09:14,111106, 143771, 100, 60
2026-06-30T02:09:15,111106, 143771, 100, 61
2026-06-30T02:09:16,111106, 143771, 100, 61
2026-06-30T02:09:17,111106, 143771, 100, 61
2026-06-30T02:09:18,111106, 143771, 100, 61
2026-06-30T02:09:19,111106, 143771, 97, 59
2026-06-30T02:09:20,111106, 143771, 100, 59
2026-06-30T02:09:21,111106, 143771, 100, 61
2026-06-30T02:09:22,111106, 143771, 100, 60
2026-06-30T02:09:23,111106, 143771, 100, 62
2026-06-30T02:09:24,111106, 143771, 100, 61
2026-06-30T02:09:25,111106, 143771, 100, 60
2026-06-30T02:09:26,111106, 143771, 100, 60
2026-06-30T02:09:27,111106, 143771, 100, 61
2026-06-30T02:09:28,111106, 143771, 100, 59
2026-06-30T02:09:29,111106, 143771, 100, 61
2026-06-30T02:09:30,111106, 143771, 100, 61
2026-06-30T02:09:31,111106, 143771, 100, 61
2026-06-30T02:09:32,111106, 143771, 100, 60
2026-06-30T02:09:33,111106, 143771, 100, 61
2026-06-30T02:09:34,111106, 143771, 100, 61
2026-06-30T02:09:35,111106, 143771, 100, 62
2026-06-30T02:09:36,111106, 143771, 100, 61
2026-06-30T02:09:37,111106, 143771, 100, 59
2026-06-30T02:09:38,111106, 143771, 100, 61
2026-06-30T02:09:39,111106, 143771, 100, 61
2026-06-30T02:09:40,111106, 143771, 100, 61
2026-06-30T02:09:41,111106, 143771, 100, 60
2026-06-30T02:09:43,111106, 143771, 100, 60
2026-06-30T02:09:44,111106, 143771, 97, 59
2026-06-30T02:09:45,111106, 143771, 100, 61
2026-06-30T02:09:46,111106, 143771, 100, 61
2026-06-30T02:09:47,111106, 143771, 100, 61
2026-06-30T02:09:48,111106, 143771, 100, 62
2026-06-30T02:09:49,111106, 143771, 100, 61
2026-06-30T02:09:50,111106, 143771, 100, 60
2026-06-30T02:09:51,111106, 143771, 100, 61
2026-06-30T02:09:52,111106, 143771, 100, 60
2026-06-30T02:09:53,111106, 143771, 100, 60
2026-06-30T02:09:54,111106, 143771, 100, 60
2026-06-30T02:09:55,111106, 143771, 100, 61
2026-06-30T02:09:56,111106, 143771, 100, 60
2026-06-30T02:09:57,111106, 143771, 100, 60
2026-06-30T02:09:58,111106, 143771, 100, 61
2026-06-30T02:09:59,111106, 143771, 100, 59
2026-06-30T02:10:00,111106, 143771, 100, 59
2026-06-30T02:10:01,111106, 143771, 100, 61
2026-06-30T02:10:02,111106, 143771, 100, 61
2026-06-30T02:10:03,111106, 143771, 100, 60
2026-06-30T02:10:04,111106, 143771, 100, 60
2026-06-30T02:10:05,111106, 143771, 100, 65
2026-06-30T02:10:06,111106, 143771, 100, 60
2026-06-30T02:10:07,111106, 143771, 100, 61
2026-06-30T02:10:08,111106, 143771, 98, 60
2026-06-30T02:10:09,111106, 143771, 100, 59
2026-06-30T02:10:10,111106, 143771, 100, 61
2026-06-30T02:10:11,111106, 143771, 100, 60
2026-06-30T02:10:12,111106, 143771, 100, 61
2026-06-30T02:10:13,111106, 143771, 97, 59
2026-06-30T02:10:14,111106, 143771, 100, 61
2026-06-30T02:10:15,111106, 143771, 100, 61
2026-06-30T02:10:17,111106, 143771, 100, 59
2026-06-30T02:10:18,111106, 143771, 100, 64
2026-06-30T02:10:19,111106, 143771, 100, 61
2026-06-30T02:10:20,111106, 143771, 100, 60
2026-06-30T02:10:21,111106, 143771, 100, 61
2026-06-30T02:10:22,111106, 143771, 100, 60
2026-06-30T02:10:23,111106, 143771, 100, 62
2026-06-30T02:10:24,111106, 143771, 100, 61
2026-06-30T02:10:25,111106, 143771, 100, 60
2026-06-30T02:10:26,111106, 143771, 100, 56
2026-06-30T02:10:27,111106, 143771, 100, 61
2026-06-30T02:10:28,111106, 143771, 100, 61
2026-06-30T02:10:29,111106, 143771, 100, 60
2026-06-30T02:10:30,111106, 143771, 100, 61
2026-06-30T02:10:31,111106, 143771, 100, 59
2026-06-30T02:10:32,111106, 143771, 100, 60
2026-06-30T02:10:33,111106, 143771, 100, 61
2026-06-30T02:10:34,111106, 143771, 100, 61
2026-06-30T02:10:35,111106, 143771, 100, 64
2026-06-30T02:10:36,111106, 143771, 100, 60
2026-06-30T02:10:37,111106, 143771, 100, 60
2026-06-30T02:10:38,111106, 143771, 96, 60
2026-06-30T02:10:39,111106, 143771, 100, 61
2026-06-30T02:10:40,111106, 143771, 100, 60
2026-06-30T02:10:41,111106, 143771, 100, 61
2026-06-30T02:10:42,111106, 143771, 100, 61
2026-06-30T02:10:43,111106, 143771, 100, 61
2026-06-30T02:10:44,111106, 143771, 100, 59
2026-06-30T02:10:45,111106, 143771, 100, 60
2026-06-30T02:10:46,111106, 143771, 100, 61
2026-06-30T02:10:47,111106, 143771, 100, 64
2026-06-30T02:10:48,111106, 143771, 100, 61
2026-06-30T02:10:49,111106, 143771, 100, 61
2026-06-30T02:10:50,111106, 143771, 100, 60
2026-06-30T02:10:52,111106, 143771, 100, 61
2026-06-30T02:10:53,111106, 143771, 100, 61
2026-06-30T02:10:54,111106, 143771, 100, 60
2026-06-30T02:10:55,111106, 143771, 100, 61
2026-06-30T02:10:56,111106, 143771, 99, 58
2026-06-30T02:10:57,111106, 143771, 100, 60
2026-06-30T02:10:58,111106, 143771, 100, 60
2026-06-30T02:10:59,111106, 143771, 100, 60
2026-06-30T02:11:00,111106, 143771, 100, 62
2026-06-30T02:11:01,111106, 143771, 100, 60
2026-06-30T02:11:02,111106, 143771, 100, 61
2026-06-30T02:11:03,111106, 143771, 100, 61
2026-06-30T02:11:04,111106, 143771, 100, 61
2026-06-30T02:11:05,111106, 143771, 100, 61
2026-06-30T02:11:06,111106, 143771, 100, 59
2026-06-30T02:11:07,111106, 143771, 100, 60
2026-06-30T02:11:08,111106, 143771, 100, 57
2026-06-30T02:11:09,111106, 143771, 100, 61
2026-06-30T02:11:10,111106, 143771, 100, 61
2026-06-30T02:11:11,111106, 143771, 100, 59
2026-06-30T02:11:12,111106, 143771, 100, 59
2026-06-30T02:11:13,111106, 143771, 100, 61
2026-06-30T02:11:14,111106, 143771, 100, 61
2026-06-30T02:11:15,111106, 143771, 100, 61
2026-06-30T02:11:16,111106, 143771, 100, 60
2026-06-30T02:11:17,111106, 143771, 100, 61
2026-06-30T02:11:18,111106, 143771, 100, 61
2026-06-30T02:11:19,111106, 143771, 100, 60
2026-06-30T02:11:20,111106, 143771, 97, 60
2026-06-30T02:11:21,111106, 143771, 100, 60
2026-06-30T02:11:22,111106, 143771, 100, 61
2026-06-30T02:11:23,111106, 143771, 100, 60
2026-06-30T02:11:24,111106, 143771, 100, 62
2026-06-30T02:11:25,111106, 143771, 100, 61
2026-06-30T02:11:26,111106, 143771, 100, 60
2026-06-30T02:11:28,111106, 143771, 100, 61
2026-06-30T02:11:29,111106, 143771, 100, 61
2026-06-30T02:11:30,111106, 143771, 100, 61
2026-06-30T02:11:31,111106, 143771, 100, 61
2026-06-30T02:11:32,111106, 143771, 100, 61
2026-06-30T02:11:33,111106, 143771, 97, 60
2026-06-30T02:11:34,111106, 143771, 100, 60
2026-06-30T02:11:35,111106, 143771, 100, 61
2026-06-30T02:11:36,111106, 143771, 100, 61
2026-06-30T02:11:37,111106, 143771, 100, 61
2026-06-30T02:11:38,111106, 143771, 100, 59
2026-06-30T02:11:39,111106, 143771, 100, 60
2026-06-30T02:11:40,111106, 143771, 100, 61
2026-06-30T02:11:41,111106, 143771, 100, 61
2026-06-30T02:11:42,111106, 143771, 100, 61
2026-06-30T02:11:43,111106, 143771, 100, 59
2026-06-30T02:11:44,111106, 143771, 100, 60
2026-06-30T02:11:45,111106, 143771, 100, 60
2026-06-30T02:11:46,111106, 143771, 100, 60
2026-06-30T02:11:47,111106, 143771, 100, 61
2026-06-30T02:11:48,111106, 143771, 100, 61
2026-06-30T02:11:49,111106, 143771, 100, 61
2026-06-30T02:11:50,111106, 143771, 100, 59
2026-06-30T02:11:51,111106, 143771, 100, 59
2026-06-30T02:11:52,111106, 143771, 100, 60
2026-06-30T02:11:53,111106, 143771, 100, 61
2026-06-30T02:11:54,111106, 143771, 100, 60
2026-06-30T02:11:55,111106, 143771, 100, 60
2026-06-30T02:11:56,111106, 143771, 100, 60
2026-06-30T02:11:57,111106, 143771, 100, 60
2026-06-30T02:11:58,111106, 143771, 100, 60
2026-06-30T02:11:59,111106, 143771, 100, 61
2026-06-30T02:12:00,111106, 143771, 100, 61
2026-06-30T02:12:01,111106, 143771, 100, 61
2026-06-30T02:12:03,111106, 143771, 96, 60
2026-06-30T02:12:04,111106, 143771, 100, 59
2026-06-30T02:12:05,111106, 143771, 100, 61
2026-06-30T02:12:06,111106, 143771, 100, 60
2026-06-30T02:12:07,111106, 143771, 100, 62
2026-06-30T02:12:08,111106, 143771, 100, 60
2026-06-30T02:12:09,111106, 143771, 100, 60
2026-06-30T02:12:10,111106, 143771, 100, 60
2026-06-30T02:12:11,111106, 143771, 100, 61
2026-06-30T02:12:12,111106, 143771, 100, 61
2026-06-30T02:12:13,111106, 143771, 100, 61
2026-06-30T02:12:14,111106, 143771, 100, 60
2026-06-30T02:12:15,111106, 143771, 100, 59
2026-06-30T02:12:16,111106, 143771, 100, 59
2026-06-30T02:12:17,111106, 143771, 100, 61
2026-06-30T02:12:18,111106, 143771, 100, 61
2026-06-30T02:12:19,111106, 143771, 100, 62
2026-06-30T02:12:20,111106, 143771, 100, 57
2026-06-30T02:12:21,111106, 143771, 100, 60
2026-06-30T02:12:22,111106, 143771, 100, 61
2026-06-30T02:12:23,111106, 143771, 100, 59
2026-06-30T02:12:24,111106, 143771, 100, 58
2026-06-30T02:12:25,111106, 143771, 100, 61
2026-06-30T02:12:26,111106, 143771, 100, 61
2026-06-30T02:12:27,111106, 143771, 100, 61
2026-06-30T02:12:28,111106, 143771, 100, 60
2026-06-30T02:12:29,111106, 143771, 100, 61
2026-06-30T02:12:30,111106, 143771, 100, 61
2026-06-30T02:12:31,111106, 143771, 100, 59
2026-06-30T02:12:32,111106, 143771, 97, 56
2026-06-30T02:12:33,111106, 143771, 100, 60
2026-06-30T02:12:34,111106, 143771, 100, 60
2026-06-30T02:12:35,111106, 143771, 100, 60
2026-06-30T02:12:36,111106, 143771, 100, 61
2026-06-30T02:12:38,111106, 143771, 100, 60
2026-06-30T02:12:39,111106, 143771, 100, 60
2026-06-30T02:12:40,111106, 143771, 100, 61
2026-06-30T02:12:41,111106, 143771, 100, 60
2026-06-30T02:12:42,111106, 143771, 100, 64
2026-06-30T02:12:43,111106, 143771, 100, 61
2026-06-30T02:12:44,111106, 143771, 100, 61
2026-06-30T02:12:45,111106, 143771, 96, 60
2026-06-30T02:12:46,111106, 143771, 100, 60
2026-06-30T02:12:47,111106, 143771, 100, 60
2026-06-30T02:12:48,111106, 143771, 100, 60
2026-06-30T02:12:49,111106, 143771, 100, 61
2026-06-30T02:12:50,111106, 143771, 99, 60
2026-06-30T02:12:51,111106, 143771, 100, 59
2026-06-30T02:12:52,111106, 143771, 100, 61
2026-06-30T02:12:53,111106, 143771, 100, 60
2026-06-30T02:12:54,111106, 143771, 100, 62
2026-06-30T02:12:55,111106, 143771, 100, 61
2026-06-30T02:12:56,111106, 143771, 100, 61
2026-06-30T02:12:57,111106, 143771, 100, 61
2026-06-30T02:12:58,111106, 143771, 100, 60
2026-06-30T02:12:59,111106, 143771, 100, 61
2026-06-30T02:13:00,111106, 143771, 100, 61
2026-06-30T02:13:01,111106, 143771, 100, 60
2026-06-30T02:13:02,111106, 143771, 96, 59
2026-06-30T02:13:03,111106, 143771, 100, 61
2026-06-30T02:13:04,111106, 143771, 100, 61
2026-06-30T02:13:05,111106, 143771, 100, 59
2026-06-30T02:13:06,111106, 143771, 100, 61
2026-06-30T02:13:07,111106, 143771, 100, 61
2026-06-30T02:13:08,111106, 143771, 100, 61
2026-06-30T02:13:09,111106, 143771, 100, 61
2026-06-30T02:13:10,111106, 143771, 100, 61
2026-06-30T02:13:12,111106, 143771, 100, 59
2026-06-30T02:13:13,111106, 143771, 100, 59
2026-06-30T02:13:14,111106, 143771, 100, 60
2026-06-30T02:13:15,111106, 143771, 100, 60
2026-06-30T02:13:16,111106, 143771, 100, 60
2026-06-30T02:13:17,111106, 143771, 100, 60
2026-06-30T02:13:18,111106, 143771, 100, 59
2026-06-30T02:13:19,111106, 143771, 100, 59
2026-06-30T02:13:20,111106, 143771, 100, 61
2026-06-30T02:13:21,111106, 143771, 100, 61
2026-06-30T02:13:22,111106, 143771, 100, 60
2026-06-30T02:13:23,111106, 143771, 100, 60
2026-06-30T02:13:24,111106, 143771, 100, 61
2026-06-30T02:13:25,111106, 143771, 100, 60
2026-06-30T02:13:26,111106, 143771, 100, 60
2026-06-30T02:13:27,111106, 143771, 100, 60
2026-06-30T02:13:28,111106, 143771, 100, 60
2026-06-30T02:13:29,111106, 143771, 100, 61
2026-06-30T02:13:30,111106, 143771, 100, 61
2026-06-30T02:13:31,111106, 143771, 100, 61
2026-06-30T02:13:32,111106, 143771, 97, 60
2026-06-30T02:13:33,111106, 143771, 100, 60
2026-06-30T02:13:34,111106, 143771, 100, 61
2026-06-30T02:13:35,111106, 143771, 100, 58
2026-06-30T02:13:36,111106, 143771, 100, 61
2026-06-30T02:13:37,111106, 143771, 100, 59
2026-06-30T02:13:38,111106, 143771, 100, 59
2026-06-30T02:13:39,111106, 143771, 100, 60
2026-06-30T02:13:40,111106, 143771, 100, 61
2026-06-30T02:13:41,111106, 143771, 100, 64
2026-06-30T02:13:42,111106, 143771, 100, 60
2026-06-30T02:13:43,111106, 143771, 100, 61
2026-06-30T02:13:44,111106, 143771, 97, 60
2026-06-30T02:13:45,111106, 143771, 100, 60
2026-06-30T02:13:47,111106, 143771, 100, 61
2026-06-30T02:13:48,111106, 143771, 100, 60
2026-06-30T02:13:49,111106, 143771, 100, 61
2026-06-30T02:13:50,111106, 143771, 97, 58
2026-06-30T02:13:51,111106, 143771, 100, 59
2026-06-30T02:13:52,111106, 143771, 100, 60
2026-06-30T02:13:53,111106, 143771, 100, 61
2026-06-30T02:13:54,111106, 143771, 100, 64
2026-06-30T02:13:55,111106, 143771, 100, 61
2026-06-30T02:13:56,111106, 143771, 100, 60
2026-06-30T02:13:57,111106, 143771, 100, 60
2026-06-30T02:13:58,111106, 143771, 100, 60
2026-06-30T02:13:59,111106, 143771, 100, 61
2026-06-30T02:14:00,111106, 143771, 100, 61
2026-06-30T02:14:01,111106, 143771, 100, 60
2026-06-30T02:14:02,111106, 143771, 99, 57
2026-06-30T02:14:03,111106, 143771, 100, 60
2026-06-30T02:14:04,111106, 143771, 100, 61
2026-06-30T02:14:05,111106, 143771, 100, 61
2026-06-30T02:14:06,111106, 143771, 100, 63
2026-06-30T02:14:07,111106, 143771, 100, 61
2026-06-30T02:14:08,111106, 143771, 100, 61
2026-06-30T02:14:09,111106, 143771, 100, 61
2026-06-30T02:14:10,111106, 143771, 100, 59
2026-06-30T02:14:11,111106, 143771, 100, 63
2026-06-30T02:14:12,111106, 143771, 100, 61
2026-06-30T02:14:13,111106, 143771, 100, 61
2026-06-30T02:14:14,111106, 143771, 100, 61
2026-06-30T02:14:15,111106, 143771, 100, 61
2026-06-30T02:14:16,111106, 143771, 100, 61
2026-06-30T02:14:17,111106, 143771, 100, 60
2026-06-30T02:14:18,111106, 143771, 100, 59
2026-06-30T02:14:19,111106, 143771, 100, 61
2026-06-30T02:14:20,111106, 143771, 100, 60
2026-06-30T02:14:22,111106, 143771, 100, 61
2026-06-30T02:14:23,111106, 143771, 100, 61
2026-06-30T02:14:24,111106, 143771, 100, 63
2026-06-30T02:14:25,111106, 143771, 100, 61
2026-06-30T02:14:26,111106, 143771, 100, 61
2026-06-30T02:14:27,111106, 143771, 98, 60
2026-06-30T02:14:28,111106, 143771, 100, 61
2026-06-30T02:14:29,111106, 143771, 100, 61
2026-06-30T02:14:30,111106, 143771, 100, 61
2026-06-30T02:14:31,111106, 143771, 100, 59
2026-06-30T02:14:32,111106, 143771, 96, 61
2026-06-30T02:14:33,111106, 143771, 100, 60
2026-06-30T02:14:34,111106, 143771, 100, 60
2026-06-30T02:14:35,111106, 143771, 100, 60
2026-06-30T02:14:36,111106, 143771, 100, 62
2026-06-30T02:14:37,111106, 143771, 100, 59
2026-06-30T02:14:38,111106, 143771, 100, 60
2026-06-30T02:14:39,111106, 143771, 100, 61
2026-06-30T02:14:40,111106, 143771, 100, 60
2026-06-30T02:14:41,111106, 143771, 100, 61
2026-06-30T02:14:42,111106, 143771, 100, 61
2026-06-30T02:14:43,111106, 143771, 100, 60
2026-06-30T02:14:44,111106, 143771, 96, 59
2026-06-30T02:14:45,111106, 143771, 100, 60
2026-06-30T02:14:46,111106, 143771, 100, 61
2026-06-30T02:14:47,111106, 143771, 100, 61
2026-06-30T02:14:48,111106, 143771, 100, 62
2026-06-30T02:14:49,111106, 143771, 100, 61
2026-06-30T02:14:50,111106, 143771, 100, 60
2026-06-30T02:14:51,111106, 143771, 100, 60
2026-06-30T02:14:52,111106, 143771, 100, 60
2026-06-30T02:14:53,111106, 143771, 100, 62
2026-06-30T02:14:54,111106, 143771, 100, 60
2026-06-30T02:14:55,111106, 143771, 100, 61
2026-06-30T02:14:56,111106, 143771, 100, 60
2026-06-30T02:14:58,111106, 143771, 100, 61
2026-06-30T02:14:59,111106, 143771, 100, 61
2026-06-30T02:15:00,111106, 143771, 100, 60
2026-06-30T02:15:01,111106, 143771, 100, 61
2026-06-30T02:15:02,111106, 143771, 100, 56
2026-06-30T02:15:03,111106, 143771, 100, 61
2026-06-30T02:15:04,111106, 143771, 100, 61
2026-06-30T02:15:05,111106, 143771, 100, 61
2026-06-30T02:15:06,111106, 143771, 100, 63
2026-06-30T02:15:07,111106, 143771, 100, 61
2026-06-30T02:15:08,111106, 143771, 100, 61
2026-06-30T02:15:09,111106, 143771, 100, 60
2026-06-30T02:15:10,111106, 143771, 100, 59
2026-06-30T02:15:11,111106, 143771, 100, 60
2026-06-30T02:15:12,111106, 143771, 100, 61
2026-06-30T02:15:13,111106, 143771, 100, 61
2026-06-30T02:15:14,111106, 143771, 100, 59
2026-06-30T02:15:15,111106, 143771, 100, 61
2026-06-30T02:15:16,111106, 143771, 100, 61
2026-06-30T02:15:17,111106, 143771, 100, 59
2026-06-30T02:15:18,111106, 143771, 100, 61
2026-06-30T02:15:19,111106, 143771, 100, 59
2026-06-30T02:15:20,111106, 143771, 100, 60
2026-06-30T02:15:21,111106, 143771, 100, 60
2026-06-30T02:15:22,111106, 143771, 100, 61
2026-06-30T02:15:23,111106, 143771, 100, 59
2026-06-30T02:15:24,111106, 143771, 100, 61
2026-06-30T02:15:25,111106, 143771, 100, 59
2026-06-30T02:15:26,111106, 143771, 100, 60
2026-06-30T02:15:27,111106, 143771, 100, 60
2026-06-30T02:15:28,111106, 143771, 100, 61
2026-06-30T02:15:29,111106, 143771, 100, 61
2026-06-30T02:15:30,111106, 143771, 100, 60
2026-06-30T02:15:31,111106, 143771, 97, 59
2026-06-30T02:15:32,111106, 143771, 100, 60
2026-06-30T02:15:34,111106, 143771, 100, 61
2026-06-30T02:15:35,111106, 143771, 100, 61
2026-06-30T02:15:36,111106, 143771, 100, 60
2026-06-30T02:15:37,111106, 143771, 100, 61
2026-06-30T02:15:38,111106, 143771, 100, 60
2026-06-30T02:15:39,111106, 143771, 100, 60
2026-06-30T02:15:40,111106, 143771, 100, 59
2026-06-30T02:15:41,111106, 143771, 100, 60
2026-06-30T02:15:42,111106, 143771, 100, 60
2026-06-30T02:15:43,111106, 143771, 100, 60
2026-06-30T02:15:44,111106, 143771, 97, 60
2026-06-30T02:15:45,111106, 143771, 100, 60
2026-06-30T02:15:46,111106, 143771, 100, 60
2026-06-30T02:15:47,111106, 143771, 100, 59
2026-06-30T02:15:48,111106, 143771, 100, 62
2026-06-30T02:15:49,111106, 143771, 100, 61
2026-06-30T02:15:50,111106, 143771, 100, 61
2026-06-30T02:15:51,111106, 143771, 100, 61
2026-06-30T02:15:52,111106, 143771, 100, 60
2026-06-30T02:15:53,111106, 143771, 100, 61
2026-06-30T02:15:54,111106, 143771, 100, 59
2026-06-30T02:15:55,111106, 143771, 100, 61
2026-06-30T02:15:56,111106, 143771, 97, 59
2026-06-30T02:15:57,111106, 143771, 100, 60
2026-06-30T02:15:58,111106, 143771, 100, 61
2026-06-30T02:15:59,111106, 143771, 100, 60
2026-06-30T02:16:00,111106, 143771, 100, 61
2026-06-30T02:16:01,111106, 143771, 100, 56
2026-06-30T02:16:02,111106, 143771, 100, 60
2026-06-30T02:16:03,111106, 143771, 100, 60
2026-06-30T02:16:04,111106, 143771, 100, 60
2026-06-30T02:16:05,111106, 143771, 100, 58
2026-06-30T02:16:06,111106, 143771, 100, 61
2026-06-30T02:16:07,111106, 143771, 100, 61
2026-06-30T02:16:09,111106, 143771, 100, 61
2026-06-30T02:16:10,111106, 143771, 100, 60
2026-06-30T02:16:11,111106, 143771, 100, 61
2026-06-30T02:16:12,111106, 143771, 100, 60
2026-06-30T02:16:13,111106, 143771, 100, 59
2026-06-30T02:16:14,111106, 143771, 100, 56
2026-06-30T02:16:15,111106, 143771, 100, 60
2026-06-30T02:16:16,111106, 143771, 100, 60
2026-06-30T02:16:17,111106, 143771, 100, 60
2026-06-30T02:16:18,111106, 143771, 100, 59
2026-06-30T02:16:19,111106, 143771, 100, 59
2026-06-30T02:16:20,111106, 143771, 100, 61
2026-06-30T02:16:21,111106, 143771, 100, 61
2026-06-30T02:16:22,111106, 143771, 100, 60
2026-06-30T02:16:23,111106, 143771, 100, 64
2026-06-30T02:16:24,111106, 143771, 100, 61
2026-06-30T02:16:25,111106, 143771, 100, 59
2026-06-30T02:16:26,111106, 143771, 97, 60
2026-06-30T02:16:27,111106, 143771, 100, 60
2026-06-30T02:16:28,111106, 143771, 100, 60
2026-06-30T02:16:29,111106, 143771, 100, 61
2026-06-30T02:16:30,111106, 143771, 100, 61
2026-06-30T02:16:31,111106, 143771, 100, 61
2026-06-30T02:16:32,111106, 143771, 100, 61
2026-06-30T02:16:33,111106, 143771, 100, 61
2026-06-30T02:16:34,111106, 143771, 100, 58
2026-06-30T02:16:35,111106, 143771, 100, 65
2026-06-30T02:16:36,111106, 143771, 100, 61
2026-06-30T02:16:37,111106, 143771, 100, 61
2026-06-30T02:16:38,111106, 143771, 98, 60
2026-06-30T02:16:39,111106, 143771, 100, 59
2026-06-30T02:16:40,111106, 143771, 100, 61
2026-06-30T02:16:41,111106, 143771, 100, 61
2026-06-30T02:16:42,111106, 143771, 100, 61
2026-06-30T02:16:43,111106, 143771, 97, 61
2026-06-30T02:16:45,111106, 143771, 100, 60
2026-06-30T02:16:46,111106, 143771, 100, 60
2026-06-30T02:16:47,111106, 143771, 100, 59
2026-06-30T02:16:48,111106, 143771, 100, 62
2026-06-30T02:16:49,111106, 143771, 100, 61
2026-06-30T02:16:50,111106, 143771, 100, 61
2026-06-30T02:16:51,111106, 143771, 100, 60
2026-06-30T02:16:52,111106, 143771, 100, 60
2026-06-30T02:16:53,111106, 143771, 100, 61
2026-06-30T02:16:54,111106, 143771, 100, 60
2026-06-30T02:16:55,111106, 143771, 100, 60
2026-06-30T02:16:56,111106, 143771, 98, 60
2026-06-30T02:16:57,111106, 143771, 100, 61
2026-06-30T02:16:58,111106, 143771, 100, 61
2026-06-30T02:16:59,111106, 143771, 100, 60
2026-06-30T02:17:00,111106, 143771, 100, 62
2026-06-30T02:17:01,111106, 143771, 100, 59
2026-06-30T02:17:02,111106, 143771, 100, 61
2026-06-30T02:17:03,111106, 143771, 100, 60
2026-06-30T02:17:04,111106, 143771, 100, 61
2026-06-30T02:17:05,111106, 143771, 100, 61
2026-06-30T02:17:06,111106, 143771, 100, 61
2026-06-30T02:17:07,111106, 143771, 100, 60
2026-06-30T02:17:08,111106, 143771, 97, 60
2026-06-30T02:17:09,111106, 143771, 100, 61
2026-06-30T02:17:10,111106, 143771, 100, 61
2026-06-30T02:17:11,111106, 143771, 100, 61
2026-06-30T02:17:12,111106, 143771, 100, 62
2026-06-30T02:17:13,111106, 143771, 100, 58
2026-06-30T02:17:14,111106, 143771, 100, 61
2026-06-30T02:17:15,111106, 143771, 100, 60
2026-06-30T02:17:16,111106, 143771, 100, 60
2026-06-30T02:17:17,111106, 143771, 100, 59
2026-06-30T02:17:18,111106, 143771, 100, 60
2026-06-30T02:17:19,111106, 143771, 100, 61
2026-06-30T02:17:21,111106, 143771, 100, 60
2026-06-30T02:17:22,111106, 143771, 100, 59
2026-06-30T02:17:23,111106, 143771, 100, 61
2026-06-30T02:17:24,111106, 143771, 100, 60
2026-06-30T02:17:25,111106, 143771, 100, 60
2026-06-30T02:17:26,111106, 143771, 100, 59
2026-06-30T02:17:27,111106, 143771, 100, 59
2026-06-30T02:17:28,111106, 143771, 100, 61
2026-06-30T02:17:29,111106, 143771, 100, 61
2026-06-30T02:17:30,111106, 143771, 100, 59
2026-06-30T02:17:31,111106, 143771, 100, 60
2026-06-30T02:17:32,111106, 143771, 100, 60
2026-06-30T02:17:33,111106, 143771, 100, 60
2026-06-30T02:17:34,111106, 143771, 100, 60
2026-06-30T02:17:35,111106, 143771, 100, 61
2026-06-30T02:17:36,111106, 143771, 100, 61
2026-06-30T02:17:37,111106, 143771, 100, 60
2026-06-30T02:17:38,111106, 143771, 97, 59
2026-06-30T02:17:39,111106, 143771, 100, 61
2026-06-30T02:17:40,111106, 143771, 100, 60
2026-06-30T02:17:41,111106, 143771, 100, 61
2026-06-30T02:17:42,111106, 143771, 100, 61
2026-06-30T02:17:43,111106, 143771, 100, 61
2026-06-30T02:17:44,111106, 143771, 100, 61
2026-06-30T02:17:45,111106, 143771, 100, 61
2026-06-30T02:17:46,111106, 143771, 100, 61
2026-06-30T02:17:47,111106, 143771, 100, 61
2026-06-30T02:17:48,111106, 143771, 100, 61
2026-06-30T02:17:49,111106, 143771, 100, 60
2026-06-30T02:17:50,111106, 143771, 97, 61
2026-06-30T02:17:51,111106, 143771, 100, 60
2026-06-30T02:17:52,111106, 143771, 100, 61
2026-06-30T02:17:53,111106, 143771, 100, 60
2026-06-30T02:17:54,111106, 143771, 100, 61
2026-06-30T02:17:55,111106, 143771, 100, 61
2026-06-30T02:17:56,111106, 143771, 100, 62
2026-06-30T02:17:58,111106, 143771, 100, 60
2026-06-30T02:17:59,111106, 143771, 100, 61
2026-06-30T02:18:00,111106, 143771, 100, 62
2026-06-30T02:18:01,111106, 143771, 100, 60
2026-06-30T02:18:02,111106, 143771, 100, 60
2026-06-30T02:18:03,111106, 143771, 97, 60
2026-06-30T02:18:04,111106, 143771, 100, 61
2026-06-30T02:18:05,111106, 143771, 100, 61
2026-06-30T02:18:06,111106, 143771, 100, 60
2026-06-30T02:18:07,111106, 143771, 100, 61
2026-06-30T02:18:08,111106, 143771, 99, 58
2026-06-30T02:18:09,111106, 143771, 100, 59
2026-06-30T02:18:10,111106, 143771, 100, 61
2026-06-30T02:18:11,111106, 143771, 100, 59
2026-06-30T02:18:12,111106, 143771, 100, 62
2026-06-30T02:18:13,111106, 143771, 100, 62
2026-06-30T02:18:14,111106, 143771, 100, 60
2026-06-30T02:18:15,111106, 143771, 100, 61
2026-06-30T02:18:16,111106, 143771, 100, 61
2026-06-30T02:18:17,111106, 143771, 100, 61
2026-06-30T02:18:18,111106, 143771, 100, 61
2026-06-30T02:18:19,111106, 143771, 100, 61
2026-06-30T02:18:20,111106, 143771, 97, 59
2026-06-30T02:18:21,111106, 143771, 100, 60
2026-06-30T02:18:22,111106, 143771, 100, 61
2026-06-30T02:18:23,111106, 143771, 100, 59
2026-06-30T02:18:24,111106, 143771, 100, 61
2026-06-30T02:18:25,111106, 143771, 100, 61
2026-06-30T02:18:26,111106, 143771, 100, 60
2026-06-30T02:18:27,111106, 143771, 100, 60
2026-06-30T02:18:28,111106, 143771, 100, 60
2026-06-30T02:18:29,111106, 143771, 100, 60
2026-06-30T02:18:30,111106, 143771, 100, 61
2026-06-30T02:18:31,111106, 143771, 100, 59
2026-06-30T02:18:32,111106, 143771, 100, 60
2026-06-30T02:18:34,111106, 143771, 100, 59
2026-06-30T02:18:35,111106, 143771, 100, 61
2026-06-30T02:18:36,111106, 143771, 100, 60
2026-06-30T02:18:37,111106, 143771, 100, 61
2026-06-30T02:18:38,111106, 143771, 100, 58
2026-06-30T02:18:39,111106, 143771, 100, 59
2026-06-30T02:18:40,111106, 143771, 100, 60
2026-06-30T02:18:41,111106, 143771, 100, 61
2026-06-30T02:18:42,111106, 143771, 100, 59
2026-06-30T02:18:43,111106, 143771, 100, 60
2026-06-30T02:18:44,111106, 143771, 100, 60
2026-06-30T02:18:45,111106, 143771, 100, 61
2026-06-30T02:18:46,111106, 143771, 100, 59
2026-06-30T02:18:47,111106, 143771, 100, 61
2026-06-30T02:18:48,111106, 143771, 100, 61
2026-06-30T02:18:49,111106, 143771, 100, 61
2026-06-30T02:18:50,111106, 143771, 97, 59
2026-06-30T02:18:51,111106, 143771, 100, 60
2026-06-30T02:18:52,111106, 143771, 100, 60
2026-06-30T02:18:53,111106, 143771, 100, 61
2026-06-30T02:18:54,111106, 143771, 100, 59
2026-06-30T02:18:55,111106, 143771, 100, 61
2026-06-30T02:18:56,111106, 143771, 100, 61
2026-06-30T02:18:57,111106, 143771, 100, 60
2026-06-30T02:18:58,111106, 143771, 100, 61
2026-06-30T02:18:59,111106, 143771, 100, 62
2026-06-30T02:19:00,111106, 143771, 100, 61
2026-06-30T02:19:01,111106, 143771, 100, 60
2026-06-30T02:19:02,111106, 143771, 97, 60
2026-06-30T02:19:03,111106, 143771, 100, 61
2026-06-30T02:19:04,111106, 143771, 100, 61
2026-06-30T02:19:05,111106, 143771, 100, 61
2026-06-30T02:19:06,111106, 143771, 100, 61
2026-06-30T02:19:07,111106, 143771, 100, 61
2026-06-30T02:19:08,111106, 143771, 100, 61
2026-06-30T02:19:10,111106, 143771, 100, 60
2026-06-30T02:19:11,111106, 143771, 100, 60
2026-06-30T02:19:12,111106, 143771, 100, 62
2026-06-30T02:19:13,111106, 143771, 100, 60
2026-06-30T02:19:14,111106, 143771, 100, 61
2026-06-30T02:19:15,111106, 143771, 97, 60
2026-06-30T02:19:16,111106, 143771, 100, 60
2026-06-30T02:19:17,111106, 143771, 100, 60
2026-06-30T02:19:18,111106, 143771, 100, 61
2026-06-30T02:19:19,111106, 143771, 100, 61
2026-06-30T02:19:20,111106, 143771, 99, 58
2026-06-30T02:19:21,111106, 143771, 100, 59
2026-06-30T02:19:22,111106, 143771, 100, 60
2026-06-30T02:19:23,111106, 143771, 100, 61
2026-06-30T02:19:24,111106, 143771, 100, 63
2026-06-30T02:19:25,111106, 143771, 100, 61
2026-06-30T02:19:26,111106, 143771, 100, 59
2026-06-30T02:19:27,111106, 143771, 100, 61
2026-06-30T02:19:28,111106, 143771, 100, 60
2026-06-30T02:19:29,111106, 143771, 100, 61
2026-06-30T02:19:30,111106, 143771, 100, 60
2026-06-30T02:19:31,111106, 143771, 100, 60
2026-06-30T02:19:32,111106, 143771, 99, 58
2026-06-30T02:19:33,111106, 143771, 100, 60
2026-06-30T02:19:34,111106, 143771, 100, 61
2026-06-30T02:19:35,111106, 143771, 100, 61
2026-06-30T02:19:36,111106, 143771, 100, 63
2026-06-30T02:19:37,111106, 143771, 100, 61
2026-06-30T02:19:38,111106, 143771, 100, 61
2026-06-30T02:19:39,111106, 143771, 100, 60
2026-06-30T02:19:40,111106, 143771, 100, 60
2026-06-30T02:19:41,111106, 143771, 100, 63
2026-06-30T02:19:42,111106, 143771, 100, 61
2026-06-30T02:19:43,111106, 143771, 100, 61
2026-06-30T02:19:44,111106, 143771, 98, 58
2026-06-30T02:19:46,111106, 143771, 100, 60
2026-06-30T02:19:47,111106, 143771, 100, 61
2026-06-30T02:19:48,111106, 143771, 100, 61
2026-06-30T02:19:49,111106, 143771, 100, 62
2026-06-30T02:19:50,111106, 143771, 100, 60
2026-06-30T02:19:51,111106, 143771, 100, 60
2026-06-30T02:19:52,111106, 143771, 100, 60
2026-06-30T02:19:53,111106, 143771, 100, 60
2026-06-30T02:19:54,111106, 143771, 100, 64
2026-06-30T02:19:55,111106, 143771, 100, 61
2026-06-30T02:19:56,111106, 143771, 100, 61
2026-06-30T02:19:57,111106, 143771, 97, 60
2026-06-30T02:19:58,111106, 143771, 100, 59
2026-06-30T02:19:59,111106, 143771, 100, 61
2026-06-30T02:20:00,111106, 143771, 100, 61
2026-06-30T02:20:01,111106, 143771, 100, 61
2026-06-30T02:20:02,111106, 143771, 97, 61
2026-06-30T02:20:03,111106, 143771, 100, 61
2026-06-30T02:20:04,111106, 143771, 100, 61
2026-06-30T02:20:05,111106, 143771, 100, 61
2026-06-30T02:20:06,111106, 143771, 100, 64
2026-06-30T02:20:07,111106, 143771, 100, 61
2026-06-30T02:20:08,111106, 143771, 100, 61
2026-06-30T02:20:09,111106, 143771, 100, 60
2026-06-30T02:20:10,111106, 143771, 100, 61
2026-06-30T02:20:11,111106, 143771, 100, 62
2026-06-30T02:20:12,111106, 143771, 100, 59
2026-06-30T02:20:13,111106, 143771, 100, 60
2026-06-30T02:20:14,111106, 143771, 97, 60
2026-06-30T02:20:15,111106, 143771, 100, 61
2026-06-30T02:20:16,111106, 143771, 100, 60
2026-06-30T02:20:17,111106, 143771, 100, 60
2026-06-30T02:20:18,111106, 143771, 100, 62
2026-06-30T02:20:19,111106, 143771, 100, 61
2026-06-30T02:20:20,111106, 143771, 100, 59
2026-06-30T02:20:22,111106, 143771, 100, 60
2026-06-30T02:20:23,111106, 143771, 100, 61
2026-06-30T02:20:24,111106, 143771, 100, 62
2026-06-30T02:20:25,111106, 143771, 100, 61
2026-06-30T02:20:26,111106, 143771, 100, 61
2026-06-30T02:20:27,111106, 143771, 97, 60
2026-06-30T02:20:28,111106, 143771, 100, 60
2026-06-30T02:20:29,111106, 143771, 100, 61
2026-06-30T02:20:30,111106, 143771, 100, 60
2026-06-30T02:20:31,111106, 143771, 100, 62
2026-06-30T02:20:32,111106, 143771, 100, 60
2026-06-30T02:20:33,111106, 143771, 100, 61
2026-06-30T02:20:34,111106, 143771, 100, 61
2026-06-30T02:20:35,111106, 143771, 100, 60
2026-06-30T02:20:36,111106, 143771, 100, 62
2026-06-30T02:20:37,111106, 143771, 100, 59
2026-06-30T02:20:38,111106, 143771, 100, 61
2026-06-30T02:20:39,111106, 143771, 100, 60
2026-06-30T02:20:40,111106, 143771, 100, 61
2026-06-30T02:20:41,111106, 143771, 100, 61
2026-06-30T02:20:42,111106, 143771, 100, 59
2026-06-30T02:20:43,111106, 143771, 100, 60
2026-06-30T02:20:44,111106, 143771, 100, 56
2026-06-30T02:20:45,111106, 143771, 100, 61
2026-06-30T02:20:46,111106, 143771, 100, 61
2026-06-30T02:20:47,111106, 143771, 100, 61
2026-06-30T02:20:48,111106, 143771, 100, 63
2026-06-30T02:20:49,111106, 143771, 100, 61
2026-06-30T02:20:50,111106, 143771, 100, 61
2026-06-30T02:20:51,111106, 143771, 100, 61
2026-06-30T02:20:52,111106, 143771, 100, 60
2026-06-30T02:20:53,111106, 143771, 100, 61
2026-06-30T02:20:54,111106, 143771, 100, 61
2026-06-30T02:20:55,111106, 143771, 100, 61
2026-06-30T02:20:56,111106, 143771, 98, 59
2026-06-30T02:20:58,111106, 143771, 100, 61
2026-06-30T02:20:59,111106, 143771, 100, 61
2026-06-30T02:21:00,111106, 143771, 100, 60
2026-06-30T02:21:01,111106, 143771, 100, 63
2026-06-30T02:21:02,111106, 143771, 100, 61
2026-06-30T02:21:03,111106, 143771, 100, 61
2026-06-30T02:21:04,111106, 143771, 100, 60
2026-06-30T02:21:05,111106, 143771, 100, 61
2026-06-30T02:21:06,111106, 143771, 100, 63
2026-06-30T02:21:07,111106, 143771, 100, 61
2026-06-30T02:21:08,111106, 143771, 100, 60
2026-06-30T02:21:09,111106, 143771, 99, 61
2026-06-30T02:21:10,111106, 143771, 100, 61
2026-06-30T02:21:11,111106, 143771, 100, 61
2026-06-30T02:21:12,111106, 143771, 100, 61
2026-06-30T02:21:13,111106, 143771, 100, 59
2026-06-30T02:21:14,111106, 143771, 97, 60
2026-06-30T02:21:15,111106, 143771, 100, 60
2026-06-30T02:21:16,111106, 143771, 100, 60
2026-06-30T02:21:17,111106, 143771, 100, 60
2026-06-30T02:21:18,111106, 143771, 100, 64
2026-06-30T02:21:19,111106, 143771, 100, 59
2026-06-30T02:21:20,111106, 143771, 100, 60
2026-06-30T02:21:21,111106, 143771, 100, 61
2026-06-30T02:21:22,111106, 143771, 100, 61
2026-06-30T02:21:23,111106, 143771, 100, 61
2026-06-30T02:21:24,111106, 143771, 100, 59
2026-06-30T02:21:25,111106, 143771, 100, 59
2026-06-30T02:21:26,111106, 143771, 97, 59
2026-06-30T02:21:27,111106, 143771, 100, 60
2026-06-30T02:21:28,111106, 143771, 100, 60
2026-06-30T02:21:29,111106, 143771, 100, 61
2026-06-30T02:21:30,111106, 143771, 100, 62
2026-06-30T02:21:31,111106, 143771, 100, 61
2026-06-30T02:21:32,111106, 143771, 100, 60
2026-06-30T02:21:34,111106, 143771, 100, 60
2026-06-30T02:21:35,111106, 143771, 100, 60
2026-06-30T02:21:36,111106, 143771, 100, 61
2026-06-30T02:21:37,111106, 143771, 100, 61
2026-06-30T02:21:38,111106, 143771, 100, 61
2026-06-30T02:21:39,111106, 143771, 97, 61
2026-06-30T02:21:40,111106, 143771, 100, 61
2026-06-30T02:21:41,111106, 143771, 100, 61
2026-06-30T02:21:42,111106, 143771, 100, 60
2026-06-30T02:21:43,111106, 143771, 100, 62
2026-06-30T02:21:44,111106, 143771, 100, 56
2026-06-30T02:21:45,111106, 143771, 100, 61
2026-06-30T02:21:46,111106, 143771, 100, 61
2026-06-30T02:21:47,111106, 143771, 100, 61
2026-06-30T02:21:48,111106, 143771, 100, 63
2026-06-30T02:21:49,111106, 143771, 100, 61
2026-06-30T02:21:50,111106, 143771, 100, 61
2026-06-30T02:21:51,111106, 143771, 100, 60
2026-06-30T02:21:52,111106, 143771, 100, 60
2026-06-30T02:21:53,111106, 143771, 100, 61
2026-06-30T02:21:54,111106, 143771, 100, 61
2026-06-30T02:21:55,111106, 143771, 100, 61
2026-06-30T02:21:56,111106, 143771, 98, 59
2026-06-30T02:21:57,111106, 143771, 100, 60
2026-06-30T02:21:58,111106, 143771, 100, 61
2026-06-30T02:21:59,111106, 143771, 100, 59
2026-06-30T02:22:00,111106, 143771, 100, 62
2026-06-30T02:22:01,111106, 143771, 100, 62
2026-06-30T02:22:02,111106, 143771, 100, 60
2026-06-30T02:22:03,111106, 143771, 100, 61
2026-06-30T02:22:04,111106, 143771, 100, 61
2026-06-30T02:22:05,111106, 143771, 100, 61
2026-06-30T02:22:06,111106, 143771, 100, 59
2026-06-30T02:22:07,111106, 143771, 100, 61
2026-06-30T02:22:08,111106, 143771, 100, 59
2026-06-30T02:22:10,111106, 143771, 100, 61
2026-06-30T02:22:11,111106, 143771, 100, 61
2026-06-30T02:22:12,111106, 143771, 100, 59
2026-06-30T02:22:13,111106, 143771, 100, 60
2026-06-30T02:22:14,111106, 143771, 100, 61
2026-06-30T02:22:15,111106, 143771, 100, 60
2026-06-30T02:22:16,111106, 143771, 100, 61
2026-06-30T02:22:17,111106, 143771, 100, 61
2026-06-30T02:22:18,111106, 143771, 100, 59
2026-06-30T02:22:19,111106, 143771, 100, 61
2026-06-30T02:22:20,111106, 143771, 100, 61
2026-06-30T02:22:21,111106, 143771, 100, 60
2026-06-30T02:22:22,111106, 143771, 100, 60
2026-06-30T02:22:23,111106, 143771, 100, 61
2026-06-30T02:22:24,111106, 143771, 100, 61
2026-06-30T02:22:25,111106, 143771, 100, 60
2026-06-30T02:22:26,111106, 143771, 97, 59
2026-06-30T02:22:27,111106, 143771, 100, 60
2026-06-30T02:22:28,111106, 143771, 100, 60
2026-06-30T02:22:29,111106, 143771, 100, 61
2026-06-30T02:22:30,111106, 143771, 100, 59
2026-06-30T02:22:31,111106, 143771, 100, 61
2026-06-30T02:22:32,111106, 143771, 100, 61
2026-06-30T02:22:33,111106, 143771, 100, 61
2026-06-30T02:22:34,111106, 143771, 100, 60
2026-06-30T02:22:35,111106, 143771, 100, 63
2026-06-30T02:22:36,111106, 143771, 100, 60
2026-06-30T02:22:37,111106, 143771, 100, 61
2026-06-30T02:22:38,111106, 143771, 97, 61
2026-06-30T02:22:39,111106, 143771, 100, 61
2026-06-30T02:22:40,111106, 143771, 100, 62
2026-06-30T02:22:41,111106, 143771, 100, 61
2026-06-30T02:22:42,111106, 143771, 100, 61
2026-06-30T02:22:43,111106, 143771, 100, 60
2026-06-30T02:22:44,111106, 143771, 100, 61
2026-06-30T02:22:46,111106, 143771, 100, 61
2026-06-30T02:22:47,111106, 143771, 100, 61
2026-06-30T02:22:48,111106, 143771, 100, 64
2026-06-30T02:22:49,111106, 143771, 100, 60
2026-06-30T02:22:50,111106, 143771, 100, 61
2026-06-30T02:22:51,111106, 143771, 97, 61
2026-06-30T02:22:52,111106, 143771, 100, 60
2026-06-30T02:22:53,111106, 143771, 100, 61
2026-06-30T02:22:54,111106, 143771, 100, 61
2026-06-30T02:22:55,111106, 143771, 100, 61
2026-06-30T02:22:56,111106, 143771, 97, 61
2026-06-30T02:22:57,111106, 143771, 100, 60
2026-06-30T02:22:58,111106, 143771, 100, 60
2026-06-30T02:22:59,111106, 143771, 100, 61
2026-06-30T02:23:00,111106, 143771, 100, 61
2026-06-30T02:23:01,111106, 143771, 100, 61
2026-06-30T02:23:02,111106, 143771, 100, 62
2026-06-30T02:23:03,111106, 143771, 100, 60
2026-06-30T02:23:04,111106, 143771, 100, 61
2026-06-30T02:23:05,111106, 143771, 100, 61
2026-06-30T02:23:06,111106, 143771, 100, 60
2026-06-30T02:23:07,111106, 143771, 100, 59
2026-06-30T02:23:08,111106, 143771, 97, 60
2026-06-30T02:23:09,111106, 143771, 100, 60
2026-06-30T02:23:10,111106, 143771, 100, 61
2026-06-30T02:23:11,111106, 143771, 100, 60
2026-06-30T02:23:12,111106, 143771, 100, 61
2026-06-30T02:23:13,111106, 143771, 100, 60
2026-06-30T02:23:14,111106, 143771, 100, 59
2026-06-30T02:23:15,111106, 143771, 100, 60
2026-06-30T02:23:16,111106, 143771, 100, 61
2026-06-30T02:23:17,111106, 143771, 100, 61
2026-06-30T02:23:18,111106, 143771, 100, 60
2026-06-30T02:23:19,111106, 143771, 100, 59
2026-06-30T02:23:20,111106, 143771, 100, 59
2026-06-30T02:23:22,111106, 143771, 100, 60
2026-06-30T02:23:23,111106, 143771, 100, 61
2026-06-30T02:23:24,111106, 143771, 100, 61
2026-06-30T02:23:25,111106, 143771, 100, 59
2026-06-30T02:23:26,111106, 143771, 100, 58
2026-06-30T02:23:27,111106, 143771, 100, 58
2026-06-30T02:23:28,111106, 143771, 100, 61
2026-06-30T02:23:29,111106, 143771, 100, 59
2026-06-30T02:23:30,111106, 143771, 100, 59
2026-06-30T02:23:31,111106, 143771, 100, 62
2026-06-30T02:23:32,111106, 143771, 100, 61
2026-06-30T02:23:33,111106, 143771, 100, 60
2026-06-30T02:23:34,111106, 143771, 100, 60
2026-06-30T02:23:35,111106, 143771, 100, 61
2026-06-30T02:23:36,111106, 143771, 100, 60
2026-06-30T02:23:37,111106, 143771, 100, 60
2026-06-30T02:23:38,111106, 143771, 97, 57
2026-06-30T02:23:39,111106, 143771, 100, 61
2026-06-30T02:23:40,111106, 143771, 100, 61
2026-06-30T02:23:41,111106, 143771, 100, 60
2026-06-30T02:23:42,111106, 143771, 100, 58
2026-06-30T02:23:43,111106, 143771, 100, 60
2026-06-30T02:23:44,111106, 143771, 100, 61
2026-06-30T02:23:45,111106, 143771, 100, 60
2026-06-30T02:23:46,111106, 143771, 100, 60
2026-06-30T02:23:47,111106, 143771, 100, 63
2026-06-30T02:23:48,111106, 143771, 100, 59
2026-06-30T02:23:49,111106, 143771, 100, 60
2026-06-30T02:23:50,111106, 143771, 97, 60
2026-06-30T02:23:51,111106, 143771, 100, 60
2026-06-30T02:23:52,111106, 143771, 100, 61
2026-06-30T02:23:53,111106, 143771, 100, 61
2026-06-30T02:23:54,111106, 143771, 100, 62
2026-06-30T02:23:55,111106, 143771, 100, 60
2026-06-30T02:23:56,111106, 143771, 100, 59
2026-06-30T02:23:58,111106, 143771, 100, 60
2026-06-30T02:23:59,111106, 143771, 100, 61
2026-06-30T02:24:00,111106, 143771, 100, 64
2026-06-30T02:24:01,111106, 143771, 100, 60
2026-06-30T02:24:02,111106, 143771, 100, 61
2026-06-30T02:24:03,111106, 143771, 97, 60
2026-06-30T02:24:04,111106, 143771, 100, 60
2026-06-30T02:24:05,111106, 143771, 100, 61
2026-06-30T02:24:06,111106, 143771, 100, 61
2026-06-30T02:24:07,111106, 143771, 100, 61
2026-06-30T02:24:08,111106, 143771, 97, 59
2026-06-30T02:24:09,111106, 143771, 100, 61
2026-06-30T02:24:10,111106, 143771, 100, 60
2026-06-30T02:24:11,111106, 143771, 100, 61
2026-06-30T02:24:12,111106, 143771, 100, 63
2026-06-30T02:24:13,111106, 143771, 100, 61
2026-06-30T02:24:14,111106, 143771, 100, 61
2026-06-30T02:24:15,111106, 143771, 100, 60
2026-06-30T02:24:16,111106, 143771, 100, 60
2026-06-30T02:24:17,111106, 143771, 100, 61
2026-06-30T02:24:18,111106, 143771, 100, 61
2026-06-30T02:24:19,111106, 143771, 100, 60
2026-06-30T02:24:20,111106, 143771, 100, 57
2026-06-30T02:24:21,111106, 143771, 100, 60
2026-06-30T02:24:22,111106, 143771, 100, 60
2026-06-30T02:24:23,111106, 143771, 100, 60
2026-06-30T02:24:24,111106, 143771, 100, 63
2026-06-30T02:24:25,111106, 143771, 100, 61
2026-06-30T02:24:26,111106, 143771, 100, 61
2026-06-30T02:24:27,111106, 143771, 100, 60
2026-06-30T02:24:28,111106, 143771, 100, 59
2026-06-30T02:24:29,111106, 143771, 100, 61
2026-06-30T02:24:30,111106, 143771, 100, 61
2026-06-30T02:24:31,111106, 143771, 100, 61
2026-06-30T02:24:32,111106, 143771, 98, 58
2026-06-30T02:24:34,111106, 143771, 100, 61
2026-06-30T02:24:35,111106, 143771, 100, 61
2026-06-30T02:24:36,111106, 143771, 100, 60
2026-06-30T02:24:37,111106, 143771, 100, 63
2026-06-30T02:24:38,111106, 143771, 100, 61
2026-06-30T02:24:39,111106, 143771, 100, 61
2026-06-30T02:24:40,111106, 143771, 100, 60
2026-06-30T02:24:41,111106, 143771, 100, 60
2026-06-30T02:24:42,111106, 143771, 100, 62
2026-06-30T02:24:43,111106, 143771, 100, 59
2026-06-30T02:24:44,111106, 143771, 100, 60
2026-06-30T02:24:45,111106, 143771, 100, 60
2026-06-30T02:24:46,111106, 143771, 100, 60
2026-06-30T02:24:47,111106, 143771, 100, 61
2026-06-30T02:24:48,111106, 143771, 100, 61
2026-06-30T02:24:49,111106, 143771, 100, 61
2026-06-30T02:24:50,111106, 143771, 100, 58
2026-06-30T02:24:51,111106, 143771, 100, 58
2026-06-30T02:24:52,111106, 143771, 100, 60
2026-06-30T02:24:53,111106, 143771, 100, 61
2026-06-30T02:24:54,111106, 143771, 100, 59
2026-06-30T02:24:55,111106, 143771, 100, 60
2026-06-30T02:24:56,111106, 143771, 100, 62
2026-06-30T02:24:57,111106, 143771, 100, 60
2026-06-30T02:24:58,111106, 143771, 100, 59
2026-06-30T02:24:59,111106, 143771, 100, 62
2026-06-30T02:25:00,111106, 143771, 100, 61
2026-06-30T02:25:01,111106, 143771, 100, 61
2026-06-30T02:25:02,111106, 143771, 97, 60
2026-06-30T02:25:03,111106, 143771, 100, 61
2026-06-30T02:25:04,111106, 143771, 100, 60
2026-06-30T02:25:05,111106, 143771, 100, 61
2026-06-30T02:25:06,111106, 143771, 100, 61
2026-06-30T02:25:07,111106, 143771, 100, 61
2026-06-30T02:25:08,111106, 143771, 100, 61
2026-06-30T02:25:10,111106, 143771, 100, 60
2026-06-30T02:25:11,111106, 143771, 100, 61
2026-06-30T02:25:12,111106, 143771, 100, 62
2026-06-30T02:25:13,111106, 143771, 100, 61
2026-06-30T02:25:14,111106, 143771, 100, 61
2026-06-30T02:25:15,111106, 143771, 96, 60
2026-06-30T02:25:16,111106, 143771, 100, 60
2026-06-30T02:25:17,111106, 143771, 100, 61
2026-06-30T02:25:18,111106, 143771, 100, 60
2026-06-30T02:25:19,111106, 143771, 100, 62
2026-06-30T02:25:20,111106, 143771, 100, 61
2026-06-30T02:25:21,111106, 143771, 100, 60
2026-06-30T02:25:22,111106, 143771, 100, 61
2026-06-30T02:25:23,111106, 143771, 100, 60
2026-06-30T02:25:24,111106, 143771, 100, 61
2026-06-30T02:25:25,111106, 143771, 100, 59
2026-06-30T02:25:26,111106, 143771, 100, 61
2026-06-30T02:25:27,111106, 143771, 100, 59
2026-06-30T02:25:28,111106, 143771, 100, 61
2026-06-30T02:25:29,111106, 143771, 100, 61
2026-06-30T02:25:30,111106, 143771, 100, 60
2026-06-30T02:25:31,111106, 143771, 100, 62
2026-06-30T02:25:32,111106, 143771, 100, 56
2026-06-30T02:25:33,111106, 143771, 100, 60
2026-06-30T02:25:34,111106, 143771, 100, 60
2026-06-30T02:25:35,111106, 143771, 100, 59
2026-06-30T02:25:36,111106, 143771, 100, 59
2026-06-30T02:25:37,111106, 143771, 100, 61
2026-06-30T02:25:38,111106, 143771, 100, 60
2026-06-30T02:25:39,111106, 143771, 100, 60
2026-06-30T02:25:40,111106, 143771, 100, 59
2026-06-30T02:25:41,111106, 143771, 100, 61
2026-06-30T02:25:42,111106, 143771, 100, 60
2026-06-30T02:25:43,111106, 143771, 100, 60
2026-06-30T02:25:44,111106, 143771, 100, 57
2026-06-30T02:25:45,111106, 143771, 100, 60
2026-06-30T02:25:47,111106, 143771, 100, 61
2026-06-30T02:25:48,111106, 143771, 100, 59
2026-06-30T02:25:49,111106, 143771, 100, 58
2026-06-30T02:25:50,111106, 143771, 100, 61
2026-06-30T02:25:51,111106, 143771, 100, 61
2026-06-30T02:25:52,111106, 143771, 100, 60
2026-06-30T02:25:53,111106, 143771, 100, 59
2026-06-30T02:25:54,111106, 143771, 100, 61
2026-06-30T02:25:55,111106, 143771, 100, 61
2026-06-30T02:25:56,111106, 143771, 100, 61
2026-06-30T02:25:57,111106, 143771, 97, 60
2026-06-30T02:25:58,111106, 143771, 100, 60
2026-06-30T02:25:59,111106, 143771, 100, 60
2026-06-30T02:26:00,111106, 143771, 100, 61
2026-06-30T02:26:01,111106, 143771, 100, 62
2026-06-30T02:26:02,111106, 143771, 100, 61
2026-06-30T02:26:03,111106, 143771, 100, 62
2026-06-30T02:26:04,111106, 143771, 100, 61
2026-06-30T02:26:05,111106, 143771, 100, 61
2026-06-30T02:26:06,111106, 143771, 100, 61
2026-06-30T02:26:07,111106, 143771, 100, 61
2026-06-30T02:26:08,111106, 143771, 100, 61
2026-06-30T02:26:09,111106, 143771, 97, 59
2026-06-30T02:26:10,111106, 143771, 100, 60
2026-06-30T02:26:11,111106, 143771, 100, 60
2026-06-30T02:26:12,111106, 143771, 100, 60
2026-06-30T02:26:13,111106, 143771, 100, 61
2026-06-30T02:26:14,111106, 143771, 99, 61
2026-06-30T02:26:15,111106, 143771, 100, 60
2026-06-30T02:26:16,111106, 143771, 100, 60
2026-06-30T02:26:17,111106, 143771, 100, 61
2026-06-30T02:26:18,111106, 143771, 100, 63
2026-06-30T02:26:19,111106, 143771, 100, 60
2026-06-30T02:26:20,111106, 143771, 100, 60
2026-06-30T02:26:22,111106, 143771, 100, 61
2026-06-30T02:26:23,111106, 143771, 100, 60
2026-06-30T02:26:24,111106, 143771, 100, 61
2026-06-30T02:26:25,111106, 143771, 100, 61
2026-06-30T02:26:26,111106, 143771, 100, 61
2026-06-30T02:26:27,111106, 143771, 98, 58
2026-06-30T02:26:28,111106, 143771, 100, 59
2026-06-30T02:26:29,111106, 143771, 100, 60
2026-06-30T02:26:30,111106, 143771, 100, 61
2026-06-30T02:26:31,111106, 143771, 100, 64
2026-06-30T02:26:32,111106, 143771, 100, 61
2026-06-30T02:26:33,111106, 143771, 100, 61
2026-06-30T02:26:34,111106, 143771, 100, 60
2026-06-30T02:26:35,111106, 143771, 100, 60
2026-06-30T02:26:36,111106, 143771, 100, 63
2026-06-30T02:26:37,111106, 143771, 100, 61
2026-06-30T02:26:38,111106, 143771, 100, 61
2026-06-30T02:26:39,111106, 143771, 100, 59
2026-06-30T02:26:40,111106, 143771, 100, 61
2026-06-30T02:26:41,111106, 143771, 100, 61
2026-06-30T02:26:42,111106, 143771, 100, 59
2026-06-30T02:26:43,111106, 143771, 100, 58
2026-06-30T02:26:44,111106, 143771, 100, 61
2026-06-30T02:26:45,111106, 143771, 100, 60
2026-06-30T02:26:46,111106, 143771, 100, 60
2026-06-30T02:26:47,111106, 143771, 100, 60
2026-06-30T02:26:48,111106, 143771, 100, 62
2026-06-30T02:26:49,111106, 143771, 100, 60
2026-06-30T02:26:50,111106, 143771, 100, 61
2026-06-30T02:26:51,111106, 143771, 100, 61
2026-06-30T02:26:52,111106, 143771, 100, 59
2026-06-30T02:26:53,111106, 143771, 100, 61
2026-06-30T02:26:54,111106, 143771, 100, 61
2026-06-30T02:26:55,111106, 143771, 100, 60
2026-06-30T02:26:56,111106, 143771, 100, 59
2026-06-30T02:26:58,111106, 143771, 100, 59
2026-06-30T02:26:59,111106, 143771, 100, 61
2026-06-30T02:27:00,111106, 143771, 100, 61
2026-06-30T02:27:01,111106, 143771, 100, 59
2026-06-30T02:27:02,111106, 143771, 100, 61
2026-06-30T02:27:03,111106, 143771, 100, 61
2026-06-30T02:27:04,111106, 143771, 100, 61
2026-06-30T02:27:05,111106, 143771, 100, 61
2026-06-30T02:27:06,111106, 143771, 100, 61
2026-06-30T02:27:07,111106, 143771, 100, 61
2026-06-30T02:27:08,111106, 143771, 100, 61
2026-06-30T02:27:09,111106, 143771, 97, 60
2026-06-30T02:27:10,111106, 143771, 100, 60
2026-06-30T02:27:11,111106, 143771, 100, 61
2026-06-30T02:27:12,111106, 143771, 100, 59
2026-06-30T02:27:13,111106, 143771, 100, 62
2026-06-30T02:27:14,111106, 143771, 100, 61
2026-06-30T02:27:15,111106, 143771, 100, 61
2026-06-30T02:27:16,111106, 143771, 100, 60
2026-06-30T02:27:17,111106, 143771, 100, 58
2026-06-30T02:27:18,111106, 143771, 100, 61
2026-06-30T02:27:19,111106, 143771, 100, 60
2026-06-30T02:27:20,111106, 143771, 100, 61
2026-06-30T02:27:21,111106, 143771, 97, 60
2026-06-30T02:27:22,111106, 143771, 100, 60
2026-06-30T02:27:23,111106, 143771, 100, 61
2026-06-30T02:27:24,111106, 143771, 100, 59
2026-06-30T02:27:25,111106, 143771, 100, 61
2026-06-30T02:27:26,111106, 143771, 100, 57
2026-06-30T02:27:27,111106, 143771, 100, 60
2026-06-30T02:27:28,111106, 143771, 100, 60
2026-06-30T02:27:29,111106, 143771, 100, 61
2026-06-30T02:27:30,111106, 143771, 100, 63
2026-06-30T02:27:31,111106, 143771, 100, 60
2026-06-30T02:27:32,111106, 143771, 100, 61
2026-06-30T02:27:34,111106, 143771, 100, 61
2026-06-30T02:27:35,111106, 143771, 100, 60
2026-06-30T02:27:36,111106, 143771, 100, 61
2026-06-30T02:27:37,111106, 143771, 100, 61
2026-06-30T02:27:38,111106, 143771, 100, 61
2026-06-30T02:27:39,111106, 143771, 99, 58
2026-06-30T02:27:40,111106, 143771, 100, 59
2026-06-30T02:27:41,111106, 143771, 100, 60
2026-06-30T02:27:42,111106, 143771, 100, 61
2026-06-30T02:27:43,111106, 143771, 100, 63
2026-06-30T02:27:44,111106, 143771, 100, 61
2026-06-30T02:27:45,111106, 143771, 100, 61
2026-06-30T02:27:46,111106, 143771, 100, 60
2026-06-30T02:27:47,111106, 143771, 100, 59
2026-06-30T02:27:48,111106, 143771, 100, 61
2026-06-30T02:27:49,111106, 143771, 100, 60
2026-06-30T02:27:50,111106, 143771, 100, 60
2026-06-30T02:27:51,111106, 143771, 100, 59
2026-06-30T02:27:52,111106, 143771, 100, 60
2026-06-30T02:27:53,111106, 143771, 100, 61
2026-06-30T02:27:54,111106, 143771, 100, 60
2026-06-30T02:27:55,111106, 143771, 100, 60
2026-06-30T02:27:56,111106, 143771, 100, 59
2026-06-30T02:27:57,111106, 143771, 100, 60
2026-06-30T02:27:58,111106, 143771, 100, 61
2026-06-30T02:27:59,111106, 143771, 100, 61
2026-06-30T02:28:00,111106, 143771, 100, 60
2026-06-30T02:28:01,111106, 143771, 100, 60
2026-06-30T02:28:02,111106, 143771, 100, 60
2026-06-30T02:28:03,111106, 143771, 100, 60
2026-06-30T02:28:04,111106, 143771, 100, 61
2026-06-30T02:28:05,111106, 143771, 100, 60
2026-06-30T02:28:06,111106, 143771, 100, 60
2026-06-30T02:28:07,111106, 143771, 100, 60
2026-06-30T02:28:08,111106, 143771, 97, 59
2026-06-30T02:28:10,111106, 143771, 100, 61
2026-06-30T02:28:11,111106, 143771, 100, 60
2026-06-30T02:28:12,111106, 143771, 100, 61
2026-06-30T02:28:13,111106, 143771, 100, 62
2026-06-30T02:28:14,111106, 143771, 100, 61
2026-06-30T02:28:15,111106, 143771, 100, 59
2026-06-30T02:28:16,111106, 143771, 100, 60
2026-06-30T02:28:17,111106, 143771, 100, 61
2026-06-30T02:28:18,111106, 143771, 100, 61
2026-06-30T02:28:19,111106, 143771, 100, 61
2026-06-30T02:28:20,111106, 143771, 100, 60
2026-06-30T02:28:21,111106, 143771, 97, 59
2026-06-30T02:28:22,111106, 143771, 100, 59
2026-06-30T02:28:23,111106, 143771, 100, 61
2026-06-30T02:28:24,111106, 143771, 100, 60
2026-06-30T02:28:25,111106, 143771, 100, 62
2026-06-30T02:28:26,111106, 143771, 100, 60
2026-06-30T02:28:27,111106, 143771, 100, 61
2026-06-30T02:28:28,111106, 143771, 100, 60
2026-06-30T02:28:29,111106, 143771, 100, 59
2026-06-30T02:28:30,111106, 143771, 100, 61
2026-06-30T02:28:31,111106, 143771, 100, 60
2026-06-30T02:28:32,111106, 143771, 100, 61
2026-06-30T02:28:33,111106, 143771, 100, 60
2026-06-30T02:28:34,111106, 143771, 100, 60
2026-06-30T02:28:35,111106, 143771, 100, 60
2026-06-30T02:28:36,111106, 143771, 100, 59
2026-06-30T02:28:37,111106, 143771, 100, 62
2026-06-30T02:28:38,111106, 143771, 100, 56
2026-06-30T02:28:39,111106, 143771, 100, 61
2026-06-30T02:28:40,111106, 143771, 100, 61
2026-06-30T02:28:41,111106, 143771, 100, 61
2026-06-30T02:28:42,111106, 143771, 100, 63
2026-06-30T02:28:43,111106, 143771, 100, 59
2026-06-30T02:28:44,111106, 143771, 100, 60
2026-06-30T02:28:46,111106, 143771, 100, 61
2026-06-30T02:28:47,111106, 143771, 100, 59
2026-06-30T02:28:48,111106, 143771, 100, 61
2026-06-30T02:28:49,111106, 143771, 100, 61
2026-06-30T02:28:50,111106, 143771, 100, 60
2026-06-30T02:28:51,111106, 143771, 99, 58
2026-06-30T02:28:52,111106, 143771, 100, 59
2026-06-30T02:28:53,111106, 143771, 100, 60
2026-06-30T02:28:54,111106, 143771, 100, 61
2026-06-30T02:28:55,111106, 143771, 100, 64
2026-06-30T02:28:56,111106, 143771, 100, 61
2026-06-30T02:28:57,111106, 143771, 100, 60
2026-06-30T02:28:58,111106, 143771, 100, 60
2026-06-30T02:28:59,111106, 143771, 100, 60
2026-06-30T02:29:00,111106, 143771, 100, 63
2026-06-30T02:29:01,111106, 143771, 100, 61
2026-06-30T02:29:02,111106, 143771, 100, 61
2026-06-30T02:29:03,111106, 143771, 99, 59
2026-06-30T02:29:04,111106, 143771, 100, 60
2026-06-30T02:29:05,111106, 143771, 100, 62
2026-06-30T02:29:06,111106, 143771, 100, 59
2026-06-30T02:29:07,111106, 143771, 100, 60
2026-06-30T02:29:08,111106, 143771, 100, 60
2026-06-30T02:29:09,111106, 143771, 100, 60
2026-06-30T02:29:10,111106, 143771, 100, 60
2026-06-30T02:29:11,111106, 143771, 100, 61
2026-06-30T02:29:12,111106, 143771, 100, 61
2026-06-30T02:29:13,111106, 143771, 100, 61
2026-06-30T02:29:14,111106, 143771, 100, 61
2026-06-30T02:29:15,111106, 143771, 100, 60
2026-06-30T02:29:16,111106, 143771, 100, 60
2026-06-30T02:29:17,111106, 143771, 100, 61
2026-06-30T02:29:18,111106, 143771, 100, 61
2026-06-30T02:29:19,111106, 143771, 100, 61
2026-06-30T02:29:20,111106, 143771, 97, 59
2026-06-30T02:29:22,111106, 143771, 100, 60
2026-06-30T02:29:23,111106, 143771, 100, 61
2026-06-30T02:29:24,111106, 143771, 100, 61
2026-06-30T02:29:25,111106, 143771, 100, 60
2026-06-30T02:29:26,111106, 143771, 100, 60
2026-06-30T02:29:27,111106, 143771, 100, 61
2026-06-30T02:29:28,111106, 143771, 100, 60
2026-06-30T02:29:29,111106, 143771, 100, 58
2026-06-30T02:29:30,111106, 143771, 100, 61
2026-06-30T02:29:31,111106, 143771, 100, 61
2026-06-30T02:29:32,111106, 143771, 100, 60
2026-06-30T02:29:33,111106, 143771, 97, 60
2026-06-30T02:29:34,111106, 143771, 100, 61
2026-06-30T02:29:35,111106, 143771, 100, 61
2026-06-30T02:29:36,111106, 143771, 100, 60
2026-06-30T02:29:37,111106, 143771, 100, 61
2026-06-30T02:29:38,111106, 143771, 100, 61
2026-06-30T02:29:39,111106, 143771, 100, 60
2026-06-30T02:29:40,111106, 143771, 100, 61
2026-06-30T02:29:41,111106, 143771, 100, 59
2026-06-30T02:29:42,111106, 143771, 100, 61
2026-06-30T02:29:43,111106, 143771, 100, 61
2026-06-30T02:29:44,111106, 143771, 100, 61
2026-06-30T02:29:45,111106, 143771, 97, 60
2026-06-30T02:29:46,111106, 143771, 100, 61
2026-06-30T02:29:47,111106, 143771, 100, 62
2026-06-30T02:29:48,111106, 143771, 100, 60
2026-06-30T02:29:49,111106, 143771, 100, 62
2026-06-30T02:29:50,111106, 143771, 100, 57
2026-06-30T02:29:51,111106, 143771, 100, 60
2026-06-30T02:29:52,111106, 143771, 100, 61
2026-06-30T02:29:53,111106, 143771, 100, 59
2026-06-30T02:29:54,111106, 143771, 100, 59
2026-06-30T02:29:55,111106, 143771, 100, 61
2026-06-30T02:29:56,111106, 143771, 100, 61
2026-06-30T02:29:58,111106, 143771, 100, 61
2026-06-30T02:29:59,111106, 143771, 100, 60
2026-06-30T02:30:00,111106, 143771, 100, 61
2026-06-30T02:30:01,111106, 143771, 100, 60
2026-06-30T02:30:02,111106, 143771, 100, 61
2026-06-30T02:30:03,111106, 143771, 100, 60
2026-06-30T02:30:04,111106, 143771, 100, 61
2026-06-30T02:30:05,111106, 143771, 100, 61
2026-06-30T02:30:06,111106, 143771, 100, 60
2026-06-30T02:30:07,111106, 143771, 100, 62
2026-06-30T02:30:08,111106, 143771, 100, 61
2026-06-30T02:30:09,111106, 143771, 100, 60
2026-06-30T02:30:10,111106, 143771, 99, 61
2026-06-30T02:30:11,111106, 143771, 100, 60
2026-06-30T02:30:12,111106, 143771, 100, 61
2026-06-30T02:30:13,111106, 143771, 100, 60
2026-06-30T02:30:14,111106, 143771, 100, 61
2026-06-30T02:30:15,111106, 143771, 96, 61
2026-06-30T02:30:16,111106, 143771, 100, 60
2026-06-30T02:30:17,111106, 143771, 100, 61
2026-06-30T02:30:18,111106, 143771, 100, 61
2026-06-30T02:30:19,111106, 143771, 100, 61
2026-06-30T02:30:20,111106, 143771, 100, 61
2026-06-30T02:30:21,111106, 143771, 100, 62
2026-06-30T02:30:22,111106, 143771, 100, 61
2026-06-30T02:30:23,111106, 143771, 100, 59
2026-06-30T02:30:24,111106, 143771, 100, 60
2026-06-30T02:30:25,111106, 143771, 100, 61
2026-06-30T02:30:26,111106, 143771, 100, 61
2026-06-30T02:30:27,111106, 143771, 97, 59
2026-06-30T02:30:28,111106, 143771, 100, 61
2026-06-30T02:30:29,111106, 143771, 100, 61
2026-06-30T02:30:30,111106, 143771, 100, 60
2026-06-30T02:30:31,111106, 143771, 100, 64
2026-06-30T02:30:32,111106, 143771, 100, 61
2026-06-30T02:30:34,111106, 143771, 100, 60
2026-06-30T02:30:35,111106, 143771, 100, 61
2026-06-30T02:30:36,111106, 143771, 100, 61
2026-06-30T02:30:37,111106, 143771, 100, 64
2026-06-30T02:30:38,111106, 143771, 100, 60
2026-06-30T02:30:39,111106, 143771, 100, 61
2026-06-30T02:30:40,111106, 143771, 97, 56
2026-06-30T02:30:41,111106, 143771, 100, 59
2026-06-30T02:30:42,111106, 143771, 100, 61
2026-06-30T02:30:43,111106, 143771, 100, 60
2026-06-30T02:30:44,111106, 143771, 100, 62
2026-06-30T02:30:45,111106, 143771, 100, 61
2026-06-30T02:30:46,111106, 143771, 100, 59
2026-06-30T02:30:47,111106, 143771, 100, 61
2026-06-30T02:30:48,111106, 143771, 100, 61
2026-06-30T02:30:49,111106, 143771, 100, 64
2026-06-30T02:30:50,111106, 143771, 100, 59
2026-06-30T02:30:51,111106, 143771, 100, 61
2026-06-30T02:30:52,111106, 143771, 97, 60
2026-06-30T02:30:53,111106, 143771, 100, 62
2026-06-30T02:30:54,111106, 143771, 100, 61
2026-06-30T02:30:55,111106, 143771, 100, 59
2026-06-30T02:30:56,111106, 143771, 100, 61
2026-06-30T02:30:57,111106, 143771, 100, 61
2026-06-30T02:30:58,111106, 143771, 100, 61
2026-06-30T02:30:59,111106, 143771, 100, 61
2026-06-30T02:31:00,111106, 143771, 100, 61
2026-06-30T02:31:01,111106, 143771, 100, 61
2026-06-30T02:31:02,111106, 143771, 100, 60
2026-06-30T02:31:03,111106, 143771, 100, 61
2026-06-30T02:31:04,111106, 143771, 100, 60
2026-06-30T02:31:05,111106, 143771, 100, 61
2026-06-30T02:31:06,111106, 143771, 100, 62
2026-06-30T02:31:07,111106, 143771, 100, 60
2026-06-30T02:31:09,111106, 143771, 100, 60
2026-06-30T02:31:10,111106, 143771, 100, 57
2026-06-30T02:31:11,111106, 143771, 100, 61
2026-06-30T02:31:12,111106, 143771, 100, 61
2026-06-30T02:31:13,111106, 143771, 100, 59
2026-06-30T02:31:14,111106, 143771, 100, 59
2026-06-30T02:31:15,111106, 143771, 100, 61
2026-06-30T02:31:16,111106, 143771, 100, 61
2026-06-30T02:31:17,111106, 143771, 100, 61
2026-06-30T02:31:18,111106, 143771, 100, 59
2026-06-30T02:31:19,111106, 143771, 100, 61
2026-06-30T02:31:20,111106, 143771, 100, 61
2026-06-30T02:31:21,111106, 143771, 100, 60
2026-06-30T02:31:22,111106, 143771, 97, 59
2026-06-30T02:31:23,111106, 143771, 100, 61
2026-06-30T02:31:24,111106, 143771, 100, 61
2026-06-30T02:31:25,111106, 143771, 100, 61
2026-06-30T02:31:26,111106, 143771, 100, 61
2026-06-30T02:31:27,111106, 143771, 100, 62
2026-06-30T02:31:28,111106, 143771, 100, 62
2026-06-30T02:31:29,111106, 143771, 100, 61
2026-06-30T02:31:30,111106, 143771, 100, 60
2026-06-30T02:31:31,111106, 143771, 100, 61
2026-06-30T02:31:32,111106, 143771, 100, 61
2026-06-30T02:31:33,111106, 143771, 100, 60
2026-06-30T02:31:34,111106, 143771, 97, 60
2026-06-30T02:31:35,111106, 143771, 100, 58
2026-06-30T02:31:36,111106, 143771, 100, 61
2026-06-30T02:31:37,111106, 143771, 100, 60
2026-06-30T02:31:38,111106, 143771, 100, 62
2026-06-30T02:31:39,111106, 143771, 100, 61
2026-06-30T02:31:40,111106, 143771, 100, 61
2026-06-30T02:31:41,111106, 143771, 100, 61
2026-06-30T02:31:42,111106, 143771, 100, 59
2026-06-30T02:31:43,111106, 143771, 100, 61
2026-06-30T02:31:45,111106, 143771, 100, 60
2026-06-30T02:31:46,111106, 143771, 100, 61
2026-06-30T02:31:47,111106, 143771, 97, 60
2026-06-30T02:31:48,111106, 143771, 100, 61
2026-06-30T02:31:49,111106, 143771, 100, 61
2026-06-30T02:31:50,111106, 143771, 100, 61
2026-06-30T02:31:51,111106, 143771, 100, 62
2026-06-30T02:31:52,111106, 143771, 100, 57
2026-06-30T02:31:53,111106, 143771, 100, 61
2026-06-30T02:31:54,111106, 143771, 100, 61
2026-06-30T02:31:55,111106, 143771, 100, 61
2026-06-30T02:31:56,111106, 143771, 100, 60
2026-06-30T02:31:57,111106, 143771, 100, 61
2026-06-30T02:31:58,111106, 143771, 100, 61
2026-06-30T02:31:59,111106, 143771, 100, 61
2026-06-30T02:32:00,111106, 143771, 100, 59
2026-06-30T02:32:01,111106, 143771, 100, 61
2026-06-30T02:32:02,111106, 143771, 100, 60
2026-06-30T02:32:03,111106, 143771, 100, 60
2026-06-30T02:32:04,111106, 143771, 100, 59
2026-06-30T02:32:05,111106, 143771, 100, 60
2026-06-30T02:32:06,111106, 143771, 100, 60
2026-06-30T02:32:07,111106, 143771, 100, 61
2026-06-30T02:32:08,111106, 143771, 100, 62
2026-06-30T02:32:09,111106, 143771, 100, 61
2026-06-30T02:32:10,111106, 143771, 100, 60
2026-06-30T02:32:11,111106, 143771, 100, 60
2026-06-30T02:32:12,111106, 143771, 100, 60
2026-06-30T02:32:13,111106, 143771, 100, 61
2026-06-30T02:32:14,111106, 143771, 100, 59
2026-06-30T02:32:15,111106, 143771, 100, 60
2026-06-30T02:32:16,111106, 143771, 97, 60
2026-06-30T02:32:17,111106, 143771, 100, 61
2026-06-30T02:32:18,111106, 143771, 100, 61
2026-06-30T02:32:19,111106, 143771, 100, 59
2026-06-30T02:32:21,111106, 143771, 100, 62
2026-06-30T02:32:22,111106, 143771, 100, 60
2026-06-30T02:32:23,111106, 143771, 100, 61
2026-06-30T02:32:24,111106, 143771, 100, 61
2026-06-30T02:32:25,111106, 143771, 100, 61
2026-06-30T02:32:26,111106, 143771, 100, 61
2026-06-30T02:32:27,111106, 143771, 100, 61
2026-06-30T02:32:28,111106, 143771, 100, 61
2026-06-30T02:32:29,111106, 143771, 97, 59
2026-06-30T02:32:30,111106, 143771, 100, 60
2026-06-30T02:32:31,111106, 143771, 100, 61
2026-06-30T02:32:32,111106, 143771, 100, 60
2026-06-30T02:32:33,111106, 143771, 100, 64
2026-06-30T02:32:34,111106, 143771, 100, 61
2026-06-30T02:32:35,111106, 143771, 100, 60
2026-06-30T02:32:36,111106, 143771, 100, 61
2026-06-30T02:32:37,111106, 143771, 100, 60
2026-06-30T02:32:38,111106, 143771, 100, 65
2026-06-30T02:32:39,111106, 143771, 100, 60
2026-06-30T02:32:40,111106, 143771, 100, 61
2026-06-30T02:32:41,111106, 143771, 97, 56
2026-06-30T02:32:42,111106, 143771, 100, 60
2026-06-30T02:32:43,111106, 143771, 100, 60
2026-06-30T02:32:44,111106, 143771, 100, 60
2026-06-30T02:32:45,111106, 143771, 100, 61
2026-06-30T02:32:46,111106, 143771, 100, 61
2026-06-30T02:32:47,111106, 143771, 100, 61
2026-06-30T02:32:48,111106, 143771, 100, 61
2026-06-30T02:32:49,111106, 143771, 100, 61
2026-06-30T02:32:50,111106, 143771, 100, 61
2026-06-30T02:32:51,111106, 143771, 100, 61
2026-06-30T02:32:52,111106, 143771, 100, 61
2026-06-30T02:32:53,111106, 143771, 97, 60
2026-06-30T02:32:54,111106, 143771, 100, 60
2026-06-30T02:32:55,111106, 143771, 100, 61
2026-06-30T02:32:57,111106, 143771, 100, 61
2026-06-30T02:32:58,111106, 143771, 100, 62
2026-06-30T02:32:59,111106, 143771, 100, 59
2026-06-30T02:33:00,111106, 143771, 100, 59
2026-06-30T02:33:01,111106, 143771, 100, 60
2026-06-30T02:33:02,111106, 143771, 100, 61
2026-06-30T02:33:03,111106, 143771, 100, 62
2026-06-30T02:33:04,111106, 143771, 100, 59
2026-06-30T02:33:05,111106, 143771, 100, 60
2026-06-30T02:33:06,111106, 143771, 100, 59
2026-06-30T02:33:07,111106, 143771, 100, 61
2026-06-30T02:33:08,111106, 143771, 100, 61
2026-06-30T02:33:09,111106, 143771, 100, 61
2026-06-30T02:33:10,111106, 143771, 100, 63
2026-06-30T02:33:11,111106, 143771, 100, 60
2026-06-30T02:33:12,111106, 143771, 100, 59
2026-06-30T02:33:13,111106, 143771, 100, 60
2026-06-30T02:33:14,111106, 143771, 100, 61
2026-06-30T02:33:15,111106, 143771, 100, 64
2026-06-30T02:33:16,111106, 143771, 100, 59
2026-06-30T02:33:17,111106, 143771, 100, 60
2026-06-30T02:33:18,111106, 143771, 97, 60
2026-06-30T02:33:19,111106, 143771, 100, 61
2026-06-30T02:33:20,111106, 143771, 100, 61
2026-06-30T02:33:21,111106, 143771, 100, 61
2026-06-30T02:33:22,111106, 143771, 100, 61
2026-06-30T02:33:23,111106, 143771, 100, 61
2026-06-30T02:33:24,111106, 143771, 100, 62
2026-06-30T02:33:25,111106, 143771, 100, 61
2026-06-30T02:33:26,111106, 143771, 100, 59
2026-06-30T02:33:27,111106, 143771, 100, 61
2026-06-30T02:33:28,111106, 143771, 100, 61
2026-06-30T02:33:29,111106, 143771, 100, 61
2026-06-30T02:33:30,111106, 143771, 97, 60
2026-06-30T02:33:32,111106, 143771, 100, 60
2026-06-30T02:33:33,111106, 143771, 100, 61
2026-06-30T02:33:34,111106, 143771, 100, 61
2026-06-30T02:33:35,111106, 143771, 100, 62
2026-06-30T02:33:36,111106, 143771, 100, 57
2026-06-30T02:33:37,111106, 143771, 100, 61
2026-06-30T02:33:38,111106, 143771, 100, 61
2026-06-30T02:33:39,111106, 143771, 100, 61
2026-06-30T02:33:40,111106, 143771, 100, 59
2026-06-30T02:33:41,111106, 143771, 100, 61
2026-06-30T02:33:42,111106, 143771, 100, 61
2026-06-30T02:33:43,111106, 143771, 100, 61
2026-06-30T02:33:44,111106, 143771, 100, 60
2026-06-30T02:33:45,111106, 143771, 100, 61
2026-06-30T02:33:46,111106, 143771, 100, 61
2026-06-30T02:33:47,111106, 143771, 100, 60
2026-06-30T02:33:48,111106, 143771, 100, 59
2026-06-30T02:33:49,111106, 143771, 100, 60
2026-06-30T02:33:50,111106, 143771, 100, 61
2026-06-30T02:33:51,111106, 143771, 100, 61
2026-06-30T02:33:52,111106, 143771, 100, 61
2026-06-30T02:33:53,111106, 143771, 100, 60
2026-06-30T02:33:54,111106, 143771, 100, 59
2026-06-30T02:33:55,111106, 143771, 100, 61
2026-06-30T02:33:56,111106, 143771, 100, 62
2026-06-30T02:33:57,111106, 143771, 100, 61
2026-06-30T02:33:58,111106, 143771, 100, 61
2026-06-30T02:33:59,111106, 143771, 100, 59
2026-06-30T02:34:00,111106, 143771, 97, 60
2026-06-30T02:34:01,111106, 143771, 100, 61
2026-06-30T02:34:02,111106, 143771, 100, 61
2026-06-30T02:34:03,111106, 143771, 100, 60
2026-06-30T02:34:04,111106, 143771, 100, 62
2026-06-30T02:34:05,111106, 143771, 100, 61
2026-06-30T02:34:06,111106, 143771, 100, 62
2026-06-30T02:34:08,111106, 143771, 100, 61
2026-06-30T02:34:09,111106, 143771, 100, 61
2026-06-30T02:34:10,111106, 143771, 100, 61
2026-06-30T02:34:11,111106, 143771, 100, 61
2026-06-30T02:34:12,111106, 143771, 100, 61
2026-06-30T02:34:13,111106, 143771, 97, 59
2026-06-30T02:34:14,111106, 143771, 100, 61
2026-06-30T02:34:15,111106, 143771, 100, 61
2026-06-30T02:34:16,111106, 143771, 100, 59
2026-06-30T02:34:17,111106, 143771, 100, 63
2026-06-30T02:34:18,111106, 143771, 100, 61
2026-06-30T02:34:19,111106, 143771, 100, 61
2026-06-30T02:34:20,111106, 143771, 100, 61
2026-06-30T02:34:21,111106, 143771, 100, 61
2026-06-30T02:34:22,111106, 143771, 100, 61
2026-06-30T02:34:23,111106, 143771, 100, 60
2026-06-30T02:34:24,111106, 143771, 100, 61
2026-06-30T02:34:25,111106, 143771, 97, 56
2026-06-30T02:34:26,111106, 143771, 100, 59
2026-06-30T02:34:27,111106, 143771, 100, 61
2026-06-30T02:34:28,111106, 143771, 100, 60
2026-06-30T02:34:29,111106, 143771, 100, 61
2026-06-30T02:34:30,111106, 143771, 100, 59
2026-06-30T02:34:31,111106, 143771, 100, 61
2026-06-30T02:34:32,111106, 143771, 100, 60
2026-06-30T02:34:33,111106, 143771, 100, 61
2026-06-30T02:34:34,111106, 143771, 100, 61
2026-06-30T02:34:35,111106, 143771, 100, 61
2026-06-30T02:34:36,111106, 143771, 100, 61
2026-06-30T02:34:37,111106, 143771, 97, 60
2026-06-30T02:34:38,111106, 143771, 100, 59
2026-06-30T02:34:39,111106, 143771, 100, 61
2026-06-30T02:34:40,111106, 143771, 100, 61
2026-06-30T02:34:41,111106, 143771, 100, 63
2026-06-30T02:34:42,111106, 143771, 100, 61
2026-06-30T02:34:44,111106, 143771, 100, 60
2026-06-30T02:34:45,111106, 143771, 100, 61
2026-06-30T02:34:46,111106, 143771, 100, 61
2026-06-30T02:34:47,111106, 143771, 100, 61
2026-06-30T02:34:48,111106, 143771, 100, 61
2026-06-30T02:34:49,111106, 143771, 100, 61
2026-06-30T02:34:50,111106, 143771, 98, 59
2026-06-30T02:34:51,111106, 143771, 100, 61
2026-06-30T02:34:52,111106, 143771, 100, 62
2026-06-30T02:34:53,111106, 143771, 100, 60
2026-06-30T02:34:54,111106, 143771, 100, 61
2026-06-30T02:34:55,111106, 143771, 100, 60
2026-06-30T02:34:56,111106, 143771, 100, 61
2026-06-30T02:34:57,111106, 143771, 100, 60
2026-06-30T02:34:58,111106, 143771, 100, 58
2026-06-30T02:34:59,111106, 143771, 100, 64
2026-06-30T02:35:00,111106, 143771, 100, 61
2026-06-30T02:35:01,111106, 143771, 100, 61
2026-06-30T02:35:02,111106, 143771, 100, 61
2026-06-30T02:35:03,111106, 143771, 100, 62
2026-06-30T02:35:04,111106, 143771, 100, 62
2026-06-30T02:35:05,111106, 143771, 100, 60
2026-06-30T02:35:06,111106, 143771, 100, 59
2026-06-30T02:35:07,111106, 143771, 100, 61
2026-06-30T02:35:08,111106, 143771, 100, 61
2026-06-30T02:35:09,111106, 143771, 100, 61
2026-06-30T02:35:10,111106, 143771, 100, 60
2026-06-30T02:35:11,111106, 143771, 100, 65
2026-06-30T02:35:12,111106, 143771, 100, 61
2026-06-30T02:35:13,111106, 143771, 100, 62
2026-06-30T02:35:14,111106, 143771, 97, 60
2026-06-30T02:35:15,111106, 143771, 100, 61
2026-06-30T02:35:16,111106, 143771, 100, 61
2026-06-30T02:35:17,111106, 143771, 100, 61
2026-06-30T02:35:18,111106, 143771, 100, 61
2026-06-30T02:35:19,111106, 143771, 100, 61
2026-06-30T02:35:21,111106, 143771, 100, 61
2026-06-30T02:35:22,111106, 143771, 100, 61
2026-06-30T02:35:23,111106, 143771, 100, 60
2026-06-30T02:35:24,111106, 143771, 100, 61
2026-06-30T02:35:25,111106, 143771, 100, 60
2026-06-30T02:35:26,111106, 143771, 100, 61
2026-06-30T02:35:27,111106, 143771, 100, 60
2026-06-30T02:35:28,111106, 143771, 100, 61
2026-06-30T02:35:29,111106, 143771, 100, 61
2026-06-30T02:35:30,111106, 143771, 100, 61
2026-06-30T02:35:31,111106, 143771, 100, 63
2026-06-30T02:35:32,111106, 143771, 100, 57
2026-06-30T02:35:33,111106, 143771, 100, 61
2026-06-30T02:35:34,111106, 143771, 100, 61
2026-06-30T02:35:35,111106, 143771, 100, 59
2026-06-30T02:35:36,111106, 143771, 100, 59
2026-06-30T02:35:37,111106, 143771, 100, 61
2026-06-30T02:35:38,111106, 143771, 100, 61
2026-06-30T02:35:39,111106, 143771, 100, 61
2026-06-30T02:35:40,111106, 143771, 100, 60
2026-06-30T02:35:41,111106, 143771, 100, 61
2026-06-30T02:35:42,111106, 143771, 100, 61
2026-06-30T02:35:43,111106, 143771, 100, 60
2026-06-30T02:35:44,111106, 143771, 97, 60
2026-06-30T02:35:45,111106, 143771, 100, 61
2026-06-30T02:35:46,111106, 143771, 100, 61
2026-06-30T02:35:47,111106, 143771, 100, 61
2026-06-30T02:35:48,111106, 143771, 100, 60
2026-06-30T02:35:49,111106, 143771, 100, 61
2026-06-30T02:35:50,111106, 143771, 100, 59
2026-06-30T02:35:51,111106, 143771, 100, 61
2026-06-30T02:35:52,111106, 143771, 100, 61
2026-06-30T02:35:53,111106, 143771, 100, 61
2026-06-30T02:35:54,111106, 143771, 100, 60
2026-06-30T02:35:55,111106, 143771, 100, 59
2026-06-30T02:35:57,111106, 143771, 97, 59
2026-06-30T02:35:58,111106, 143771, 100, 61
2026-06-30T02:35:59,111106, 143771, 100, 61
2026-06-30T02:36:00,111106, 143771, 100, 60
2026-06-30T02:36:01,111106, 143771, 100, 61
2026-06-30T02:36:02,111106, 143771, 100, 61
2026-06-30T02:36:03,111106, 143771, 100, 61
2026-06-30T02:36:04,111106, 143771, 100, 61
2026-06-30T02:36:05,111106, 143771, 100, 61
2026-06-30T02:36:06,111106, 143771, 100, 61
2026-06-30T02:36:07,111106, 143771, 100, 60
2026-06-30T02:36:08,111106, 143771, 100, 61
2026-06-30T02:36:09,111106, 143771, 97, 59
2026-06-30T02:36:10,111106, 143771, 100, 61
2026-06-30T02:36:11,111106, 143771, 100, 61
2026-06-30T02:36:12,111106, 143771, 100, 60
2026-06-30T02:36:13,111106, 143771, 100, 64
2026-06-30T02:36:14,111106, 143771, 100, 61
2026-06-30T02:36:15,111106, 143771, 100, 61
2026-06-30T02:36:16,111106, 143771, 100, 61
2026-06-30T02:36:17,111106, 143771, 100, 60
2026-06-30T02:36:18,111106, 143771, 100, 65
2026-06-30T02:36:19,111106, 143771, 100, 61
2026-06-30T02:36:20,111106, 143771, 100, 61
2026-06-30T02:36:21,111106, 143771, 98, 60
2026-06-30T02:36:22,111106, 143771, 100, 59
2026-06-30T02:36:23,111106, 143771, 100, 61
2026-06-30T02:36:24,111106, 143771, 100, 61
2026-06-30T02:36:25,111106, 143771, 100, 62
2026-06-30T02:36:26,111106, 143771, 97, 61
2026-06-30T02:36:27,111106, 143771, 100, 61
2026-06-30T02:36:28,111106, 143771, 100, 61
2026-06-30T02:36:29,111106, 143771, 100, 61
2026-06-30T02:36:31,111106, 143771, 100, 64
2026-06-30T02:36:32,111106, 143771, 100, 61
2026-06-30T02:36:33,111106, 143771, 100, 60
2026-06-30T02:36:34,111106, 143771, 100, 61
2026-06-30T02:36:35,111106, 143771, 100, 61
2026-06-30T02:36:36,111106, 143771, 100, 61
2026-06-30T02:36:37,111106, 143771, 100, 61
2026-06-30T02:36:38,111106, 143771, 100, 61
2026-06-30T02:36:39,111106, 143771, 100, 57
2026-06-30T02:36:40,111106, 143771, 100, 61
2026-06-30T02:36:41,111106, 143771, 100, 61
2026-06-30T02:36:42,111106, 143771, 100, 60
2026-06-30T02:36:43,111106, 143771, 100, 62
2026-06-30T02:36:44,111106, 143771, 100, 60
2026-06-30T02:36:45,111106, 143771, 100, 60
2026-06-30T02:36:46,111106, 143771, 100, 61
2026-06-30T02:36:47,111106, 143771, 100, 61
2026-06-30T02:36:48,111106, 143771, 100, 64
2026-06-30T02:36:49,111106, 143771, 100, 59
2026-06-30T02:36:50,111106, 143771, 100, 61
2026-06-30T02:36:51,111106, 143771, 97, 58
2026-06-30T02:36:52,111106, 143771, 100, 61
2026-06-30T02:36:53,111106, 143771, 100, 61
2026-06-30T02:36:54,111106, 143771, 100, 60
2026-06-30T02:36:55,111106, 143771, 100, 62
2026-06-30T02:36:56,111106, 143771, 100, 61
2026-06-30T02:36:57,111106, 143771, 100, 61
2026-06-30T02:36:58,111106, 143771, 100, 60
2026-06-30T02:36:59,111106, 143771, 100, 60
2026-06-30T02:37:00,111106, 143771, 100, 64
2026-06-30T02:37:01,111106, 143771, 100, 60
2026-06-30T02:37:02,111106, 143771, 100, 61
2026-06-30T02:37:03,111106, 143771, 97, 60
2026-06-30T02:37:04,111106, 143771, 100, 60
2026-06-30T02:37:06,111106, 143771, 100, 61
2026-06-30T02:37:07,111106, 143771, 100, 61
2026-06-30T02:37:08,111106, 143771, 100, 61
2026-06-30T02:37:09,111106, 143771, 96, 60
2026-06-30T02:37:10,111106, 143771, 100, 62
2026-06-30T02:37:11,111106, 143771, 100, 61
2026-06-30T02:37:12,111106, 143771, 100, 61
2026-06-30T02:37:13,111106, 143771, 100, 63
2026-06-30T02:37:14,111106, 143771, 100, 61
2026-06-30T02:37:15,111106, 143771, 100, 60
2026-06-30T02:37:16,111106, 143771, 100, 60
2026-06-30T02:37:17,111106, 143771, 100, 60
2026-06-30T02:37:18,111106, 143771, 100, 61
2026-06-30T02:37:19,111106, 143771, 100, 61
2026-06-30T02:37:20,111106, 143771, 100, 60
2026-06-30T02:37:21,111106, 143771, 97, 59
2026-06-30T02:37:22,111106, 143771, 100, 61
2026-06-30T02:37:23,111106, 143771, 100, 60
2026-06-30T02:37:24,111106, 143771, 100, 60
2026-06-30T02:37:25,111106, 143771, 100, 62
2026-06-30T02:37:26,111106, 143771, 100, 60
2026-06-30T02:37:27,111106, 143771, 100, 59
2026-06-30T02:37:28,111106, 143771, 100, 60
2026-06-30T02:37:29,111106, 143771, 100, 61
2026-06-30T02:37:30,111106, 143771, 100, 59
2026-06-30T02:37:31,111106, 143771, 100, 61
2026-06-30T02:37:32,111106, 143771, 100, 61
2026-06-30T02:37:33,111106, 143771, 100, 59
2026-06-30T02:37:34,111106, 143771, 100, 59
2026-06-30T02:37:35,111106, 143771, 100, 61
2026-06-30T02:37:36,111106, 143771, 100, 61
2026-06-30T02:37:37,111106, 143771, 100, 60
2026-06-30T02:37:38,111106, 143771, 100, 58
2026-06-30T02:37:39,111106, 143771, 100, 60
2026-06-30T02:37:40,111106, 143771, 100, 61
2026-06-30T02:37:42,111106, 143771, 100, 59
2026-06-30T02:37:43,111106, 143771, 100, 58
2026-06-30T02:37:44,111106, 143771, 100, 61
2026-06-30T02:37:45,111106, 143771, 100, 60
2026-06-30T02:37:46,111106, 143771, 100, 60
2026-06-30T02:37:47,111106, 143771, 100, 59
2026-06-30T02:37:48,111106, 143771, 100, 60
2026-06-30T02:37:49,111106, 143771, 100, 59
2026-06-30T02:37:50,111106, 143771, 100, 60
2026-06-30T02:37:51,111106, 143771, 97, 57
2026-06-30T02:37:52,111106, 143771, 100, 61
2026-06-30T02:37:53,111106, 143771, 100, 60
2026-06-30T02:37:54,111106, 143771, 100, 60
2026-06-30T02:37:55,111106, 143771, 100, 58
2026-06-30T02:37:56,111106, 143771, 100, 59
2026-06-30T02:37:57,111106, 143771, 100, 60
2026-06-30T02:37:58,111106, 143771, 100, 60
2026-06-30T02:37:59,111106, 143771, 100, 61
2026-06-30T02:38:00,111106, 143771, 100, 64
2026-06-30T02:38:01,111106, 143771, 100, 61
2026-06-30T02:38:02,111106, 143771, 100, 60
2026-06-30T02:38:03,111106, 143771, 97, 60
2026-06-30T02:38:04,111106, 143771, 100, 60
2026-06-30T02:38:05,111106, 143771, 100, 61
2026-06-30T02:38:06,111106, 143771, 100, 61
2026-06-30T02:38:07,111106, 143771, 100, 61
2026-06-30T02:38:08,111106, 143771, 100, 61
2026-06-30T02:38:09,111106, 143771, 100, 59
2026-06-30T02:38:10,111106, 143771, 100, 60
2026-06-30T02:38:11,111106, 143771, 100, 61
2026-06-30T02:38:12,111106, 143771, 100, 64
2026-06-30T02:38:13,111106, 143771, 100, 61
2026-06-30T02:38:14,111106, 143771, 100, 60
2026-06-30T02:38:15,111106, 143771, 97, 60
2026-06-30T02:38:17,111106, 143771, 100, 60
2026-06-30T02:38:18,111106, 143771, 100, 61
2026-06-30T02:38:19,111106, 143771, 100, 61
2026-06-30T02:38:20,111106, 143771, 100, 60
2026-06-30T02:38:21,111106, 143771, 98, 58
2026-06-30T02:38:22,111106, 143771, 100, 58
2026-06-30T02:38:23,111106, 143771, 100, 61
2026-06-30T02:38:24,111106, 143771, 100, 58
2026-06-30T02:38:25,111106, 143771, 100, 61
2026-06-30T02:38:26,111106, 143771, 100, 62
2026-06-30T02:38:27,111106, 143771, 100, 61
2026-06-30T02:38:28,111106, 143771, 100, 61
2026-06-30T02:38:29,111106, 143771, 100, 60
2026-06-30T02:38:30,111106, 143771, 100, 61
2026-06-30T02:38:31,111106, 143771, 100, 61
2026-06-30T02:38:32,111106, 143771, 100, 60
2026-06-30T02:38:33,111106, 143771, 97, 59
2026-06-30T02:38:34,111106, 143771, 100, 60
2026-06-30T02:38:35,111106, 143771, 100, 61
2026-06-30T02:38:36,111106, 143771, 100, 60
2026-06-30T02:38:37,111106, 143771, 100, 62
2026-06-30T02:38:38,111106, 143771, 100, 61
2026-06-30T02:38:39,111106, 143771, 100, 61
2026-06-30T02:38:40,111106, 143771, 100, 60
2026-06-30T02:38:41,111106, 143771, 100, 60
2026-06-30T02:38:42,111106, 143771, 100, 61
2026-06-30T02:38:43,111106, 143771, 100, 60
2026-06-30T02:38:44,111106, 143771, 100, 61
2026-06-30T02:38:45,111106, 143771, 100, 60
2026-06-30T02:38:46,111106, 143771, 100, 61
2026-06-30T02:38:47,111106, 143771, 100, 61
2026-06-30T02:38:48,111106, 143771, 100, 61
2026-06-30T02:38:49,111106, 143771, 100, 59
2026-06-30T02:38:50,111106, 143771, 100, 60
2026-06-30T02:38:52,111106, 143771, 100, 61
2026-06-30T02:38:53,111106, 143771, 100, 60
2026-06-30T02:38:54,111106, 143771, 100, 60
2026-06-30T02:38:55,111106, 143771, 100, 61
2026-06-30T02:38:56,111106, 143771, 100, 60
2026-06-30T02:38:57,111106, 143771, 100, 61
2026-06-30T02:38:58,111106, 143771, 100, 60
2026-06-30T02:38:59,111106, 143771, 100, 60
2026-06-30T02:39:00,111106, 143771, 100, 61
2026-06-30T02:39:01,111106, 143771, 100, 61
2026-06-30T02:39:02,111106, 143771, 100, 60
2026-06-30T02:39:03,111106, 143771, 97, 60
2026-06-30T02:39:04,111106, 143771, 100, 59
2026-06-30T02:39:05,111106, 143771, 100, 61
2026-06-30T02:39:06,111106, 143771, 100, 60
2026-06-30T02:39:07,111106, 143771, 100, 62
2026-06-30T02:39:08,111106, 143771, 100, 61
2026-06-30T02:39:09,111106, 143771, 100, 61
2026-06-30T02:39:10,111106, 143771, 100, 60
2026-06-30T02:39:11,111106, 143771, 100, 61
2026-06-30T02:39:12,111106, 143771, 100, 61
2026-06-30T02:39:13,111106, 143771, 100, 61
2026-06-30T02:39:14,111106, 143771, 100, 61
2026-06-30T02:39:15,111106, 143771, 100, 60
2026-06-30T02:39:16,111106, 143771, 100, 58
2026-06-30T02:39:17,111106, 143771, 100, 60
2026-06-30T02:39:18,111106, 143771, 100, 61
2026-06-30T02:39:19,111106, 143771, 100, 63
2026-06-30T02:39:20,111106, 143771, 100, 57
2026-06-30T02:39:21,111106, 143771, 100, 60
2026-06-30T02:39:22,111106, 143771, 100, 60
2026-06-30T02:39:23,111106, 143771, 100, 60
2026-06-30T02:39:24,111106, 143771, 100, 58
2026-06-30T02:39:25,111106, 143771, 100, 61
2026-06-30T02:39:27,111106, 143771, 100, 61
2026-06-30T02:39:28,111106, 143771, 100, 60
2026-06-30T02:39:29,111106, 143771, 100, 60
2026-06-30T02:39:30,111106, 143771, 100, 61
2026-06-30T02:39:31,111106, 143771, 100, 60
2026-06-30T02:39:32,111106, 143771, 100, 59
2026-06-30T02:39:33,111106, 143771, 100, 56
2026-06-30T02:39:34,111106, 143771, 100, 60
2026-06-30T02:39:35,111106, 143771, 100, 60
2026-06-30T02:39:36,111106, 143771, 100, 60
2026-06-30T02:39:37,111106, 143771, 100, 60
2026-06-30T02:39:38,111106, 143771, 100, 60
2026-06-30T02:39:39,111106, 143771, 100, 60
2026-06-30T02:39:40,111106, 143771, 100, 60
2026-06-30T02:39:41,111106, 143771, 100, 59
2026-06-30T02:39:42,111106, 143771, 100, 63
2026-06-30T02:39:43,111106, 143771, 100, 60
2026-06-30T02:39:44,111106, 143771, 100, 60
2026-06-30T02:39:45,111106, 143771, 97, 60
2026-06-30T02:39:46,111106, 143771, 100, 61
2026-06-30T02:39:47,111106, 143771, 100, 61
2026-06-30T02:39:48,111106, 143771, 100, 61
2026-06-30T02:39:49,111106, 143771, 100, 60
2026-06-30T02:39:50,111106, 143771, 100, 61
2026-06-30T02:39:51,111106, 143771, 100, 59
2026-06-30T02:39:52,111106, 143771, 100, 61
2026-06-30T02:39:53,111106, 143771, 100, 61
2026-06-30T02:39:54,111106, 143771, 100, 64
2026-06-30T02:39:55,111106, 143771, 100, 61
2026-06-30T02:39:56,111106, 143771, 100, 61
2026-06-30T02:39:57,111106, 143771, 97, 60
2026-06-30T02:39:58,111106, 143771, 100, 60
2026-06-30T02:39:59,111106, 143771, 100, 61
2026-06-30T02:40:00,111106, 143771, 100, 61
2026-06-30T02:40:01,111106, 143771, 100, 61
2026-06-30T02:40:03,111106, 143771, 97, 58
2026-06-30T02:40:04,111106, 143771, 100, 60
2026-06-30T02:40:05,111106, 143771, 100, 60
2026-06-30T02:40:06,111106, 143771, 100, 61
2026-06-30T02:40:07,111106, 143771, 100, 62
2026-06-30T02:40:08,111106, 143771, 100, 61
2026-06-30T02:40:09,111106, 143771, 100, 61
2026-06-30T02:40:10,111106, 143771, 100, 61
2026-06-30T02:40:11,111106, 143771, 100, 60
2026-06-30T02:40:12,111106, 143771, 100, 61
2026-06-30T02:40:13,111106, 143771, 100, 60
2026-06-30T02:40:14,111106, 143771, 100, 60
2026-06-30T02:40:15,111106, 143771, 97, 59
2026-06-30T02:40:16,111106, 143771, 100, 60
2026-06-30T02:40:17,111106, 143771, 100, 61
2026-06-30T02:40:18,111106, 143771, 100, 60
2026-06-30T02:40:19,111106, 143771, 100, 63
2026-06-30T02:40:20,111106, 143771, 100, 61
2026-06-30T02:40:21,111106, 143771, 100, 60
2026-06-30T02:40:22,111106, 143771, 100, 60
2026-06-30T02:40:23,111106, 143771, 100, 60
2026-06-30T02:40:24,111106, 143771, 100, 64
2026-06-30T02:40:25,111106, 143771, 100, 61
2026-06-30T02:40:26,111106, 143771, 100, 61
2026-06-30T02:40:27,111106, 143771, 97, 60
2026-06-30T02:40:28,111106, 143771, 100, 59
2026-06-30T02:40:29,111106, 143771, 100, 60
2026-06-30T02:40:30,111106, 143771, 100, 60
2026-06-30T02:40:31,111106, 143771, 100, 60
2026-06-30T02:40:32,111106, 143771, 100, 61
2026-06-30T02:40:33,111106, 143771, 100, 61
2026-06-30T02:40:34,111106, 143771, 100, 61
2026-06-30T02:40:35,111106, 143771, 100, 60
2026-06-30T02:40:36,111106, 143771, 100, 64
2026-06-30T02:40:38,111106, 143771, 100, 59
2026-06-30T02:40:39,111106, 143771, 100, 61
2026-06-30T02:40:40,111106, 143771, 99, 60
2026-06-30T02:40:41,111106, 143771, 100, 61
2026-06-30T02:40:42,111106, 143771, 100, 61
2026-06-30T02:40:43,111106, 143771, 100, 60
2026-06-30T02:40:44,111106, 143771, 100, 59
2026-06-30T02:40:45,111106, 143771, 97, 60
2026-06-30T02:40:46,111106, 143771, 100, 60
2026-06-30T02:40:47,111106, 143771, 100, 61
2026-06-30T02:40:48,111106, 143771, 100, 61
2026-06-30T02:40:49,111106, 143771, 100, 63
2026-06-30T02:40:50,111106, 143771, 100, 61
2026-06-30T02:40:51,111106, 143771, 100, 59
2026-06-30T02:40:52,111106, 143771, 100, 60
2026-06-30T02:40:53,111106, 143771, 100, 61
2026-06-30T02:40:54,111106, 143771, 100, 62
2026-06-30T02:40:55,111106, 143771, 100, 61
2026-06-30T02:40:56,111106, 143771, 100, 61
2026-06-30T02:40:57,111106, 143771, 96, 60
2026-06-30T02:40:58,111106, 143771, 100, 60
2026-06-30T02:40:59,111106, 143771, 100, 61
2026-06-30T02:41:00,111106, 143771, 100, 61
2026-06-30T02:41:01,111106, 143771, 100, 62
2026-06-30T02:41:02,111106, 143771, 100, 57
2026-06-30T02:41:03,111106, 143771, 100, 61
2026-06-30T02:41:04,111106, 143771, 100, 61
2026-06-30T02:41:05,111106, 143771, 100, 60
2026-06-30T02:41:06,111106, 143771, 100, 58
2026-06-30T02:41:07,111106, 143771, 100, 61
2026-06-30T02:41:08,111106, 143771, 100, 62
2026-06-30T02:41:09,111106, 143771, 100, 61
2026-06-30T02:41:10,111106, 143771, 100, 60
2026-06-30T02:41:11,111106, 143771, 100, 62
2026-06-30T02:41:13,111106, 143771, 100, 61
2026-06-30T02:41:14,111106, 143771, 100, 59
2026-06-30T02:41:15,111106, 143771, 100, 56
2026-06-30T02:41:16,111106, 143771, 100, 60
2026-06-30T02:41:17,111106, 143771, 100, 61
2026-06-30T02:41:18,111106, 143771, 100, 60
2026-06-30T02:41:19,111106, 143771, 100, 58
2026-06-30T02:41:20,111106, 143771, 100, 60
2026-06-30T02:41:21,111106, 143771, 100, 61
2026-06-30T02:41:22,111106, 143771, 100, 61
2026-06-30T02:41:23,111106, 143771, 100, 60
2026-06-30T02:41:24,111106, 143771, 100, 64
2026-06-30T02:41:25,111106, 143771, 100, 60
2026-06-30T02:41:26,111106, 143771, 100, 60
2026-06-30T02:41:27,111106, 143771, 97, 60
2026-06-30T02:41:28,111106, 143771, 100, 61
2026-06-30T02:41:29,111106, 143771, 100, 61
2026-06-30T02:41:30,111106, 143771, 100, 61
2026-06-30T02:41:31,111106, 143771, 100, 61
2026-06-30T02:41:32,111106, 143771, 100, 61
2026-06-30T02:41:33,111106, 143771, 100, 60
2026-06-30T02:41:34,111106, 143771, 100, 60
2026-06-30T02:41:35,111106, 143771, 100, 60
2026-06-30T02:41:36,111106, 143771, 100, 64
2026-06-30T02:41:37,111106, 143771, 100, 61
2026-06-30T02:41:38,111106, 143771, 100, 61
2026-06-30T02:41:39,111106, 143771, 97, 60
2026-06-30T02:41:40,111106, 143771, 100, 61
2026-06-30T02:41:41,111106, 143771, 100, 62
2026-06-30T02:41:42,111106, 143771, 100, 61
2026-06-30T02:41:43,111106, 143771, 100, 61
2026-06-30T02:41:44,111106, 143771, 99, 59
2026-06-30T02:41:45,111106, 143771, 100, 59
2026-06-30T02:41:46,111106, 143771, 100, 60
2026-06-30T02:41:48,111106, 143771, 100, 61
2026-06-30T02:41:49,111106, 143771, 100, 63
2026-06-30T02:41:50,111106, 143771, 100, 61
2026-06-30T02:41:51,111106, 143771, 100, 60
2026-06-30T02:41:52,111106, 143771, 100, 61
2026-06-30T02:41:53,111106, 143771, 100, 60
2026-06-30T02:41:54,111106, 143771, 100, 61
2026-06-30T02:41:55,111106, 143771, 100, 61
2026-06-30T02:41:56,111106, 143771, 100, 60
2026-06-30T02:41:57,111106, 143771, 99, 58
2026-06-30T02:41:58,111106, 143771, 100, 60
2026-06-30T02:41:59,111106, 143771, 100, 61
2026-06-30T02:42:00,111106, 143771, 100, 61
2026-06-30T02:42:01,111106, 143771, 100, 63
2026-06-30T02:42:02,111106, 143771, 100, 61
2026-06-30T02:42:03,111106, 143771, 100, 60
2026-06-30T02:42:04,111106, 143771, 100, 60
2026-06-30T02:42:05,111106, 143771, 100, 61
2026-06-30T02:42:06,111106, 143771, 100, 65
2026-06-30T02:42:07,111106, 143771, 100, 61
2026-06-30T02:42:08,111106, 143771, 100, 61
2026-06-30T02:42:09,111106, 143771, 97, 60
2026-06-30T02:42:10,111106, 143771, 100, 59
2026-06-30T02:42:11,111106, 143771, 100, 61
2026-06-30T02:42:12,111106, 143771, 100, 61
2026-06-30T02:42:13,111106, 143771, 100, 60
2026-06-30T02:42:14,111106, 143771, 100, 61
2026-06-30T02:42:15,111106, 143771, 100, 61
2026-06-30T02:42:16,111106, 143771, 100, 61
2026-06-30T02:42:17,111106, 143771, 100, 61
2026-06-30T02:42:18,111106, 143771, 100, 62
2026-06-30T02:42:19,111106, 143771, 100, 60
2026-06-30T02:42:20,111106, 143771, 100, 60
2026-06-30T02:42:21,111106, 143771, 96, 60
2026-06-30T02:42:23,111106, 143771, 100, 60
2026-06-30T02:42:24,111106, 143771, 100, 60
2026-06-30T02:42:25,111106, 143771, 100, 60
2026-06-30T02:42:26,111106, 143771, 100, 62
2026-06-30T02:42:27,111106, 143771, 100, 56
2026-06-30T02:42:28,111106, 143771, 100, 60
2026-06-30T02:42:29,111106, 143771, 100, 61
2026-06-30T02:42:30,111106, 143771, 100, 61
2026-06-30T02:42:31,111106, 143771, 100, 60
2026-06-30T02:42:32,111106, 143771, 100, 61
2026-06-30T02:42:33,111106, 143771, 100, 61
2026-06-30T02:42:34,111106, 143771, 100, 60
2026-06-30T02:42:35,111106, 143771, 100, 61
2026-06-30T02:42:36,111106, 143771, 100, 62
2026-06-30T02:42:37,111106, 143771, 100, 61
2026-06-30T02:42:38,111106, 143771, 100, 61
2026-06-30T02:42:39,111106, 143771, 100, 56
2026-06-30T02:42:40,111106, 143771, 100, 61
2026-06-30T02:42:41,111106, 143771, 100, 61
2026-06-30T02:42:42,111106, 143771, 100, 61
2026-06-30T02:42:43,111106, 143771, 100, 62
2026-06-30T02:42:44,111106, 143771, 100, 61
2026-06-30T02:42:45,111106, 143771, 100, 59
2026-06-30T02:42:46,111106, 143771, 100, 60
2026-06-30T02:42:47,111106, 143771, 100, 61
2026-06-30T02:42:48,111106, 143771, 100, 65
2026-06-30T02:42:49,111106, 143771, 100, 61
2026-06-30T02:42:50,111106, 143771, 100, 61
2026-06-30T02:42:51,111106, 143771, 97, 61
2026-06-30T02:42:52,111106, 143771, 100, 60
2026-06-30T02:42:53,111106, 143771, 100, 62
2026-06-30T02:42:54,111106, 143771, 100, 61
2026-06-30T02:42:55,111106, 143771, 100, 61
2026-06-30T02:42:56,111106, 143771, 100, 61
2026-06-30T02:42:57,111106, 143771, 100, 60
2026-06-30T02:42:59,111106, 143771, 100, 61
2026-06-30T02:43:00,111106, 143771, 100, 61
2026-06-30T02:43:01,111106, 143771, 100, 64
2026-06-30T02:43:02,111106, 143771, 100, 61
2026-06-30T02:43:03,111106, 143771, 100, 60
2026-06-30T02:43:04,111106, 143771, 96, 60
2026-06-30T02:43:05,111106, 143771, 100, 61
2026-06-30T02:43:06,111106, 143771, 100, 61
2026-06-30T02:43:07,111106, 143771, 100, 61
2026-06-30T02:43:08,111106, 143771, 100, 61
2026-06-30T02:43:09,111106, 143771, 99, 58
2026-06-30T02:43:10,111106, 143771, 100, 58
2026-06-30T02:43:11,111106, 143771, 100, 61
2026-06-30T02:43:12,111106, 143771, 100, 61
2026-06-30T02:43:13,111106, 143771, 100, 63
2026-06-30T02:43:14,111106, 143771, 100, 61
2026-06-30T02:43:15,111106, 143771, 100, 60
2026-06-30T02:43:16,111106, 143771, 100, 61
2026-06-30T02:43:17,111106, 143771, 100, 60
2026-06-30T02:43:18,111106, 143771, 100, 62
2026-06-30T02:43:19,111106, 143771, 100, 61
2026-06-30T02:43:20,111106, 143771, 100, 60
2026-06-30T02:43:21,111106, 143771, 99, 58
2026-06-30T02:43:22,111106, 143771, 100, 59
2026-06-30T02:43:23,111106, 143771, 100, 60
2026-06-30T02:43:24,111106, 143771, 100, 61
2026-06-30T02:43:25,111106, 143771, 100, 64
2026-06-30T02:43:26,111106, 143771, 100, 61
2026-06-30T02:43:27,111106, 143771, 100, 61
2026-06-30T02:43:28,111106, 143771, 100, 60
2026-06-30T02:43:29,111106, 143771, 100, 60
2026-06-30T02:43:30,111106, 143771, 100, 64
2026-06-30T02:43:31,111106, 143771, 100, 61
2026-06-30T02:43:32,111106, 143771, 100, 61
2026-06-30T02:43:34,111106, 143771, 98, 60
2026-06-30T02:43:35,111106, 143771, 100, 60
2026-06-30T02:43:36,111106, 143771, 100, 61
2026-06-30T02:43:37,111106, 143771, 100, 60
2026-06-30T02:43:38,111106, 143771, 100, 60
2026-06-30T02:43:39,111106, 143771, 100, 61
2026-06-30T02:43:40,111106, 143771, 100, 61
2026-06-30T02:43:41,111106, 143771, 100, 62
2026-06-30T02:43:42,111106, 143771, 100, 61
2026-06-30T02:43:43,111106, 143771, 100, 64
2026-06-30T02:43:44,111106, 143771, 100, 60
2026-06-30T02:43:45,111106, 143771, 100, 61
2026-06-30T02:43:46,111106, 143771, 100, 60
2026-06-30T02:43:47,111106, 143771, 100, 61
2026-06-30T02:43:48,111106, 143771, 100, 61
2026-06-30T02:43:49,111106, 143771, 100, 60
2026-06-30T02:43:50,111106, 143771, 100, 59
2026-06-30T02:43:51,111106, 143771, 96, 59
2026-06-30T02:43:52,111106, 143771, 100, 60
2026-06-30T02:43:53,111106, 143771, 100, 61
2026-06-30T02:43:54,111106, 143771, 100, 61
2026-06-30T02:43:55,111106, 143771, 100, 62
2026-06-30T02:43:56,111106, 143771, 100, 60
2026-06-30T02:43:57,111106, 143771, 100, 60
2026-06-30T02:43:58,111106, 143771, 100, 61
2026-06-30T02:43:59,111106, 143771, 100, 61
2026-06-30T02:44:00,111106, 143771, 100, 61
2026-06-30T02:44:01,111106, 143771, 100, 61
2026-06-30T02:44:02,111106, 143771, 100, 61
2026-06-30T02:44:03,111106, 143771, 100, 60
2026-06-30T02:44:04,111106, 143771, 100, 61
2026-06-30T02:44:05,111106, 143771, 100, 61
2026-06-30T02:44:06,111106, 143771, 100, 59
2026-06-30T02:44:08,111106, 143771, 100, 59
2026-06-30T02:44:09,111106, 143771, 100, 57
2026-06-30T02:44:10,111106, 143771, 100, 61
2026-06-30T02:44:11,111106, 143771, 100, 60
2026-06-30T02:44:12,111106, 143771, 100, 60
2026-06-30T02:44:13,111106, 143771, 100, 58
2026-06-30T02:44:14,111106, 143771, 100, 61
2026-06-30T02:44:15,111106, 143771, 100, 61
2026-06-30T02:44:16,111106, 143771, 100, 60
2026-06-30T02:44:17,111106, 143771, 100, 59
2026-06-30T02:44:18,111106, 143771, 100, 61
2026-06-30T02:44:19,111106, 143771, 100, 61
2026-06-30T02:44:20,111106, 143771, 100, 60
2026-06-30T02:44:21,111106, 143771, 97, 58
2026-06-30T02:44:22,111106, 143771, 100, 61
2026-06-30T02:44:23,111106, 143771, 100, 61
2026-06-30T02:44:24,111106, 143771, 100, 59
2026-06-30T02:44:25,111106, 143771, 100, 59
2026-06-30T02:44:26,111106, 143771, 100, 60
2026-06-30T02:44:27,111106, 143771, 100, 61
2026-06-30T02:44:28,111106, 143771, 100, 61
2026-06-30T02:44:29,111106, 143771, 100, 60
2026-06-30T02:44:30,111106, 143771, 100, 64
2026-06-30T02:44:31,111106, 143771, 100, 61
2026-06-30T02:44:32,111106, 143771, 100, 61
2026-06-30T02:44:33,111106, 143771, 97, 61
2026-06-30T02:44:34,111106, 143771, 100, 60
2026-06-30T02:44:35,111106, 143771, 100, 61
2026-06-30T02:44:36,111106, 143771, 100, 61
2026-06-30T02:44:37,111106, 143771, 100, 60
2026-06-30T02:44:38,111106, 143771, 97, 62
2026-06-30T02:44:39,111106, 143771, 100, 60
2026-06-30T02:44:40,111106, 143771, 100, 61
2026-06-30T02:44:41,111106, 143771, 100, 61
2026-06-30T02:44:43,111106, 143771, 100, 64
2026-06-30T02:44:44,111106, 143771, 100, 60
2026-06-30T02:44:45,111106, 143771, 100, 60
2026-06-30T02:44:46,111106, 143771, 100, 60
2026-06-30T02:44:47,111106, 143771, 100, 60
2026-06-30T02:44:48,111106, 143771, 100, 61
2026-06-30T02:44:49,111106, 143771, 100, 61
2026-06-30T02:44:50,111106, 143771, 100, 60
2026-06-30T02:44:51,111106, 143771, 99, 57
2026-06-30T02:44:52,111106, 143771, 100, 60
2026-06-30T02:44:53,111106, 143771, 100, 60
2026-06-30T02:44:54,111106, 143771, 100, 61
2026-06-30T02:44:55,111106, 143771, 100, 64
2026-06-30T02:44:56,111106, 143771, 100, 60
2026-06-30T02:44:57,111106, 143771, 100, 61
2026-06-30T02:44:58,111106, 143771, 100, 61
2026-06-30T02:44:59,111106, 143771, 100, 60
2026-06-30T02:45:00,111106, 143771, 100, 61
2026-06-30T02:45:01,111106, 143771, 100, 60
2026-06-30T02:45:02,111106, 143771, 100, 60
2026-06-30T02:45:03,111106, 143771, 100, 59
2026-06-30T02:45:04,111106, 143771, 100, 61
2026-06-30T02:45:05,111106, 143771, 100, 61
2026-06-30T02:45:06,111106, 143771, 100, 60
2026-06-30T02:45:07,111106, 143771, 100, 62
2026-06-30T02:45:08,111106, 143771, 100, 58
2026-06-30T02:45:09,111106, 143771, 100, 59
2026-06-30T02:45:10,111106, 143771, 100, 61
2026-06-30T02:45:11,111106, 143771, 100, 61
2026-06-30T02:45:12,111106, 143771, 100, 59
2026-06-30T02:45:13,111106, 143771, 100, 61
2026-06-30T02:45:14,111106, 143771, 100, 61
2026-06-30T02:45:15,111106, 143771, 100, 60
2026-06-30T02:45:16,111106, 143771, 100, 59
2026-06-30T02:45:17,111106, 143771, 100, 61
2026-06-30T02:45:19,111106, 143771, 100, 61
2026-06-30T02:45:20,111106, 143771, 100, 61
2026-06-30T02:45:21,111106, 143771, 97, 58
2026-06-30T02:45:22,111106, 143771, 100, 61
2026-06-30T02:45:23,111106, 143771, 100, 61
2026-06-30T02:45:24,111106, 143771, 100, 59
2026-06-30T02:45:25,111106, 143771, 100, 58
2026-06-30T02:45:26,111106, 143771, 100, 61
2026-06-30T02:45:27,111106, 143771, 100, 61
2026-06-30T02:45:28,111106, 143771, 100, 60
2026-06-30T02:45:29,111106, 143771, 100, 61
2026-06-30T02:45:30,111106, 143771, 100, 63
2026-06-30T02:45:31,111106, 143771, 100, 60
2026-06-30T02:45:32,111106, 143771, 100, 60
2026-06-30T02:45:33,111106, 143771, 97, 60
2026-06-30T02:45:34,111106, 143771, 100, 60
2026-06-30T02:45:35,111106, 143771, 100, 61
2026-06-30T02:45:36,111106, 143771, 100, 61
2026-06-30T02:45:37,111106, 143771, 100, 61
2026-06-30T02:45:38,111106, 143771, 100, 60
2026-06-30T02:45:39,111106, 143771, 100, 60
2026-06-30T02:45:40,111106, 143771, 100, 61
2026-06-30T02:45:41,111106, 143771, 100, 61
2026-06-30T02:45:42,111106, 143771, 100, 64
2026-06-30T02:45:43,111106, 143771, 100, 61
2026-06-30T02:45:44,111106, 143771, 100, 60
2026-06-30T02:45:45,111106, 143771, 97, 60
2026-06-30T02:45:46,111106, 143771, 100, 61
2026-06-30T02:45:47,111106, 143771, 100, 61
2026-06-30T02:45:48,111106, 143771, 100, 61
2026-06-30T02:45:49,111106, 143771, 100, 61
2026-06-30T02:45:50,111106, 143771, 97, 59
2026-06-30T02:45:51,111106, 143771, 100, 60
2026-06-30T02:45:52,111106, 143771, 100, 61
2026-06-30T02:45:54,111106, 143771, 100, 61
2026-06-30T02:45:55,111106, 143771, 100, 61
2026-06-30T02:45:56,111106, 143771, 100, 61
2026-06-30T02:45:57,111106, 143771, 100, 62
2026-06-30T02:45:58,111106, 143771, 100, 61
2026-06-30T02:45:59,111106, 143771, 100, 61
2026-06-30T02:46:00,111106, 143771, 100, 62
2026-06-30T02:46:01,111106, 143771, 100, 61
2026-06-30T02:46:02,111106, 143771, 100, 60
2026-06-30T02:46:03,111106, 143771, 97, 60
2026-06-30T02:46:04,111106, 143771, 100, 60
2026-06-30T02:46:05,111106, 143771, 100, 61
2026-06-30T02:46:06,111106, 143771, 100, 60
2026-06-30T02:46:07,111106, 143771, 100, 62
2026-06-30T02:46:08,111106, 143771, 100, 60
2026-06-30T02:46:09,111106, 143771, 100, 59
2026-06-30T02:46:10,111106, 143771, 100, 60
2026-06-30T02:46:11,111106, 143771, 100, 61
2026-06-30T02:46:12,111106, 143771, 100, 59
2026-06-30T02:46:13,111106, 143771, 100, 61
2026-06-30T02:46:14,111106, 143771, 100, 59
2026-06-30T02:46:15,111106, 143771, 100, 61
2026-06-30T02:46:16,111106, 143771, 100, 60
2026-06-30T02:46:17,111106, 143771, 100, 62
2026-06-30T02:46:18,111106, 143771, 100, 61
2026-06-30T02:46:19,111106, 143771, 100, 61
2026-06-30T02:46:20,111106, 143771, 100, 59
2026-06-30T02:46:21,111106, 143771, 100, 58
2026-06-30T02:46:22,111106, 143771, 100, 61
2026-06-30T02:46:23,111106, 143771, 100, 61
2026-06-30T02:46:24,111106, 143771, 100, 60
2026-06-30T02:46:25,111106, 143771, 100, 62
2026-06-30T02:46:26,111106, 143771, 100, 60
2026-06-30T02:46:27,111106, 143771, 100, 61
2026-06-30T02:46:28,111106, 143771, 100, 60
2026-06-30T02:46:30,111106, 143771, 100, 62
2026-06-30T02:46:31,111106, 143771, 100, 61
2026-06-30T02:46:32,111106, 143771, 100, 60
2026-06-30T02:46:33,111106, 143771, 97, 59
2026-06-30T02:46:34,111106, 143771, 100, 61
2026-06-30T02:46:35,111106, 143771, 100, 60
2026-06-30T02:46:36,111106, 143771, 100, 61
2026-06-30T02:46:37,111106, 143771, 100, 61
2026-06-30T02:46:38,111106, 143771, 100, 61
2026-06-30T02:46:39,111106, 143771, 100, 62
2026-06-30T02:46:40,111106, 143771, 100, 60
2026-06-30T02:46:41,111106, 143771, 100, 61
2026-06-30T02:46:42,111106, 143771, 100, 62
2026-06-30T02:46:43,111106, 143771, 100, 59
2026-06-30T02:46:44,111106, 143771, 100, 61
2026-06-30T02:46:45,111106, 143771, 96, 60
2026-06-30T02:46:46,111106, 143771, 100, 60
2026-06-30T02:46:47,111106, 143771, 100, 61
2026-06-30T02:46:48,111106, 143771, 100, 60
2026-06-30T02:46:49,111106, 143771, 100, 62
2026-06-30T02:46:50,111106, 143771, 100, 56
2026-06-30T02:46:51,111106, 143771, 100, 61
2026-06-30T02:46:52,111106, 143771, 100, 61
2026-06-30T02:46:53,111106, 143771, 100, 61
2026-06-30T02:46:54,111106, 143771, 100, 62
2026-06-30T02:46:55,111106, 143771, 100, 59
2026-06-30T02:46:56,111106, 143771, 100, 61
2026-06-30T02:46:57,111106, 143771, 100, 61
2026-06-30T02:46:58,111106, 143771, 100, 61
2026-06-30T02:46:59,111106, 143771, 100, 60
2026-06-30T02:47:00,111106, 143771, 100, 61
2026-06-30T02:47:01,111106, 143771, 100, 61
2026-06-30T02:47:02,111106, 143771, 100, 57
2026-06-30T02:47:04,111106, 143771, 100, 61
2026-06-30T02:47:05,111106, 143771, 100, 61
2026-06-30T02:47:06,111106, 143771, 100, 61
2026-06-30T02:47:07,111106, 143771, 100, 63
2026-06-30T02:47:08,111106, 143771, 100, 61
2026-06-30T02:47:09,111106, 143771, 100, 60
2026-06-30T02:47:10,111106, 143771, 100, 61
2026-06-30T02:47:11,111106, 143771, 100, 61
2026-06-30T02:47:12,111106, 143771, 100, 65
2026-06-30T02:47:13,111106, 143771, 100, 61
2026-06-30T02:47:14,111106, 143771, 100, 61
2026-06-30T02:47:15,111106, 143771, 97, 60
2026-06-30T02:47:16,111106, 143771, 100, 60
2026-06-30T02:47:17,111106, 143771, 100, 61
2026-06-30T02:47:18,111106, 143771, 100, 61
2026-06-30T02:47:19,111106, 143771, 100, 60
2026-06-30T02:47:20,111106, 143771, 100, 62
2026-06-30T02:47:21,111106, 143771, 100, 62
2026-06-30T02:47:22,111106, 143771, 100, 60
2026-06-30T02:47:23,111106, 143771, 100, 61
2026-06-30T02:47:24,111106, 143771, 100, 63
2026-06-30T02:47:25,111106, 143771, 100, 60
2026-06-30T02:47:26,111106, 143771, 100, 61
2026-06-30T02:47:27,111106, 143771, 99, 60
2026-06-30T02:47:28,111106, 143771, 100, 61
2026-06-30T02:47:29,111106, 143771, 100, 61
2026-06-30T02:47:30,111106, 143771, 100, 61
2026-06-30T02:47:31,111106, 143771, 100, 59
2026-06-30T02:47:32,111106, 143771, 97, 60
2026-06-30T02:47:33,111106, 143771, 100, 60
2026-06-30T02:47:34,111106, 143771, 100, 61
2026-06-30T02:47:35,111106, 143771, 100, 60
2026-06-30T02:47:36,111106, 143771, 100, 63
2026-06-30T02:47:37,111106, 143771, 100, 61
2026-06-30T02:47:38,111106, 143771, 100, 59
2026-06-30T02:47:40,111106, 143771, 100, 61
2026-06-30T02:47:41,111106, 143771, 100, 61
2026-06-30T02:47:42,111106, 143771, 100, 62
2026-06-30T02:47:43,111106, 143771, 100, 61
2026-06-30T02:47:44,111106, 143771, 100, 62
2026-06-30T02:47:45,111106, 143771, 97, 59
2026-06-30T02:47:46,111106, 143771, 100, 61
2026-06-30T02:47:47,111106, 143771, 100, 61
2026-06-30T02:47:48,111106, 143771, 100, 61
2026-06-30T02:47:49,111106, 143771, 100, 61
2026-06-30T02:47:50,111106, 143771, 100, 61
2026-06-30T02:47:51,111106, 143771, 100, 60
2026-06-30T02:47:52,111106, 143771, 100, 60
2026-06-30T02:47:53,111106, 143771, 100, 61
2026-06-30T02:47:54,111106, 143771, 100, 60
2026-06-30T02:47:55,111106, 143771, 100, 60
2026-06-30T02:47:56,111106, 143771, 100, 61
2026-06-30T02:47:57,111106, 143771, 100, 61
2026-06-30T02:47:58,111106, 143771, 100, 62
2026-06-30T02:47:59,111106, 143771, 100, 61
2026-06-30T02:48:00,111106, 143771, 100, 60
2026-06-30T02:48:01,111106, 143771, 100, 59
2026-06-30T02:48:02,111106, 143771, 100, 61
2026-06-30T02:48:03,111106, 143771, 100, 61
2026-06-30T02:48:04,111106, 143771, 100, 60
2026-06-30T02:48:05,111106, 143771, 100, 61
2026-06-30T02:48:06,111106, 143771, 100, 65
2026-06-30T02:48:07,111106, 143771, 100, 61
2026-06-30T02:48:08,111106, 143771, 100, 61
2026-06-30T02:48:09,111106, 143771, 98, 60
2026-06-30T02:48:10,111106, 143771, 100, 60
2026-06-30T02:48:11,111106, 143771, 100, 61
2026-06-30T02:48:12,111106, 143771, 100, 60
2026-06-30T02:48:13,111106, 143771, 100, 60
2026-06-30T02:48:14,111106, 143771, 97, 61
2026-06-30T02:48:16,111106, 143771, 100, 61
2026-06-30T02:48:17,111106, 143771, 100, 61
2026-06-30T02:48:18,111106, 143771, 100, 61
2026-06-30T02:48:19,111106, 143771, 100, 62
2026-06-30T02:48:20,111106, 143771, 100, 60
2026-06-30T02:48:21,111106, 143771, 100, 60
2026-06-30T02:48:22,111106, 143771, 100, 61
2026-06-30T02:48:23,111106, 143771, 100, 61
2026-06-30T02:48:24,111106, 143771, 100, 62
2026-06-30T02:48:25,111106, 143771, 100, 61
2026-06-30T02:48:26,111106, 143771, 100, 61
2026-06-30T02:48:27,111106, 143771, 97, 59
2026-06-30T02:48:28,111106, 143771, 100, 61
2026-06-30T02:48:29,111106, 143771, 100, 61
2026-06-30T02:48:30,111106, 143771, 100, 62
2026-06-30T02:48:31,111106, 143771, 100, 62
2026-06-30T02:48:32,111106, 143771, 100, 61
2026-06-30T02:48:33,111106, 143771, 100, 61
2026-06-30T02:48:34,111106, 143771, 100, 61
2026-06-30T02:48:35,111106, 143771, 100, 61
2026-06-30T02:48:36,111106, 143771, 100, 58
2026-06-30T02:48:37,111106, 143771, 100, 61
2026-06-30T02:48:38,111106, 143771, 100, 61
2026-06-30T02:48:39,111106, 143771, 100, 61
2026-06-30T02:48:40,111106, 143771, 100, 61
2026-06-30T02:48:41,111106, 143771, 100, 62
2026-06-30T02:48:42,111106, 143771, 100, 60
2026-06-30T02:48:43,111106, 143771, 100, 60
2026-06-30T02:48:44,111106, 143771, 100, 57
2026-06-30T02:48:45,111106, 143771, 100, 61
2026-06-30T02:48:46,111106, 143771, 100, 61
2026-06-30T02:48:47,111106, 143771, 100, 60
2026-06-30T02:48:48,111106, 143771, 100, 58
2026-06-30T02:48:49,111106, 143771, 100, 61
2026-06-30T02:48:51,111106, 143771, 100, 62
2026-06-30T02:48:52,111106, 143771, 100, 60
2026-06-30T02:48:53,111106, 143771, 100, 60
2026-06-30T02:48:54,111106, 143771, 100, 61
2026-06-30T02:48:55,111106, 143771, 100, 60
2026-06-30T02:48:56,111106, 143771, 100, 60
2026-06-30T02:48:57,111106, 143771, 97, 58
2026-06-30T02:48:58,111106, 143771, 100, 61
2026-06-30T02:48:59,111106, 143771, 100, 61
2026-06-30T02:49:00,111106, 143771, 100, 60
2026-06-30T02:49:01,111106, 143771, 100, 58
2026-06-30T02:49:02,111106, 143771, 100, 61
2026-06-30T02:49:03,111106, 143771, 100, 61
2026-06-30T02:49:04,111106, 143771, 100, 60
2026-06-30T02:49:05,111106, 143771, 100, 61
2026-06-30T02:49:06,111106, 143771, 100, 62
2026-06-30T02:49:07,111106, 143771, 100, 61
2026-06-30T02:49:08,111106, 143771, 100, 61
2026-06-30T02:49:09,111106, 143771, 97, 60
2026-06-30T02:49:10,111106, 143771, 100, 61
2026-06-30T02:49:11,111106, 143771, 100, 61
2026-06-30T02:49:12,111106, 143771, 100, 60
2026-06-30T02:49:13,111106, 143771, 100, 62
2026-06-30T02:49:14,111106, 143771, 100, 61
2026-06-30T02:49:15,111106, 143771, 100, 61
2026-06-30T02:49:16,111106, 143771, 100, 60
2026-06-30T02:49:17,111106, 143771, 100, 61
2026-06-30T02:49:18,111106, 143771, 100, 64
2026-06-30T02:49:19,111106, 143771, 100, 61
2026-06-30T02:49:20,111106, 143771, 100, 61
2026-06-30T02:49:21,111106, 143771, 100, 60
2026-06-30T02:49:22,111106, 143771, 100, 60
2026-06-30T02:49:23,111106, 143771, 100, 62
2026-06-30T02:49:24,111106, 143771, 100, 61
2026-06-30T02:49:26,111106, 143771, 100, 61
2026-06-30T02:49:27,111106, 143771, 99, 58
2026-06-30T02:49:28,111106, 143771, 100, 59
2026-06-30T02:49:29,111106, 143771, 100, 61
2026-06-30T02:49:30,111106, 143771, 100, 60
2026-06-30T02:49:31,111106, 143771, 100, 63
2026-06-30T02:49:32,111106, 143771, 100, 62
2026-06-30T02:49:33,111106, 143771, 100, 61
2026-06-30T02:49:34,111106, 143771, 100, 60
2026-06-30T02:49:35,111106, 143771, 100, 61
2026-06-30T02:49:36,111106, 143771, 100, 64
2026-06-30T02:49:37,111106, 143771, 100, 62
2026-06-30T02:49:38,111106, 143771, 100, 61
2026-06-30T02:49:39,111106, 143771, 98, 60
2026-06-30T02:49:40,111106, 143771, 100, 59
2026-06-30T02:49:41,111106, 143771, 100, 61
2026-06-30T02:49:42,111106, 143771, 100, 62
2026-06-30T02:49:43,111106, 143771, 100, 61
2026-06-30T02:49:44,111106, 143771, 100, 62
2026-06-30T02:49:45,111106, 143771, 100, 58
2026-06-30T02:49:46,111106, 143771, 100, 61
2026-06-30T02:49:47,111106, 143771, 100, 61
2026-06-30T02:49:48,111106, 143771, 100, 64
2026-06-30T02:49:49,111106, 143771, 100, 61
2026-06-30T02:49:50,111106, 143771, 100, 61
2026-06-30T02:49:51,111106, 143771, 97, 60
2026-06-30T02:49:52,111106, 143771, 100, 60
2026-06-30T02:49:53,111106, 143771, 100, 61
2026-06-30T02:49:54,111106, 143771, 100, 61
2026-06-30T02:49:55,111106, 143771, 100, 60
2026-06-30T02:49:56,111106, 143771, 97, 60
2026-06-30T02:49:57,111106, 143771, 100, 60
2026-06-30T02:49:58,111106, 143771, 100, 61
2026-06-30T02:50:00,111106, 143771, 100, 59
2026-06-30T02:50:01,111106, 143771, 100, 62
2026-06-30T02:50:02,111106, 143771, 100, 61
2026-06-30T02:50:03,111106, 143771, 100, 61
2026-06-30T02:50:04,111106, 143771, 100, 61
2026-06-30T02:50:05,111106, 143771, 100, 61
2026-06-30T02:50:06,111106, 143771, 100, 61
2026-06-30T02:50:07,111106, 143771, 100, 61
2026-06-30T02:50:08,111106, 143771, 100, 61
2026-06-30T02:50:09,111106, 143771, 97, 60
2026-06-30T02:50:10,111106, 143771, 100, 60
2026-06-30T02:50:11,111106, 143771, 100, 61
2026-06-30T02:50:12,111106, 143771, 100, 61
2026-06-30T02:50:13,111106, 143771, 100, 63
2026-06-30T02:50:14,111106, 143771, 100, 57
2026-06-30T02:50:15,111106, 143771, 100, 61
2026-06-30T02:50:16,111106, 143771, 100, 60
2026-06-30T02:50:17,111106, 143771, 100, 61
2026-06-30T02:50:18,111106, 143771, 100, 61
2026-06-30T02:50:19,111106, 143771, 100, 61
2026-06-30T02:50:20,111106, 143771, 100, 61
2026-06-30T02:50:21,111106, 143771, 100, 60
2026-06-30T02:50:22,111106, 143771, 100, 61
2026-06-30T02:50:23,111106, 143771, 100, 61
2026-06-30T02:50:24,111106, 143771, 100, 61
2026-06-30T02:50:25,111106, 143771, 100, 61
2026-06-30T02:50:26,111106, 143771, 97, 57
2026-06-30T02:50:27,111106, 143771, 100, 60
2026-06-30T02:50:28,111106, 143771, 100, 61
2026-06-30T02:50:29,111106, 143771, 100, 62
2026-06-30T02:50:30,111106, 143771, 100, 64
2026-06-30T02:50:31,111106, 143771, 100, 61
2026-06-30T02:50:32,111106, 143771, 100, 60
2026-06-30T02:50:33,111106, 143771, 100, 62
2026-06-30T02:50:35,111106, 143771, 100, 60
2026-06-30T02:50:36,111106, 143771, 100, 65
2026-06-30T02:50:37,111106, 143771, 100, 61
2026-06-30T02:50:38,111106, 143771, 100, 61
2026-06-30T02:50:39,111106, 143771, 98, 60
2026-06-30T02:50:40,111106, 143771, 100, 60
2026-06-30T02:50:41,111106, 143771, 100, 61
2026-06-30T02:50:42,111106, 143771, 100, 60
2026-06-30T02:50:43,111106, 143771, 100, 59
2026-06-30T02:50:44,111106, 143771, 97, 61
2026-06-30T02:50:45,111106, 143771, 100, 60
2026-06-30T02:50:46,111106, 143771, 100, 61
2026-06-30T02:50:47,111106, 143771, 100, 60
2026-06-30T02:50:48,111106, 143771, 100, 62
2026-06-30T02:50:49,111106, 143771, 100, 61
2026-06-30T02:50:50,111106, 143771, 100, 60
2026-06-30T02:50:51,111106, 143771, 100, 61
2026-06-30T02:50:52,111106, 143771, 100, 60
2026-06-30T02:50:53,111106, 143771, 100, 61
2026-06-30T02:50:54,111106, 143771, 100, 61
2026-06-30T02:50:55,111106, 143771, 100, 62
2026-06-30T02:50:56,111106, 143771, 97, 61
2026-06-30T02:50:57,111106, 143771, 100, 59
2026-06-30T02:50:58,111106, 143771, 100, 61
2026-06-30T02:50:59,111106, 143771, 100, 60
2026-06-30T02:51:00,111106, 143771, 100, 62
2026-06-30T02:51:01,111106, 143771, 100, 62
2026-06-30T02:51:02,111106, 143771, 100, 61
2026-06-30T02:51:03,111106, 143771, 100, 62
2026-06-30T02:51:04,111106, 143771, 100, 61
2026-06-30T02:51:05,111106, 143771, 100, 63
2026-06-30T02:51:06,111106, 143771, 100, 60
2026-06-30T02:51:07,111106, 143771, 100, 61
2026-06-30T02:51:09,111106, 143771, 100, 61
2026-06-30T02:51:10,111106, 143771, 100, 61
2026-06-30T02:51:11,111106, 143771, 100, 61
2026-06-30T02:51:12,111106, 143771, 100, 59
2026-06-30T02:51:13,111106, 143771, 100, 61
2026-06-30T02:51:14,111106, 143771, 99, 58
2026-06-30T02:51:15,111106, 143771, 100, 60
2026-06-30T02:51:16,111106, 143771, 100, 61
2026-06-30T02:51:17,111106, 143771, 100, 62
2026-06-30T02:51:18,111106, 143771, 100, 63
2026-06-30T02:51:19,111106, 143771, 100, 61
2026-06-30T02:51:20,111106, 143771, 100, 59
2026-06-30T02:51:21,111106, 143771, 100, 60
2026-06-30T02:51:22,111106, 143771, 100, 60
2026-06-30T02:51:23,111106, 143771, 100, 65
2026-06-30T02:51:24,111106, 143771, 100, 61
2026-06-30T02:51:25,111106, 143771, 100, 59
2026-06-30T02:51:26,111106, 143771, 97, 60
2026-06-30T02:51:27,111106, 143771, 100, 60
2026-06-30T02:51:28,111106, 143771, 100, 61
2026-06-30T02:51:29,111106, 143771, 100, 60
2026-06-30T02:51:30,111106, 143771, 100, 61
2026-06-30T02:51:31,111106, 143771, 100, 61
2026-06-30T02:51:32,111106, 143771, 100, 60
2026-06-30T02:51:33,111106, 143771, 100, 60
2026-06-30T02:51:34,111106, 143771, 100, 61
2026-06-30T02:51:35,111106, 143771, 100, 64
2026-06-30T02:51:36,111106, 143771, 100, 61
2026-06-30T02:51:37,111106, 143771, 100, 62
2026-06-30T02:51:38,111106, 143771, 97, 60
2026-06-30T02:51:39,111106, 143771, 100, 61
2026-06-30T02:51:40,111106, 143771, 100, 61
2026-06-30T02:51:41,111106, 143771, 100, 60
2026-06-30T02:51:42,111106, 143771, 100, 59
2026-06-30T02:51:44,111106, 143771, 97, 59
2026-06-30T02:51:45,111106, 143771, 100, 61
2026-06-30T02:51:46,111106, 143771, 100, 61
2026-06-30T02:51:47,111106, 143771, 100, 61
2026-06-30T02:51:48,111106, 143771, 100, 62
2026-06-30T02:51:49,111106, 143771, 100, 60
2026-06-30T02:51:50,111106, 143771, 100, 61
2026-06-30T02:51:51,111106, 143771, 100, 61
2026-06-30T02:51:52,111106, 143771, 100, 60
2026-06-30T02:51:53,111106, 143771, 100, 61
2026-06-30T02:51:54,111106, 143771, 100, 61
2026-06-30T02:51:55,111106, 143771, 100, 61
2026-06-30T02:51:56,111106, 143771, 100, 60
2026-06-30T02:51:57,111106, 143771, 100, 59
2026-06-30T02:51:58,111106, 143771, 100, 61
2026-06-30T02:51:59,111106, 143771, 100, 61
2026-06-30T02:52:00,111106, 143771, 100, 62
2026-06-30T02:52:01,111106, 143771, 100, 57
2026-06-30T02:52:02,111106, 143771, 100, 61
2026-06-30T02:52:03,111106, 143771, 100, 61
2026-06-30T02:52:04,111106, 143771, 100, 59
2026-06-30T02:52:05,111106, 143771, 100, 58
2026-06-30T02:52:06,111106, 143771, 100, 61
2026-06-30T02:52:07,111106, 143771, 100, 60
2026-06-30T02:52:08,111106, 143771, 100, 61
2026-06-30T02:52:09,111106, 143771, 100, 60
2026-06-30T02:52:10,111106, 143771, 100, 61
2026-06-30T02:52:11,111106, 143771, 100, 61
2026-06-30T02:52:12,111106, 143771, 100, 59
2026-06-30T02:52:13,111106, 143771, 97, 56
2026-06-30T02:52:14,111106, 143771, 100, 59
2026-06-30T02:52:15,111106, 143771, 100, 62
2026-06-30T02:52:16,111106, 143771, 100, 61
2026-06-30T02:52:18,111106, 143771, 100, 64
2026-06-30T02:52:19,111106, 143771, 100, 61
2026-06-30T02:52:20,111106, 143771, 100, 61
2026-06-30T02:52:21,111106, 143771, 100, 61
2026-06-30T02:52:22,111106, 143771, 100, 61
2026-06-30T02:52:23,111106, 143771, 100, 64
2026-06-30T02:52:24,111106, 143771, 100, 60
2026-06-30T02:52:25,111106, 143771, 100, 61
2026-06-30T02:52:26,111106, 143771, 100, 60
2026-06-30T02:52:27,111106, 143771, 100, 61
2026-06-30T02:52:28,111106, 143771, 100, 61
2026-06-30T02:52:29,111106, 143771, 100, 62
2026-06-30T02:52:30,111106, 143771, 100, 60
2026-06-30T02:52:31,111106, 143771, 97, 60
2026-06-30T02:52:32,111106, 143771, 100, 60
2026-06-30T02:52:33,111106, 143771, 100, 61
2026-06-30T02:52:34,111106, 143771, 100, 61
2026-06-30T02:52:35,111106, 143771, 100, 60
2026-06-30T02:52:36,111106, 143771, 100, 61
2026-06-30T02:52:37,111106, 143771, 100, 60
2026-06-30T02:52:38,111106, 143771, 100, 60
2026-06-30T02:52:39,111106, 143771, 100, 60
2026-06-30T02:52:40,111106, 143771, 100, 61
2026-06-30T02:52:41,111106, 143771, 100, 61
2026-06-30T02:52:42,111106, 143771, 100, 61
2026-06-30T02:52:43,111106, 143771, 97, 60
2026-06-30T02:52:44,111106, 143771, 100, 60
2026-06-30T02:52:45,111106, 143771, 100, 61
2026-06-30T02:52:46,111106, 143771, 100, 59
2026-06-30T02:52:47,111106, 143771, 100, 62
2026-06-30T02:52:48,111106, 143771, 100, 61
2026-06-30T02:52:49,111106, 143771, 100, 60
2026-06-30T02:52:50,111106, 143771, 100, 61
2026-06-30T02:52:51,111106, 143771, 100, 60
2026-06-30T02:52:53,111106, 143771, 100, 64
2026-06-30T02:52:54,111106, 143771, 100, 61
2026-06-30T02:52:55,111106, 143771, 100, 61
2026-06-30T02:52:56,111106, 143771, 100, 60
2026-06-30T02:52:57,111106, 143771, 100, 60
2026-06-30T02:52:58,111106, 143771, 100, 61
2026-06-30T02:52:59,111106, 143771, 100, 61
2026-06-30T02:53:00,111106, 143771, 100, 61
2026-06-30T02:53:01,111106, 143771, 99, 58
2026-06-30T02:53:02,111106, 143771, 100, 59
2026-06-30T02:53:03,111106, 143771, 100, 61
2026-06-30T02:53:04,111106, 143771, 100, 59
2026-06-30T02:53:05,111106, 143771, 100, 62
2026-06-30T02:53:06,111106, 143771, 100, 62
2026-06-30T02:53:07,111106, 143771, 100, 62
2026-06-30T02:53:08,111106, 143771, 100, 61
2026-06-30T02:53:09,111106, 143771, 100, 61
2026-06-30T02:53:10,111106, 143771, 100, 61
2026-06-30T02:53:11,111106, 143771, 100, 61
2026-06-30T02:53:12,111106, 143771, 100, 60
2026-06-30T02:53:13,111106, 143771, 100, 59
2026-06-30T02:53:14,111106, 143771, 100, 61
2026-06-30T02:53:15,111106, 143771, 100, 61
2026-06-30T02:53:16,111106, 143771, 100, 60
2026-06-30T02:53:17,111106, 143771, 100, 61
2026-06-30T02:53:18,111106, 143771, 100, 60
2026-06-30T02:53:19,111106, 143771, 100, 60
2026-06-30T02:53:20,111106, 143771, 100, 61
2026-06-30T02:53:21,111106, 143771, 100, 61
2026-06-30T02:53:22,111106, 143771, 100, 60
2026-06-30T02:53:23,111106, 143771, 100, 61
2026-06-30T02:53:24,111106, 143771, 100, 61
2026-06-30T02:53:25,111106, 143771, 100, 60
2026-06-30T02:53:26,111106, 143771, 100, 59
2026-06-30T02:53:27,111106, 143771, 100, 61
2026-06-30T02:53:29,111106, 143771, 100, 61
2026-06-30T02:53:30,111106, 143771, 100, 60
2026-06-30T02:53:31,111106, 143771, 100, 58
2026-06-30T02:53:32,111106, 143771, 100, 61
2026-06-30T02:53:33,111106, 143771, 100, 61
2026-06-30T02:53:34,111106, 143771, 100, 61
2026-06-30T02:53:35,111106, 143771, 100, 62
2026-06-30T02:53:36,111106, 143771, 100, 61
2026-06-30T02:53:37,111106, 143771, 100, 59
2026-06-30T02:53:38,111106, 143771, 100, 60
2026-06-30T02:53:39,111106, 143771, 100, 61
2026-06-30T02:53:40,111106, 143771, 100, 64
2026-06-30T02:53:41,111106, 143771, 100, 61
2026-06-30T02:53:42,111106, 143771, 100, 59
2026-06-30T02:53:43,111106, 143771, 97, 60
2026-06-30T02:53:44,111106, 143771, 100, 61
2026-06-30T02:53:45,111106, 143771, 100, 61
2026-06-30T02:53:46,111106, 143771, 100, 62
2026-06-30T02:53:47,111106, 143771, 100, 62
2026-06-30T02:53:48,111106, 143771, 97, 61
2026-06-30T02:53:49,111106, 143771, 100, 59
2026-06-30T02:53:50,111106, 143771, 100, 61
2026-06-30T02:53:51,111106, 143771, 100, 61
2026-06-30T02:53:52,111106, 143771, 100, 65
2026-06-30T02:53:53,111106, 143771, 100, 61
2026-06-30T02:53:54,111106, 143771, 100, 62
2026-06-30T02:53:55,111106, 143771, 100, 60
2026-06-30T02:53:56,111106, 143771, 100, 61
2026-06-30T02:53:57,111106, 143771, 100, 61
2026-06-30T02:53:58,111106, 143771, 100, 60
2026-06-30T02:53:59,111106, 143771, 100, 60
2026-06-30T02:54:00,111106, 143771, 97, 60
2026-06-30T02:54:01,111106, 143771, 100, 61
2026-06-30T02:54:02,111106, 143771, 100, 61
2026-06-30T02:54:04,111106, 143771, 100, 61
2026-06-30T02:54:05,111106, 143771, 100, 62
2026-06-30T02:54:06,111106, 143771, 100, 60
2026-06-30T02:54:07,111106, 143771, 100, 61
2026-06-30T02:54:08,111106, 143771, 100, 61
2026-06-30T02:54:09,111106, 143771, 100, 61
2026-06-30T02:54:10,111106, 143771, 100, 61
2026-06-30T02:54:11,111106, 143771, 100, 62
2026-06-30T02:54:12,111106, 143771, 100, 61
2026-06-30T02:54:13,111106, 143771, 96, 59
2026-06-30T02:54:14,111106, 143771, 100, 61
2026-06-30T02:54:15,111106, 143771, 100, 61
2026-06-30T02:54:16,111106, 143771, 100, 61
2026-06-30T02:54:17,111106, 143771, 100, 62
2026-06-30T02:54:18,111106, 143771, 100, 58
2026-06-30T02:54:19,111106, 143771, 100, 61
2026-06-30T02:54:20,111106, 143771, 100, 61
2026-06-30T02:54:21,111106, 143771, 100, 60
2026-06-30T02:54:22,111106, 143771, 100, 60
2026-06-30T02:54:23,111106, 143771, 100, 61
2026-06-30T02:54:24,111106, 143771, 100, 61
2026-06-30T02:54:25,111106, 143771, 100, 60
2026-06-30T02:54:26,111106, 143771, 100, 61
2026-06-30T02:54:27,111106, 143771, 100, 62
2026-06-30T02:54:28,111106, 143771, 100, 61
2026-06-30T02:54:29,111106, 143771, 100, 60
2026-06-30T02:54:30,111106, 143771, 100, 57
2026-06-30T02:54:31,111106, 143771, 100, 61
2026-06-30T02:54:32,111106, 143771, 100, 61
2026-06-30T02:54:33,111106, 143771, 100, 61
2026-06-30T02:54:34,111106, 143771, 100, 62
2026-06-30T02:54:35,111106, 143771, 100, 61
2026-06-30T02:54:36,111106, 143771, 100, 59
2026-06-30T02:54:37,111106, 143771, 100, 60
2026-06-30T02:54:39,111106, 143771, 100, 61
2026-06-30T02:54:40,111106, 143771, 100, 64
2026-06-30T02:54:41,111106, 143771, 100, 61
2026-06-30T02:54:42,111106, 143771, 100, 59
2026-06-30T02:54:43,111106, 143771, 98, 61
2026-06-30T02:54:44,111106, 143771, 100, 60
2026-06-30T02:54:45,111106, 143771, 100, 62
2026-06-30T02:54:46,111106, 143771, 100, 61
2026-06-30T02:54:47,111106, 143771, 100, 61
2026-06-30T02:54:48,111106, 143771, 100, 61
2026-06-30T02:54:49,111106, 143771, 100, 59
2026-06-30T02:54:50,111106, 143771, 100, 61
2026-06-30T02:54:51,111106, 143771, 100, 60
2026-06-30T02:54:52,111106, 143771, 100, 65
2026-06-30T02:54:53,111106, 143771, 100, 61
2026-06-30T02:54:54,111106, 143771, 100, 61
2026-06-30T02:54:55,111106, 143771, 98, 60
2026-06-30T02:54:56,111106, 143771, 100, 59
2026-06-30T02:54:57,111106, 143771, 100, 62
2026-06-30T02:54:58,111106, 143771, 100, 61
2026-06-30T02:54:59,111106, 143771, 100, 61
2026-06-30T02:55:00,111106, 143771, 98, 60
2026-06-30T02:55:01,111106, 143771, 100, 61
2026-06-30T02:55:02,111106, 143771, 100, 61
2026-06-30T02:55:03,111106, 143771, 100, 59
2026-06-30T02:55:04,111106, 143771, 100, 62
2026-06-30T02:55:05,111106, 143771, 100, 60
2026-06-30T02:55:06,111106, 143771, 100, 61
2026-06-30T02:55:07,111106, 143771, 100, 61
2026-06-30T02:55:08,111106, 143771, 100, 61
2026-06-30T02:55:09,111106, 143771, 100, 61
2026-06-30T02:55:10,111106, 143771, 100, 59
2026-06-30T02:55:11,111106, 143771, 100, 61
2026-06-30T02:55:12,111106, 143771, 97, 60
2026-06-30T02:55:13,111106, 143771, 100, 60
2026-06-30T02:55:15,111106, 143771, 100, 61
2026-06-30T02:55:16,111106, 143771, 100, 61
2026-06-30T02:55:17,111106, 143771, 100, 63
2026-06-30T02:55:18,111106, 143771, 100, 57
2026-06-30T02:55:19,111106, 143771, 100, 61
2026-06-30T02:55:20,111106, 143771, 100, 61
2026-06-30T02:55:21,111106, 143771, 100, 60
2026-06-30T02:55:22,111106, 143771, 100, 62
2026-06-30T02:55:23,111106, 143771, 100, 61
2026-06-30T02:55:24,111106, 143771, 100, 61
2026-06-30T02:55:25,111106, 143771, 100, 61
2026-06-30T02:55:26,111106, 143771, 100, 61
2026-06-30T02:55:27,111106, 143771, 100, 62
2026-06-30T02:55:28,111106, 143771, 100, 61
2026-06-30T02:55:29,111106, 143771, 100, 60
2026-06-30T02:55:30,111106, 143771, 100, 56
2026-06-30T02:55:31,111106, 143771, 100, 61
2026-06-30T02:55:32,111106, 143771, 100, 61
2026-06-30T02:55:33,111106, 143771, 100, 61
2026-06-30T02:55:34,111106, 143771, 100, 62
2026-06-30T02:55:35,111106, 143771, 100, 60
2026-06-30T02:55:36,111106, 143771, 100, 58
2026-06-30T02:55:37,111106, 143771, 100, 61
2026-06-30T02:55:38,111106, 143771, 100, 60
2026-06-30T02:55:39,111106, 143771, 100, 65
2026-06-30T02:55:40,111106, 143771, 100, 62
2026-06-30T02:55:41,111106, 143771, 100, 61
2026-06-30T02:55:42,41146, 143771, 98, 55
2026-06-30T02:55:43,14562, 143771, 0, 46
2026-06-30T02:55:44,14562, 143771, 0, 45
2026-06-30T02:55:45,14562, 143771, 0, 44
2026-06-30T02:55:46,14562, 143771, 0, 43
2026-06-30T02:55:47,14562, 143771, 0, 43
2026-06-30T02:55:48,14562, 143771, 0, 42
2026-06-30T02:55:49,14566, 143771, 4, 42
2026-06-30T02:55:51,14572, 143771, 4, 41
2026-06-30T02:55:52,14578, 143771, 0, 41
2026-06-30T02:55:53,14584, 143771, 4, 40
2026-06-30T02:55:54,14584, 143771, 0, 40
2026-06-30T02:55:55,14584, 143771, 0, 39
2026-06-30T02:55:56,14584, 143771, 0, 39
2026-06-30T02:55:57,14584, 143771, 0, 38
2026-06-30T02:55:58,14584, 143771, 0, 38
2026-06-30T02:55:59,14584, 143771, 0, 38
2026-06-30T02:56:00,14584, 143771, 0, 38
2026-06-30T02:56:01,14584, 143771, 0, 37
2026-06-30T02:56:02,14584, 143771, 0, 37
2026-06-30T02:56:03,14584, 143771, 0, 37
2026-06-30T02:56:04,14584, 143771, 0, 37
2026-06-30T02:56:05,14584, 143771, 0, 36
2026-06-30T02:56:06,14584, 143771, 0, 36
2026-06-30T02:56:07,14584, 143771, 0, 36
2026-06-30T02:56:08,14584, 143771, 0, 36
2026-06-30T02:56:09,14584, 143771, 0, 35
2026-06-30T02:56:10,14584, 143771, 0, 35
2026-06-30T02:56:11,14584, 143771, 0, 35
2026-06-30T02:56:12,14584, 143771, 0, 35
2026-06-30T02:56:13,14584, 143771, 0, 35
2026-06-30T02:56:14,14584, 143771, 0, 35
2026-06-30T02:56:15,14584, 143771, 0, 34
2026-06-30T02:56:16,14584, 143771, 0, 34
2026-06-30T02:56:17,14584, 143771, 0, 34
2026-06-30T02:56:18,14584, 143771, 0, 34
2026-06-30T02:56:19,14584, 143771, 0, 34
2026-06-30T02:56:20,14584, 143771, 0, 34
2026-06-30T02:56:21,14584, 143771, 0, 34
2026-06-30T02:56:22,14584, 143771, 0, 34
2026-06-30T02:56:23,14584, 143771, 0, 34
2026-06-30T02:56:24,14584, 143771, 0, 33
2026-06-30T02:56:25,14584, 143771, 0, 33
2026-06-30T02:56:26,14584, 143771, 0, 33
2026-06-30T02:56:27,14584, 143771, 0, 33
2026-06-30T02:56:28,14584, 143771, 0, 33
2026-06-30T02:56:29,14584, 143771, 0, 33
2026-06-30T02:56:30,14584, 143771, 0, 33
2026-06-30T02:56:31,14584, 143771, 0, 33
2026-06-30T02:56:32,18566, 143771, 8, 33
2026-06-30T02:56:34,46066, 143771, 100, 42
2026-06-30T02:56:35,46066, 143771, 0, 35
2026-06-30T02:56:36,44902, 143771, 0, 34
2026-06-30T02:56:37,13032, 143771, 0, 33
2026-06-30T02:56:38,13032, 143771, 0, 33
2026-06-30T02:56:39,13032, 143771, 0, 33
2026-06-30T02:56:40,4, 143771, 0, 33
