2026-06-30T02:56:40,0, 143771, 0, 33
2026-06-30T02:56:41,0, 143771, 0, 33
2026-06-30T02:56:42,4, 143771, 0, 32
2026-06-30T02:56:43,4, 143771, 0, 31
2026-06-30T02:56:44,4, 143771, 0, 31
2026-06-30T02:56:45,4, 143771, 0, 31
2026-06-30T02:56:46,4, 143771, 0, 31
2026-06-30T02:56:48,4, 143771, 0, 31
2026-06-30T02:56:49,4, 143771, 0, 31
2026-06-30T02:56:50,2476, 143771, 0, 32
2026-06-30T02:56:51,1356, 143771, 9, 32
2026-06-30T02:56:52,7236, 143771, 4, 32
2026-06-30T02:56:53,7636, 143771, 1, 32
2026-06-30T02:56:54,7638, 143771, 3, 32
2026-06-30T02:56:55,10178, 143771, 0, 32
2026-06-30T02:56:56,54052, 143771, 100, 38
2026-06-30T02:56:57,104616, 143771, 21, 35
2026-06-30T02:56:58,104616, 143771, 100, 45
2026-06-30T02:56:59,111056, 143771, 60, 47
2026-06-30T02:57:00,111056, 143771, 100, 50
2026-06-30T02:57:01,111056, 143771, 100, 49
2026-06-30T02:57:02,111056, 143771, 100, 51
2026-06-30T02:57:03,111056, 143771, 100, 51
2026-06-30T02:57:04,111056, 143771, 100, 52
2026-06-30T02:57:05,111056, 143771, 100, 52
2026-06-30T02:57:06,111056, 143771, 100, 51
2026-06-30T02:57:07,111056, 143771, 100, 53
2026-06-30T02:57:08,111056, 143771, 100, 54
2026-06-30T02:57:09,111056, 143771, 100, 53
2026-06-30T02:57:10,111056, 143771, 100, 54
2026-06-30T02:57:11,111056, 143771, 100, 54
2026-06-30T02:57:12,111056, 143771, 100, 53
2026-06-30T02:57:13,111056, 143771, 100, 55
2026-06-30T02:57:14,111056, 143771, 100, 56
2026-06-30T02:57:15,111056, 143771, 100, 55
2026-06-30T02:57:16,111056, 143771, 100, 55
2026-06-30T02:57:17,111056, 143771, 100, 55
2026-06-30T02:57:18,111056, 143771, 100, 56
2026-06-30T02:57:19,111056, 143771, 100, 55
2026-06-30T02:57:20,111056, 143771, 100, 56
2026-06-30T02:57:21,111056, 143771, 100, 56
2026-06-30T02:57:22,111056, 143771, 100, 55
2026-06-30T02:57:23,111056, 143771, 100, 56
2026-06-30T02:57:25,111056, 143771, 100, 57
2026-06-30T02:57:26,111056, 143771, 97, 56
2026-06-30T02:57:27,111056, 143771, 100, 57
2026-06-30T02:57:28,111056, 143771, 96, 52
2026-06-30T02:57:29,111056, 143771, 100, 56
2026-06-30T02:57:30,111056, 143771, 100, 54
2026-06-30T02:57:31,111056, 143771, 100, 56
2026-06-30T02:57:32,111056, 143771, 100, 54
2026-06-30T02:57:33,111056, 143771, 100, 57
2026-06-30T02:57:34,111056, 143771, 100, 58
2026-06-30T02:57:35,111056, 143771, 100, 56
2026-06-30T02:57:36,111056, 143771, 100, 58
2026-06-30T02:57:37,111056, 143771, 87, 57
2026-06-30T02:57:38,111056, 143771, 100, 59
2026-06-30T02:57:39,111056, 143771, 69, 58
2026-06-30T02:57:40,111056, 143771, 100, 58
2026-06-30T02:57:41,111056, 143771, 100, 52
2026-06-30T02:57:42,111056, 143771, 100, 58
2026-06-30T02:57:43,111056, 143771, 100, 54
2026-06-30T02:57:44,111056, 143771, 100, 58
2026-06-30T02:57:45,111056, 143771, 100, 58
2026-06-30T02:57:46,111056, 143771, 100, 59
2026-06-30T02:57:47,111056, 143771, 100, 59
2026-06-30T02:57:48,111056, 143771, 100, 59
2026-06-30T02:57:49,111056, 143771, 100, 58
2026-06-30T02:57:50,111056, 143771, 100, 57
2026-06-30T02:57:51,111056, 143771, 100, 59
2026-06-30T02:57:52,111056, 143771, 100, 59
2026-06-30T02:57:53,111056, 143771, 100, 59
2026-06-30T02:57:54,111056, 143771, 100, 58
2026-06-30T02:57:55,111056, 143771, 100, 59
2026-06-30T02:57:56,111056, 143771, 100, 59
2026-06-30T02:57:57,111056, 143771, 100, 58
2026-06-30T02:57:58,111056, 143771, 100, 59
2026-06-30T02:57:59,111056, 143771, 100, 58
2026-06-30T02:58:01,111056, 143771, 100, 59
2026-06-30T02:58:02,111056, 143771, 100, 59
2026-06-30T02:58:03,111056, 143771, 100, 59
2026-06-30T02:58:04,111056, 143771, 100, 58
2026-06-30T02:58:05,111056, 143771, 100, 60
2026-06-30T02:58:06,111056, 143771, 100, 59
2026-06-30T02:58:07,111056, 143771, 100, 59
2026-06-30T02:58:08,111056, 143771, 100, 58
2026-06-30T02:58:09,111056, 143771, 100, 59
2026-06-30T02:58:10,111056, 143771, 100, 58
2026-06-30T02:58:11,111056, 143771, 100, 59
2026-06-30T02:58:12,111056, 143771, 100, 54
2026-06-30T02:58:13,111056, 143771, 100, 58
2026-06-30T02:58:14,111056, 143771, 97, 60
2026-06-30T02:58:15,111056, 143771, 100, 60
2026-06-30T02:58:16,111056, 143771, 100, 58
2026-06-30T02:58:17,111056, 143771, 100, 59
2026-06-30T02:58:18,111056, 143771, 100, 60
2026-06-30T02:58:19,111056, 143771, 100, 58
2026-06-30T02:58:20,111056, 143771, 100, 60
2026-06-30T02:58:21,111056, 143771, 100, 61
2026-06-30T02:58:22,111056, 143771, 100, 60
2026-06-30T02:58:23,111056, 143771, 66, 55
2026-06-30T02:58:24,111056, 143771, 100, 59
2026-06-30T02:58:25,111056, 143771, 92, 54
2026-06-30T02:58:26,111056, 143771, 100, 60
2026-06-30T02:58:27,111056, 143771, 99, 61
2026-06-30T02:58:28,111056, 143771, 100, 60
2026-06-30T02:58:29,111056, 143771, 100, 59
2026-06-30T02:58:30,111056, 143771, 100, 60
2026-06-30T02:58:31,111056, 143771, 100, 60
2026-06-30T02:58:32,111056, 143771, 100, 60
2026-06-30T02:58:33,111056, 143771, 100, 59
2026-06-30T02:58:34,111056, 143771, 100, 59
2026-06-30T02:58:36,111056, 143771, 100, 60
2026-06-30T02:58:37,111056, 143771, 100, 60
2026-06-30T02:58:38,111056, 143771, 100, 59
2026-06-30T02:58:39,111056, 143771, 100, 60
2026-06-30T02:58:40,111056, 143771, 100, 60
2026-06-30T02:58:41,111056, 143771, 100, 60
2026-06-30T02:58:42,111056, 143771, 100, 60
2026-06-30T02:58:43,111056, 143771, 100, 59
2026-06-30T02:58:44,111056, 143771, 100, 59
2026-06-30T02:58:45,111056, 143771, 100, 59
2026-06-30T02:58:46,111056, 143771, 100, 59
2026-06-30T02:58:47,111056, 143771, 100, 60
2026-06-30T02:58:48,111056, 143771, 97, 59
2026-06-30T02:58:49,111056, 143771, 100, 60
2026-06-30T02:58:50,111056, 143771, 97, 58
2026-06-30T02:58:51,111056, 143771, 100, 59
2026-06-30T02:58:52,111056, 143771, 100, 61
2026-06-30T02:58:53,111056, 143771, 100, 59
2026-06-30T02:58:54,111056, 143771, 100, 60
2026-06-30T02:58:55,111056, 143771, 100, 59
2026-06-30T02:58:56,111056, 143771, 100, 61
2026-06-30T02:58:57,111056, 143771, 100, 59
2026-06-30T02:58:58,111056, 143771, 100, 60
2026-06-30T02:58:59,111056, 143771, 71, 61
2026-06-30T02:59:00,111056, 143771, 100, 60
2026-06-30T02:59:01,111056, 143771, 81, 61
2026-06-30T02:59:02,111056, 143771, 100, 59
2026-06-30T02:59:03,111056, 143771, 77, 57
2026-06-30T02:59:04,111056, 143771, 100, 60
2026-06-30T02:59:05,111056, 143771, 100, 56
2026-06-30T02:59:06,111056, 143771, 100, 60
2026-06-30T02:59:07,111056, 143771, 100, 59
2026-06-30T02:59:08,111056, 143771, 100, 59
2026-06-30T02:59:09,111056, 143771, 100, 60
2026-06-30T02:59:10,111056, 143771, 100, 60
2026-06-30T02:59:12,111056, 143771, 100, 60
2026-06-30T02:59:13,111056, 143771, 100, 60
2026-06-30T02:59:14,111056, 143771, 100, 60
2026-06-30T02:59:15,111056, 143771, 100, 60
2026-06-30T02:59:16,111056, 143771, 100, 60
2026-06-30T02:59:17,111056, 143771, 100, 60
2026-06-30T02:59:18,111056, 143771, 100, 60
2026-06-30T02:59:19,111056, 143771, 100, 60
2026-06-30T02:59:20,111056, 143771, 100, 60
2026-06-30T02:59:21,111056, 143771, 100, 61
2026-06-30T02:59:22,111056, 143771, 100, 60
2026-06-30T02:59:23,111056, 143771, 100, 60
2026-06-30T02:59:24,111056, 143771, 100, 60
2026-06-30T02:59:25,111056, 143771, 100, 60
2026-06-30T02:59:26,111056, 143771, 100, 60
2026-06-30T02:59:27,111056, 143771, 100, 60
2026-06-30T02:59:28,111056, 143771, 100, 59
2026-06-30T02:59:29,111056, 143771, 100, 60
2026-06-30T02:59:30,111056, 143771, 97, 59
2026-06-30T02:59:31,111056, 143771, 100, 60
2026-06-30T02:59:32,111056, 143771, 97, 59
2026-06-30T02:59:33,111056, 143771, 100, 60
2026-06-30T02:59:34,111056, 143771, 100, 60
2026-06-30T02:59:35,111056, 143771, 100, 59
2026-06-30T02:59:36,111056, 143771, 100, 60
2026-06-30T02:59:37,111056, 143771, 100, 59
2026-06-30T02:59:38,111056, 143771, 100, 61
2026-06-30T02:59:39,111056, 143771, 100, 61
2026-06-30T02:59:40,111056, 143771, 100, 60
2026-06-30T02:59:41,111056, 143771, 70, 60
2026-06-30T02:59:42,111056, 143771, 100, 60
2026-06-30T02:59:43,111056, 143771, 66, 61
2026-06-30T02:59:44,111056, 143771, 100, 61
2026-06-30T02:59:45,111056, 143771, 72, 63
2026-06-30T02:59:47,111056, 143771, 100, 60
2026-06-30T02:59:48,111056, 143771, 100, 63
2026-06-30T02:59:49,111056, 143771, 100, 59
2026-06-30T02:59:50,111056, 143771, 100, 60
2026-06-30T02:59:51,111056, 143771, 100, 61
2026-06-30T02:59:52,111056, 143771, 100, 60
2026-06-30T02:59:53,111056, 143771, 100, 60
2026-06-30T02:59:54,111056, 143771, 100, 61
2026-06-30T02:59:55,111056, 143771, 100, 60
2026-06-30T02:59:56,111056, 143771, 100, 60
2026-06-30T02:59:57,111056, 143771, 100, 60
2026-06-30T02:59:58,111056, 143771, 100, 60
2026-06-30T02:59:59,111056, 143771, 100, 60
2026-06-30T03:00:00,111056, 143771, 100, 59
2026-06-30T03:00:01,111056, 143771, 100, 60
2026-06-30T03:00:02,111056, 143771, 100, 60
2026-06-30T03:00:03,111056, 143771, 100, 61
2026-06-30T03:00:04,111056, 143771, 100, 60
2026-06-30T03:00:05,111056, 143771, 100, 59
2026-06-30T03:00:06,111056, 143771, 100, 60
2026-06-30T03:00:07,111056, 143771, 100, 60
2026-06-30T03:00:08,111056, 143771, 98, 59
2026-06-30T03:00:09,111056, 143771, 100, 61
2026-06-30T03:00:10,111056, 143771, 99, 55
2026-06-30T03:00:11,111056, 143771, 100, 60
2026-06-30T03:00:12,111056, 143771, 100, 57
2026-06-30T03:00:13,111056, 143771, 100, 59
2026-06-30T03:00:14,111056, 143771, 100, 59
2026-06-30T03:00:15,111056, 143771, 100, 60
2026-06-30T03:00:16,111056, 143771, 100, 60
2026-06-30T03:00:17,111056, 143771, 100, 58
2026-06-30T03:00:18,111056, 143771, 100, 60
2026-06-30T03:00:19,111056, 143771, 100, 61
2026-06-30T03:00:20,111056, 143771, 100, 60
2026-06-30T03:00:22,111056, 143771, 100, 60
2026-06-30T03:00:23,111056, 143771, 100, 60
2026-06-30T03:00:24,111056, 143771, 52, 61
2026-06-30T03:00:25,111056, 143771, 100, 60
2026-06-30T03:00:26,111056, 143771, 59, 58
2026-06-30T03:00:27,111056, 143771, 100, 60
2026-06-30T03:00:28,111056, 143771, 100, 63
2026-06-30T03:00:29,111056, 143771, 100, 60
2026-06-30T03:00:30,111056, 143771, 100, 64
2026-06-30T03:00:31,111056, 143771, 100, 60
2026-06-30T03:00:32,111056, 143771, 100, 60
2026-06-30T03:00:33,111056, 143771, 100, 61
2026-06-30T03:00:34,111056, 143771, 100, 61
2026-06-30T03:00:35,111056, 143771, 100, 60
2026-06-30T03:00:36,111056, 143771, 100, 60
2026-06-30T03:00:37,111056, 143771, 100, 60
2026-06-30T03:00:38,111056, 143771, 100, 60
2026-06-30T03:00:39,111056, 143771, 100, 60
2026-06-30T03:00:40,111056, 143771, 100, 61
2026-06-30T03:00:41,111056, 143771, 100, 61
2026-06-30T03:00:42,111056, 143771, 100, 60
2026-06-30T03:00:43,111056, 143771, 100, 60
2026-06-30T03:00:44,111056, 143771, 100, 60
2026-06-30T03:00:45,111056, 143771, 100, 60
2026-06-30T03:00:46,111056, 143771, 100, 60
2026-06-30T03:00:47,111056, 143771, 100, 60
2026-06-30T03:00:48,111056, 143771, 100, 60
2026-06-30T03:00:49,111056, 143771, 100, 60
2026-06-30T03:00:50,111056, 143771, 97, 59
2026-06-30T03:00:51,111056, 143771, 100, 61
2026-06-30T03:00:52,111056, 143771, 99, 55
2026-06-30T03:00:53,111056, 143771, 100, 61
2026-06-30T03:00:54,111056, 143771, 100, 55
2026-06-30T03:00:55,111056, 143771, 100, 60
2026-06-30T03:00:57,111056, 143771, 100, 61
2026-06-30T03:00:58,111056, 143771, 100, 60
2026-06-30T03:00:59,111056, 143771, 100, 60
2026-06-30T03:01:00,111056, 143771, 100, 59
2026-06-30T03:01:01,111056, 143771, 100, 60
2026-06-30T03:01:02,111056, 143771, 100, 59
2026-06-30T03:01:03,111056, 143771, 100, 59
2026-06-30T03:01:04,111056, 143771, 93, 58
2026-06-30T03:01:05,111056, 143771, 100, 60
2026-06-30T03:01:06,111056, 143771, 93, 54
2026-06-30T03:01:07,111056, 143771, 100, 60
2026-06-30T03:01:08,111056, 143771, 100, 56
2026-06-30T03:01:09,111056, 143771, 100, 60
2026-06-30T03:01:10,111056, 143771, 100, 60
2026-06-30T03:01:11,111056, 143771, 100, 61
2026-06-30T03:01:12,111056, 143771, 100, 60
2026-06-30T03:01:13,111056, 143771, 100, 60
2026-06-30T03:01:14,111056, 143771, 100, 60
2026-06-30T03:01:15,111056, 143771, 100, 60
2026-06-30T03:01:16,111056, 143771, 100, 60
2026-06-30T03:01:17,111056, 143771, 100, 59
2026-06-30T03:01:18,111056, 143771, 100, 61
2026-06-30T03:01:19,111056, 143771, 100, 59
2026-06-30T03:01:20,111056, 143771, 100, 60
2026-06-30T03:01:21,111056, 143771, 100, 61
2026-06-30T03:01:22,111056, 143771, 100, 60
2026-06-30T03:01:23,111056, 143771, 100, 61
2026-06-30T03:01:24,111056, 143771, 100, 60
2026-06-30T03:01:25,111056, 143771, 100, 60
2026-06-30T03:01:26,111056, 143771, 100, 60
2026-06-30T03:01:27,111056, 143771, 100, 60
2026-06-30T03:01:28,111056, 143771, 100, 60
2026-06-30T03:01:29,111056, 143771, 100, 60
2026-06-30T03:01:30,111056, 143771, 100, 60
2026-06-30T03:01:31,111056, 143771, 100, 60
2026-06-30T03:01:33,111056, 143771, 100, 59
2026-06-30T03:01:34,111056, 143771, 100, 60
2026-06-30T03:01:35,111056, 143771, 97, 59
2026-06-30T03:01:36,111056, 143771, 100, 61
2026-06-30T03:01:37,111056, 143771, 97, 59
2026-06-30T03:01:38,111056, 143771, 100, 60
2026-06-30T03:01:39,111056, 143771, 97, 60
2026-06-30T03:01:40,111056, 143771, 100, 60
2026-06-30T03:01:41,111056, 143771, 100, 61
2026-06-30T03:01:42,111056, 143771, 100, 59
2026-06-30T03:01:43,111056, 143771, 100, 61
2026-06-30T03:01:44,111056, 143771, 100, 59
2026-06-30T03:01:45,111056, 143771, 100, 60
2026-06-30T03:01:46,111056, 143771, 100, 61
2026-06-30T03:01:47,111056, 143771, 100, 60
2026-06-30T03:01:48,111056, 143771, 62, 61
2026-06-30T03:01:49,111056, 143771, 100, 59
2026-06-30T03:01:50,111056, 143771, 100, 58
2026-06-30T03:01:51,111056, 143771, 100, 60
2026-06-30T03:01:52,111056, 143771, 100, 61
2026-06-30T03:01:53,111056, 143771, 100, 59
2026-06-30T03:01:54,111056, 143771, 100, 61
2026-06-30T03:01:55,111056, 143771, 100, 60
2026-06-30T03:01:56,111056, 143771, 100, 65
2026-06-30T03:01:57,111056, 143771, 100, 60
2026-06-30T03:01:58,111056, 143771, 100, 59
2026-06-30T03:01:59,111056, 143771, 100, 60
2026-06-30T03:02:00,111056, 143771, 100, 60
2026-06-30T03:02:01,111056, 143771, 100, 61
2026-06-30T03:02:02,111056, 143771, 100, 60
2026-06-30T03:02:03,111056, 143771, 100, 60
2026-06-30T03:02:04,111056, 143771, 100, 61
2026-06-30T03:02:05,111056, 143771, 100, 60
2026-06-30T03:02:06,111056, 143771, 100, 60
2026-06-30T03:02:08,111056, 143771, 100, 60
2026-06-30T03:02:09,111056, 143771, 100, 60
2026-06-30T03:02:10,111056, 143771, 100, 60
2026-06-30T03:02:11,111056, 143771, 100, 61
2026-06-30T03:02:12,111056, 143771, 100, 61
2026-06-30T03:02:13,111056, 143771, 100, 60
2026-06-30T03:02:14,111056, 143771, 100, 61
2026-06-30T03:02:15,111056, 143771, 100, 60
2026-06-30T03:02:16,111056, 143771, 100, 60
2026-06-30T03:02:17,111056, 143771, 100, 60
2026-06-30T03:02:18,111056, 143771, 100, 60
2026-06-30T03:02:19,111056, 143771, 100, 60
2026-06-30T03:02:20,111056, 143771, 100, 61
2026-06-30T03:02:21,111056, 143771, 100, 60
2026-06-30T03:02:22,111056, 143771, 100, 61
2026-06-30T03:02:23,111056, 143771, 100, 60
2026-06-30T03:02:24,111056, 143771, 100, 60
2026-06-30T03:02:25,111056, 143771, 100, 60
2026-06-30T03:02:26,111056, 143771, 100, 61
2026-06-30T03:02:27,111056, 143771, 100, 60
2026-06-30T03:02:28,111056, 143771, 100, 61
2026-06-30T03:02:29,111056, 143771, 100, 60
2026-06-30T03:02:30,111056, 143771, 100, 60
2026-06-30T03:02:31,111056, 143771, 100, 59
2026-06-30T03:02:32,111056, 143771, 100, 59
2026-06-30T03:02:33,111056, 143771, 97, 57
2026-06-30T03:02:34,111056, 143771, 100, 60
2026-06-30T03:02:35,111056, 143771, 99, 59
2026-06-30T03:02:36,111056, 143771, 100, 60
2026-06-30T03:02:37,111056, 143771, 100, 61
2026-06-30T03:02:38,111056, 143771, 100, 59
2026-06-30T03:02:39,111056, 143771, 100, 61
2026-06-30T03:02:40,111056, 143771, 100, 59
2026-06-30T03:02:41,111056, 143771, 100, 59
2026-06-30T03:02:42,111056, 143771, 81, 54
2026-06-30T03:02:44,111056, 143771, 100, 61
2026-06-30T03:02:45,111056, 143771, 100, 54
2026-06-30T03:02:46,111056, 143771, 100, 61
2026-06-30T03:02:47,111056, 143771, 91, 61
2026-06-30T03:02:48,111056, 143771, 100, 60
2026-06-30T03:02:49,111056, 143771, 100, 60
2026-06-30T03:02:50,111056, 143771, 100, 60
2026-06-30T03:02:51,111056, 143771, 100, 61
2026-06-30T03:02:52,111056, 143771, 100, 61
2026-06-30T03:02:53,111056, 143771, 100, 61
2026-06-30T03:02:54,111056, 143771, 100, 60
2026-06-30T03:02:55,111056, 143771, 100, 60
2026-06-30T03:02:56,111056, 143771, 100, 59
2026-06-30T03:02:57,111056, 143771, 100, 61
2026-06-30T03:02:58,111056, 143771, 100, 61
2026-06-30T03:02:59,111056, 143771, 100, 60
2026-06-30T03:03:00,111056, 143771, 100, 61
2026-06-30T03:03:01,111056, 143771, 100, 60
2026-06-30T03:03:02,111056, 143771, 100, 59
2026-06-30T03:03:03,111056, 143771, 100, 60
2026-06-30T03:03:04,111056, 143771, 100, 61
2026-06-30T03:03:05,111056, 143771, 100, 60
2026-06-30T03:03:06,111056, 143771, 100, 60
2026-06-30T03:03:07,111056, 143771, 100, 59
2026-06-30T03:03:08,111056, 143771, 100, 60
2026-06-30T03:03:09,111056, 143771, 100, 60
2026-06-30T03:03:10,111056, 143771, 100, 61
2026-06-30T03:03:11,111056, 143771, 100, 59
2026-06-30T03:03:12,111056, 143771, 100, 61
2026-06-30T03:03:13,111056, 143771, 97, 59
2026-06-30T03:03:14,111056, 143771, 100, 60
2026-06-30T03:03:15,111056, 143771, 97, 59
2026-06-30T03:03:16,111056, 143771, 100, 60
2026-06-30T03:03:17,111056, 143771, 100, 60
2026-06-30T03:03:19,111056, 143771, 100, 60
2026-06-30T03:03:20,111056, 143771, 100, 60
2026-06-30T03:03:21,111056, 143771, 100, 58
2026-06-30T03:03:22,111056, 143771, 100, 60
2026-06-30T03:03:23,111056, 143771, 97, 59
2026-06-30T03:03:24,111056, 143771, 100, 60
2026-06-30T03:03:25,111056, 143771, 65, 54
2026-06-30T03:03:26,111056, 143771, 100, 60
2026-06-30T03:03:27,111056, 143771, 100, 57
2026-06-30T03:03:28,111056, 143771, 100, 61
2026-06-30T03:03:29,111056, 143771, 100, 61
2026-06-30T03:03:30,111056, 143771, 100, 59
2026-06-30T03:03:31,111056, 143771, 100, 61
2026-06-30T03:03:32,111056, 143771, 100, 60
2026-06-30T03:03:33,111056, 143771, 100, 60
2026-06-30T03:03:34,111056, 143771, 100, 60
2026-06-30T03:03:35,111056, 143771, 100, 60
2026-06-30T03:03:36,111056, 143771, 100, 61
2026-06-30T03:03:37,111056, 143771, 100, 60
2026-06-30T03:03:38,111056, 143771, 100, 60
2026-06-30T03:03:39,111056, 143771, 100, 60
2026-06-30T03:03:40,111056, 143771, 100, 59
2026-06-30T03:03:41,111056, 143771, 100, 60
2026-06-30T03:03:42,111056, 143771, 100, 61
2026-06-30T03:03:43,111056, 143771, 100, 60
2026-06-30T03:03:44,111056, 143771, 100, 61
2026-06-30T03:03:45,111056, 143771, 100, 60
2026-06-30T03:03:46,111056, 143771, 100, 59
2026-06-30T03:03:47,111056, 143771, 100, 60
2026-06-30T03:03:48,111056, 143771, 100, 61
2026-06-30T03:03:49,111056, 143771, 100, 55
2026-06-30T03:03:50,111056, 143771, 100, 60
2026-06-30T03:03:51,111056, 143771, 97, 58
2026-06-30T03:03:52,111056, 143771, 100, 60
2026-06-30T03:03:53,111056, 143771, 96, 61
2026-06-30T03:03:55,111056, 143771, 100, 59
2026-06-30T03:03:56,111056, 143771, 100, 57
2026-06-30T03:03:57,111056, 143771, 100, 61
2026-06-30T03:03:58,111056, 143771, 100, 60
2026-06-30T03:03:59,111056, 143771, 100, 59
2026-06-30T03:04:00,111056, 143771, 100, 61
2026-06-30T03:04:01,111056, 143771, 100, 60
2026-06-30T03:04:02,111056, 143771, 100, 60
2026-06-30T03:04:03,111056, 143771, 100, 59
2026-06-30T03:04:04,111056, 143771, 100, 61
2026-06-30T03:04:05,111056, 143771, 100, 60
2026-06-30T03:04:06,111056, 143771, 100, 60
2026-06-30T03:04:07,111056, 143771, 49, 59
2026-06-30T03:04:08,111056, 143771, 100, 61
2026-06-30T03:04:09,111056, 143771, 64, 61
2026-06-30T03:04:10,111056, 143771, 100, 61
2026-06-30T03:04:11,111056, 143771, 59, 63
2026-06-30T03:04:12,111056, 143771, 100, 60
2026-06-30T03:04:13,111056, 143771, 100, 62
2026-06-30T03:04:14,111056, 143771, 100, 61
2026-06-30T03:04:15,111056, 143771, 100, 60
2026-06-30T03:04:16,111056, 143771, 100, 61
2026-06-30T03:04:17,111056, 143771, 100, 60
2026-06-30T03:04:18,111056, 143771, 100, 61
2026-06-30T03:04:19,111056, 143771, 100, 60
2026-06-30T03:04:20,111056, 143771, 100, 61
2026-06-30T03:04:21,111056, 143771, 100, 60
2026-06-30T03:04:22,111056, 143771, 100, 60
2026-06-30T03:04:23,111056, 143771, 100, 60
2026-06-30T03:04:24,111056, 143771, 100, 60
2026-06-30T03:04:25,111056, 143771, 100, 60
2026-06-30T03:04:26,111056, 143771, 100, 60
2026-06-30T03:04:27,111056, 143771, 100, 60
2026-06-30T03:04:28,111056, 143771, 100, 59
2026-06-30T03:04:30,111056, 143771, 100, 60
2026-06-30T03:04:31,111056, 143771, 100, 61
2026-06-30T03:04:32,111056, 143771, 100, 60
2026-06-30T03:04:33,111056, 143771, 100, 59
2026-06-30T03:04:34,111056, 143771, 100, 60
2026-06-30T03:04:35,111056, 143771, 100, 61
2026-06-30T03:04:36,111056, 143771, 100, 60
2026-06-30T03:04:37,111056, 143771, 100, 60
2026-06-30T03:04:38,111056, 143771, 96, 59
2026-06-30T03:04:39,111056, 143771, 100, 60
2026-06-30T03:04:40,111056, 143771, 97, 59
2026-06-30T03:04:41,111056, 143771, 100, 60
2026-06-30T03:04:42,111056, 143771, 100, 61
2026-06-30T03:04:43,111056, 143771, 100, 59
2026-06-30T03:04:44,111056, 143771, 100, 59
2026-06-30T03:04:45,111056, 143771, 100, 60
2026-06-30T03:04:46,111056, 143771, 100, 61
2026-06-30T03:04:47,111056, 143771, 100, 60
2026-06-30T03:04:48,111056, 143771, 100, 59
2026-06-30T03:04:49,111056, 143771, 73, 59
2026-06-30T03:04:50,111056, 143771, 100, 61
2026-06-30T03:04:51,111056, 143771, 100, 60
2026-06-30T03:04:52,111056, 143771, 100, 61
2026-06-30T03:04:53,111056, 143771, 100, 62
2026-06-30T03:04:54,111056, 143771, 100, 61
2026-06-30T03:04:55,111056, 143771, 100, 61
2026-06-30T03:04:56,111056, 143771, 100, 61
2026-06-30T03:04:57,111056, 143771, 100, 62
2026-06-30T03:04:58,111056, 143771, 100, 59
2026-06-30T03:04:59,111056, 143771, 100, 58
2026-06-30T03:05:00,111056, 143771, 100, 61
2026-06-30T03:05:01,111056, 143771, 100, 62
2026-06-30T03:05:02,111056, 143771, 100, 59
2026-06-30T03:05:04,111056, 143771, 100, 61
2026-06-30T03:05:05,111056, 143771, 100, 61
2026-06-30T03:05:06,111056, 143771, 100, 62
2026-06-30T03:05:07,111056, 143771, 100, 59
2026-06-30T03:05:08,111056, 143771, 100, 59
2026-06-30T03:05:09,111056, 143771, 100, 61
2026-06-30T03:05:10,111056, 143771, 100, 60
2026-06-30T03:05:11,111056, 143771, 100, 61
2026-06-30T03:05:12,111056, 143771, 100, 60
2026-06-30T03:05:13,111056, 143771, 100, 60
2026-06-30T03:05:14,111056, 143771, 100, 60
2026-06-30T03:05:15,111056, 143771, 100, 61
2026-06-30T03:05:16,111056, 143771, 100, 60
2026-06-30T03:05:17,111056, 143771, 100, 60
2026-06-30T03:05:18,111056, 143771, 100, 60
2026-06-30T03:05:19,111056, 143771, 100, 60
2026-06-30T03:05:20,111056, 143771, 100, 61
2026-06-30T03:05:21,111056, 143771, 100, 60
2026-06-30T03:05:22,111056, 143771, 100, 60
2026-06-30T03:05:23,111056, 143771, 100, 61
2026-06-30T03:05:24,111056, 143771, 100, 60
2026-06-30T03:05:25,111056, 143771, 100, 60
2026-06-30T03:05:26,111056, 143771, 100, 60
2026-06-30T03:05:27,111056, 143771, 100, 60
2026-06-30T03:05:28,111056, 143771, 100, 60
2026-06-30T03:05:29,111056, 143771, 100, 60
2026-06-30T03:05:30,111056, 143771, 100, 60
2026-06-30T03:05:31,111056, 143771, 100, 61
2026-06-30T03:05:32,111056, 143771, 100, 60
2026-06-30T03:05:33,111056, 143771, 100, 61
2026-06-30T03:05:34,111056, 143771, 100, 59
2026-06-30T03:05:35,111056, 143771, 100, 61
2026-06-30T03:05:36,111056, 143771, 100, 60
2026-06-30T03:05:37,111056, 143771, 100, 61
2026-06-30T03:05:39,111056, 143771, 100, 60
2026-06-30T03:05:40,111056, 143771, 100, 61
2026-06-30T03:05:41,111056, 143771, 100, 60
2026-06-30T03:05:42,111056, 143771, 100, 60
2026-06-30T03:05:43,111056, 143771, 100, 60
2026-06-30T03:05:44,111056, 143771, 100, 60
2026-06-30T03:05:45,111056, 143771, 100, 59
2026-06-30T03:05:46,111056, 143771, 100, 60
2026-06-30T03:05:47,111056, 143771, 96, 60
2026-06-30T03:05:48,111056, 143771, 100, 62
2026-06-30T03:05:49,111056, 143771, 96, 59
2026-06-30T03:05:50,111056, 143771, 100, 61
2026-06-30T03:05:51,111056, 143771, 99, 58
2026-06-30T03:05:52,111056, 143771, 100, 59
2026-06-30T03:05:53,111056, 143771, 96, 58
2026-06-30T03:05:54,111056, 143771, 100, 60
2026-06-30T03:05:55,111056, 143771, 97, 61
2026-06-30T03:05:56,111056, 143771, 100, 61
2026-06-30T03:05:57,111056, 143771, 100, 61
2026-06-30T03:05:58,111056, 143771, 100, 59
2026-06-30T03:05:59,111056, 143771, 100, 58
2026-06-30T03:06:00,111056, 143771, 100, 60
2026-06-30T03:06:01,111056, 143771, 100, 61
2026-06-30T03:06:02,111056, 143771, 100, 60
2026-06-30T03:06:03,111056, 143771, 100, 60
2026-06-30T03:06:04,111056, 143771, 100, 60
2026-06-30T03:06:05,111056, 143771, 100, 62
2026-06-30T03:06:06,111056, 143771, 100, 61
2026-06-30T03:06:07,111056, 143771, 100, 61
2026-06-30T03:06:08,111056, 143771, 100, 59
2026-06-30T03:06:09,111056, 143771, 100, 61
2026-06-30T03:06:10,111056, 143771, 100, 60
2026-06-30T03:06:11,111056, 143771, 100, 61
2026-06-30T03:06:13,111056, 143771, 100, 62
2026-06-30T03:06:14,111056, 143771, 100, 59
2026-06-30T03:06:15,111056, 143771, 55, 62
2026-06-30T03:06:16,111056, 143771, 100, 61
2026-06-30T03:06:17,111056, 143771, 62, 61
2026-06-30T03:06:18,111056, 143771, 100, 60
2026-06-30T03:06:19,111056, 143771, 100, 64
2026-06-30T03:06:20,111056, 143771, 100, 61
2026-06-30T03:06:21,111056, 143771, 100, 60
2026-06-30T03:06:22,111056, 143771, 100, 61
2026-06-30T03:06:23,111056, 143771, 100, 60
2026-06-30T03:06:24,111056, 143771, 100, 59
2026-06-30T03:06:25,111056, 143771, 100, 61
2026-06-30T03:06:26,111056, 143771, 100, 61
2026-06-30T03:06:27,111056, 143771, 100, 61
2026-06-30T03:06:28,111056, 143771, 100, 60
2026-06-30T03:06:29,111056, 143771, 100, 61
2026-06-30T03:06:30,111056, 143771, 100, 61
2026-06-30T03:06:31,111056, 143771, 100, 61
2026-06-30T03:06:32,111056, 143771, 100, 60
2026-06-30T03:06:33,111056, 143771, 100, 61
2026-06-30T03:06:34,111056, 143771, 100, 61
2026-06-30T03:06:35,111056, 143771, 100, 60
2026-06-30T03:06:36,111056, 143771, 100, 61
2026-06-30T03:06:37,111056, 143771, 100, 60
2026-06-30T03:06:38,111056, 143771, 100, 61
2026-06-30T03:06:39,111056, 143771, 100, 60
2026-06-30T03:06:40,111056, 143771, 100, 61
2026-06-30T03:06:41,111056, 143771, 100, 60
2026-06-30T03:06:42,111056, 143771, 100, 59
2026-06-30T03:06:43,111056, 143771, 100, 60
2026-06-30T03:06:44,111056, 143771, 100, 61
2026-06-30T03:06:45,111056, 143771, 97, 59
2026-06-30T03:06:46,111056, 143771, 100, 60
2026-06-30T03:06:48,111056, 143771, 96, 59
2026-06-30T03:06:49,111056, 143771, 100, 60
2026-06-30T03:06:50,111056, 143771, 100, 57
2026-06-30T03:06:51,111056, 143771, 100, 61
2026-06-30T03:06:52,111056, 143771, 99, 55
2026-06-30T03:06:53,111056, 143771, 100, 60
2026-06-30T03:06:54,111056, 143771, 97, 61
2026-06-30T03:06:55,111056, 143771, 100, 61
2026-06-30T03:06:56,111056, 143771, 100, 61
2026-06-30T03:06:57,111056, 143771, 100, 59
2026-06-30T03:06:58,111056, 143771, 100, 59
2026-06-30T03:06:59,111056, 143771, 100, 60
2026-06-30T03:07:00,111056, 143771, 100, 61
2026-06-30T03:07:01,111056, 143771, 100, 61
2026-06-30T03:07:02,111056, 143771, 100, 61
2026-06-30T03:07:03,111056, 143771, 100, 60
2026-06-30T03:07:04,111056, 143771, 100, 61
2026-06-30T03:07:05,111056, 143771, 100, 63
2026-06-30T03:07:06,111056, 143771, 100, 61
2026-06-30T03:07:07,111056, 143771, 100, 61
2026-06-30T03:07:08,111056, 143771, 100, 60
2026-06-30T03:07:09,111056, 143771, 48, 61
2026-06-30T03:07:10,111056, 143771, 100, 61
2026-06-30T03:07:11,111056, 143771, 100, 65
2026-06-30T03:07:12,111056, 143771, 100, 61
2026-06-30T03:07:13,111056, 143771, 100, 60
2026-06-30T03:07:14,111056, 143771, 100, 61
2026-06-30T03:07:15,111056, 143771, 100, 61
2026-06-30T03:07:16,111056, 143771, 100, 61
2026-06-30T03:07:17,111056, 143771, 100, 61
2026-06-30T03:07:18,111056, 143771, 100, 60
2026-06-30T03:07:19,111056, 143771, 100, 61
2026-06-30T03:07:20,111056, 143771, 100, 61
2026-06-30T03:07:21,111056, 143771, 100, 61
2026-06-30T03:07:23,111056, 143771, 100, 60
2026-06-30T03:07:24,111056, 143771, 100, 61
2026-06-30T03:07:25,111056, 143771, 100, 61
2026-06-30T03:07:26,111056, 143771, 100, 60
2026-06-30T03:07:27,111056, 143771, 100, 60
2026-06-30T03:07:28,111056, 143771, 100, 60
2026-06-30T03:07:29,111056, 143771, 100, 61
2026-06-30T03:07:30,111056, 143771, 100, 60
2026-06-30T03:07:31,111056, 143771, 100, 61
2026-06-30T03:07:32,111056, 143771, 100, 60
2026-06-30T03:07:33,111056, 143771, 100, 59
2026-06-30T03:07:34,111056, 143771, 100, 60
2026-06-30T03:07:35,111056, 143771, 100, 61
2026-06-30T03:07:36,111056, 143771, 100, 60
2026-06-30T03:07:37,111056, 143771, 100, 61
2026-06-30T03:07:38,111056, 143771, 100, 60
2026-06-30T03:07:39,111056, 143771, 100, 61
2026-06-30T03:07:40,111056, 143771, 100, 60
2026-06-30T03:07:41,111056, 143771, 100, 60
2026-06-30T03:07:42,111056, 143771, 100, 60
2026-06-30T03:07:43,111056, 143771, 100, 60
2026-06-30T03:07:44,111056, 143771, 100, 60
2026-06-30T03:07:45,111056, 143771, 100, 61
2026-06-30T03:07:46,111056, 143771, 100, 60
2026-06-30T03:07:47,111056, 143771, 100, 61
2026-06-30T03:07:48,111056, 143771, 100, 60
2026-06-30T03:07:49,111056, 143771, 100, 61
2026-06-30T03:07:50,111056, 143771, 100, 60
2026-06-30T03:07:51,111056, 143771, 100, 61
2026-06-30T03:07:52,111056, 143771, 100, 60
2026-06-30T03:07:53,111056, 143771, 100, 59
2026-06-30T03:07:54,111056, 143771, 100, 61
2026-06-30T03:07:55,111056, 143771, 100, 61
2026-06-30T03:07:56,111056, 143771, 97, 60
2026-06-30T03:07:58,111056, 143771, 100, 60
2026-06-30T03:07:59,111056, 143771, 100, 61
2026-06-30T03:08:00,111056, 143771, 100, 61
2026-06-30T03:08:01,111056, 143771, 100, 59
2026-06-30T03:08:02,111056, 143771, 100, 61
2026-06-30T03:08:03,111056, 143771, 96, 58
2026-06-30T03:08:04,111056, 143771, 100, 60
2026-06-30T03:08:05,111056, 143771, 96, 57
2026-06-30T03:08:06,111056, 143771, 100, 60
2026-06-30T03:08:07,111056, 143771, 100, 61
2026-06-30T03:08:08,111056, 143771, 100, 59
2026-06-30T03:08:09,111056, 143771, 100, 60
2026-06-30T03:08:10,111056, 143771, 74, 61
2026-06-30T03:08:11,111056, 143771, 100, 61
2026-06-30T03:08:12,111056, 143771, 100, 60
2026-06-30T03:08:13,111056, 143771, 100, 59
2026-06-30T03:08:14,111056, 143771, 68, 54
2026-06-30T03:08:15,111056, 143771, 100, 61
2026-06-30T03:08:16,111056, 143771, 100, 63
2026-06-30T03:08:17,111056, 143771, 100, 61
2026-06-30T03:08:18,111056, 143771, 68, 64
2026-06-30T03:08:19,111056, 143771, 100, 61
2026-06-30T03:08:20,111056, 143771, 100, 63
2026-06-30T03:08:21,111056, 143771, 100, 61
2026-06-30T03:08:22,111056, 143771, 100, 64
2026-06-30T03:08:23,111056, 143771, 100, 61
2026-06-30T03:08:24,111056, 143771, 100, 60
2026-06-30T03:08:25,111056, 143771, 100, 60
2026-06-30T03:08:26,111056, 143771, 100, 61
2026-06-30T03:08:27,111056, 143771, 100, 61
2026-06-30T03:08:28,111056, 143771, 100, 61
2026-06-30T03:08:29,111056, 143771, 100, 59
2026-06-30T03:08:30,111056, 143771, 100, 61
2026-06-30T03:08:31,111056, 143771, 100, 60
2026-06-30T03:08:33,111056, 143771, 100, 60
2026-06-30T03:08:34,111056, 143771, 100, 61
2026-06-30T03:08:35,111056, 143771, 100, 61
2026-06-30T03:08:36,111056, 143771, 100, 60
2026-06-30T03:08:37,111056, 143771, 100, 60
2026-06-30T03:08:38,111056, 143771, 100, 61
2026-06-30T03:08:39,111056, 143771, 100, 60
2026-06-30T03:08:40,111056, 143771, 100, 61
2026-06-30T03:08:41,111056, 143771, 100, 60
2026-06-30T03:08:42,111056, 143771, 100, 61
2026-06-30T03:08:43,111056, 143771, 100, 60
2026-06-30T03:08:44,111056, 143771, 100, 61
2026-06-30T03:08:45,111056, 143771, 100, 60
2026-06-30T03:08:46,111056, 143771, 100, 60
2026-06-30T03:08:47,111056, 143771, 100, 60
2026-06-30T03:08:48,111056, 143771, 100, 61
2026-06-30T03:08:49,111056, 143771, 100, 60
2026-06-30T03:08:50,111056, 143771, 100, 61
2026-06-30T03:08:51,111056, 143771, 100, 60
2026-06-30T03:08:52,111056, 143771, 100, 60
2026-06-30T03:08:53,111056, 143771, 100, 61
2026-06-30T03:08:54,111056, 143771, 100, 61
2026-06-30T03:08:55,111056, 143771, 100, 60
2026-06-30T03:08:56,111056, 143771, 100, 61
2026-06-30T03:08:57,111056, 143771, 100, 60
2026-06-30T03:08:58,111056, 143771, 100, 61
2026-06-30T03:08:59,111056, 143771, 100, 59
2026-06-30T03:09:00,111056, 143771, 100, 60
2026-06-30T03:09:01,111056, 143771, 97, 59
2026-06-30T03:09:02,111056, 143771, 100, 61
2026-06-30T03:09:03,111056, 143771, 97, 56
2026-06-30T03:09:04,111056, 143771, 100, 60
2026-06-30T03:09:05,111056, 143771, 100, 60
2026-06-30T03:09:06,111056, 143771, 100, 60
2026-06-30T03:09:08,111056, 143771, 100, 61
2026-06-30T03:09:09,111056, 143771, 100, 61
2026-06-30T03:09:10,111056, 143771, 100, 60
2026-06-30T03:09:11,111056, 143771, 100, 59
2026-06-30T03:09:12,111056, 143771, 100, 61
2026-06-30T03:09:13,111056, 143771, 100, 61
2026-06-30T03:09:14,111056, 143771, 100, 61
2026-06-30T03:09:15,111056, 143771, 100, 58
2026-06-30T03:09:16,111056, 143771, 100, 60
2026-06-30T03:09:17,111056, 143771, 95, 60
2026-06-30T03:09:18,111056, 143771, 100, 60
2026-06-30T03:09:19,111056, 143771, 100, 63
2026-06-30T03:09:20,111056, 143771, 100, 60
2026-06-30T03:09:21,111056, 143771, 75, 64
2026-06-30T03:09:22,111056, 143771, 100, 60
2026-06-30T03:09:23,111056, 143771, 100, 60
2026-06-30T03:09:24,111056, 143771, 100, 62
2026-06-30T03:09:25,111056, 143771, 100, 60
2026-06-30T03:09:26,111056, 143771, 100, 60
2026-06-30T03:09:27,111056, 143771, 100, 61
2026-06-30T03:09:28,111056, 143771, 100, 61
2026-06-30T03:09:29,111056, 143771, 100, 61
2026-06-30T03:09:30,111056, 143771, 100, 61
2026-06-30T03:09:31,111056, 143771, 100, 61
2026-06-30T03:09:32,111056, 143771, 100, 61
2026-06-30T03:09:33,111056, 143771, 100, 60
2026-06-30T03:09:34,111056, 143771, 100, 61
2026-06-30T03:09:35,111056, 143771, 100, 61
2026-06-30T03:09:36,111056, 143771, 100, 61
2026-06-30T03:09:37,111056, 143771, 100, 61
2026-06-30T03:09:38,111056, 143771, 100, 60
2026-06-30T03:09:39,111056, 143771, 100, 60
2026-06-30T03:09:40,111056, 143771, 100, 61
2026-06-30T03:09:41,111056, 143771, 100, 61
2026-06-30T03:09:43,111056, 143771, 100, 62
2026-06-30T03:09:44,111056, 143771, 100, 60
2026-06-30T03:09:45,111056, 143771, 100, 61
2026-06-30T03:09:46,111056, 143771, 100, 60
2026-06-30T03:09:47,111056, 143771, 100, 61
2026-06-30T03:09:48,111056, 143771, 100, 61
2026-06-30T03:09:49,111056, 143771, 100, 62
2026-06-30T03:09:50,111056, 143771, 100, 60
2026-06-30T03:09:51,111056, 143771, 100, 60
2026-06-30T03:09:52,111056, 143771, 100, 60
2026-06-30T03:09:53,111056, 143771, 100, 61
2026-06-30T03:09:54,111056, 143771, 100, 61
2026-06-30T03:09:55,111056, 143771, 100, 61
2026-06-30T03:09:56,111056, 143771, 100, 61
2026-06-30T03:09:57,111056, 143771, 100, 61
2026-06-30T03:09:58,111056, 143771, 100, 60
2026-06-30T03:09:59,111056, 143771, 100, 61
2026-06-30T03:10:00,111056, 143771, 100, 60
2026-06-30T03:10:01,111056, 143771, 100, 61
2026-06-30T03:10:02,111056, 143771, 97, 60
2026-06-30T03:10:03,111056, 143771, 100, 60
2026-06-30T03:10:04,111056, 143771, 96, 59
2026-06-30T03:10:05,111056, 143771, 100, 61
2026-06-30T03:10:06,111056, 143771, 97, 57
2026-06-30T03:10:07,111056, 143771, 100, 61
2026-06-30T03:10:08,111056, 143771, 99, 56
2026-06-30T03:10:09,111056, 143771, 100, 60
2026-06-30T03:10:10,111056, 143771, 100, 58
2026-06-30T03:10:11,111056, 143771, 100, 61
2026-06-30T03:10:12,111056, 143771, 100, 59
2026-06-30T03:10:13,111056, 143771, 100, 59
2026-06-30T03:10:14,111056, 143771, 100, 61
2026-06-30T03:10:15,111056, 143771, 100, 61
2026-06-30T03:10:16,111056, 143771, 100, 60
2026-06-30T03:10:18,111056, 143771, 100, 58
2026-06-30T03:10:19,111056, 143771, 100, 61
2026-06-30T03:10:20,111056, 143771, 100, 62
2026-06-30T03:10:21,111056, 143771, 100, 60
2026-06-30T03:10:22,111056, 143771, 100, 60
2026-06-30T03:10:23,111056, 143771, 100, 61
2026-06-30T03:10:24,111056, 143771, 100, 62
2026-06-30T03:10:25,111056, 143771, 100, 60
2026-06-30T03:10:26,111056, 143771, 100, 63
2026-06-30T03:10:27,111056, 143771, 100, 61
2026-06-30T03:10:28,111056, 143771, 100, 61
2026-06-30T03:10:29,111056, 143771, 100, 61
2026-06-30T03:10:30,111056, 143771, 53, 60
2026-06-30T03:10:31,111056, 143771, 100, 61
2026-06-30T03:10:32,111056, 143771, 100, 64
2026-06-30T03:10:33,111056, 143771, 100, 61
2026-06-30T03:10:34,111056, 143771, 100, 61
2026-06-30T03:10:35,111056, 143771, 100, 61
2026-06-30T03:10:36,111056, 143771, 100, 61
2026-06-30T03:10:37,111056, 143771, 100, 61
2026-06-30T03:10:38,111056, 143771, 100, 63
2026-06-30T03:10:39,111056, 143771, 100, 61
2026-06-30T03:10:40,111056, 143771, 100, 60
2026-06-30T03:10:41,111056, 143771, 100, 59
2026-06-30T03:10:42,111056, 143771, 100, 60
2026-06-30T03:10:43,111056, 143771, 100, 62
2026-06-30T03:10:44,111056, 143771, 100, 61
2026-06-30T03:10:45,111056, 143771, 100, 59
2026-06-30T03:10:46,111056, 143771, 100, 60
2026-06-30T03:10:47,111056, 143771, 100, 61
2026-06-30T03:10:48,111056, 143771, 100, 60
2026-06-30T03:10:49,111056, 143771, 100, 59
2026-06-30T03:10:50,111056, 143771, 100, 61
2026-06-30T03:10:52,111056, 143771, 100, 61
2026-06-30T03:10:53,111056, 143771, 100, 60
2026-06-30T03:10:54,111056, 143771, 100, 60
2026-06-30T03:10:55,111056, 143771, 100, 61
2026-06-30T03:10:56,111056, 143771, 100, 61
2026-06-30T03:10:57,111056, 143771, 100, 61
2026-06-30T03:10:58,111056, 143771, 100, 61
2026-06-30T03:10:59,111056, 143771, 100, 60
2026-06-30T03:11:00,111056, 143771, 100, 61
2026-06-30T03:11:01,111056, 143771, 100, 60
2026-06-30T03:11:02,111056, 143771, 100, 60
2026-06-30T03:11:03,111056, 143771, 100, 61
2026-06-30T03:11:04,111056, 143771, 100, 62
2026-06-30T03:11:05,111056, 143771, 100, 60
2026-06-30T03:11:06,111056, 143771, 100, 61
2026-06-30T03:11:07,111056, 143771, 100, 60
2026-06-30T03:11:08,111056, 143771, 100, 61
2026-06-30T03:11:09,111056, 143771, 100, 59
2026-06-30T03:11:10,111056, 143771, 100, 61
2026-06-30T03:11:11,111056, 143771, 96, 60
2026-06-30T03:11:12,111056, 143771, 100, 60
2026-06-30T03:11:13,111056, 143771, 96, 59
2026-06-30T03:11:14,111056, 143771, 100, 61
2026-06-30T03:11:15,111056, 143771, 100, 55
2026-06-30T03:11:16,111056, 143771, 100, 60
2026-06-30T03:11:17,111056, 143771, 100, 59
2026-06-30T03:11:18,111056, 143771, 100, 61
2026-06-30T03:11:19,111056, 143771, 100, 61
2026-06-30T03:11:20,111056, 143771, 100, 60
2026-06-30T03:11:21,111056, 143771, 100, 60
2026-06-30T03:11:22,111056, 143771, 100, 60
2026-06-30T03:11:23,111056, 143771, 100, 62
2026-06-30T03:11:24,111056, 143771, 100, 60
2026-06-30T03:11:25,111056, 143771, 100, 60
2026-06-30T03:11:27,111056, 143771, 100, 60
2026-06-30T03:11:28,111056, 143771, 100, 61
2026-06-30T03:11:29,111056, 143771, 59, 61
2026-06-30T03:11:30,111056, 143771, 100, 60
2026-06-30T03:11:31,111056, 143771, 100, 60
2026-06-30T03:11:32,111056, 143771, 100, 61
2026-06-30T03:11:33,111056, 143771, 100, 63
2026-06-30T03:11:34,111056, 143771, 100, 60
2026-06-30T03:11:35,111056, 143771, 80, 53
2026-06-30T03:11:36,111056, 143771, 100, 61
2026-06-30T03:11:37,111056, 143771, 100, 60
2026-06-30T03:11:38,111056, 143771, 100, 61
2026-06-30T03:11:39,111056, 143771, 100, 61
2026-06-30T03:11:40,111056, 143771, 100, 60
2026-06-30T03:11:41,111056, 143771, 100, 63
2026-06-30T03:11:42,111056, 143771, 100, 61
2026-06-30T03:11:43,111056, 143771, 100, 60
2026-06-30T03:11:44,111056, 143771, 100, 60
2026-06-30T03:11:45,111056, 143771, 100, 60
2026-06-30T03:11:46,111056, 143771, 100, 61
2026-06-30T03:11:47,111056, 143771, 100, 60
2026-06-30T03:11:48,111056, 143771, 100, 60
2026-06-30T03:11:49,111056, 143771, 100, 60
2026-06-30T03:11:50,111056, 143771, 100, 60
2026-06-30T03:11:51,111056, 143771, 100, 61
2026-06-30T03:11:52,111056, 143771, 100, 61
2026-06-30T03:11:53,111056, 143771, 100, 60
2026-06-30T03:11:54,111056, 143771, 100, 61
2026-06-30T03:11:55,111056, 143771, 100, 60
2026-06-30T03:11:56,111056, 143771, 100, 61
2026-06-30T03:11:57,111056, 143771, 100, 60
2026-06-30T03:11:58,111056, 143771, 100, 60
2026-06-30T03:11:59,111056, 143771, 100, 61
2026-06-30T03:12:00,111056, 143771, 100, 61
2026-06-30T03:12:02,111056, 143771, 100, 61
2026-06-30T03:12:03,111056, 143771, 100, 60
2026-06-30T03:12:04,111056, 143771, 100, 60
2026-06-30T03:12:05,111056, 143771, 100, 61
2026-06-30T03:12:06,111056, 143771, 100, 60
2026-06-30T03:12:07,111056, 143771, 100, 60
2026-06-30T03:12:08,111056, 143771, 100, 60
2026-06-30T03:12:09,111056, 143771, 100, 61
2026-06-30T03:12:10,111056, 143771, 100, 60
2026-06-30T03:12:11,111056, 143771, 100, 61
2026-06-30T03:12:12,111056, 143771, 100, 61
2026-06-30T03:12:13,111056, 143771, 100, 59
2026-06-30T03:12:14,111056, 143771, 100, 60
2026-06-30T03:12:15,111056, 143771, 100, 62
2026-06-30T03:12:16,111056, 143771, 100, 60
2026-06-30T03:12:17,111056, 143771, 100, 61
2026-06-30T03:12:18,111056, 143771, 100, 60
2026-06-30T03:12:19,111056, 143771, 100, 60
2026-06-30T03:12:20,111056, 143771, 97, 60
2026-06-30T03:12:21,111056, 143771, 100, 61
2026-06-30T03:12:22,111056, 143771, 96, 59
2026-06-30T03:12:23,111056, 143771, 100, 61
2026-06-30T03:12:24,111056, 143771, 97, 57
2026-06-30T03:12:25,111056, 143771, 100, 60
2026-06-30T03:12:26,111056, 143771, 96, 59
2026-06-30T03:12:27,111056, 143771, 100, 60
2026-06-30T03:12:28,111056, 143771, 100, 61
2026-06-30T03:12:29,111056, 143771, 100, 61
2026-06-30T03:12:30,111056, 143771, 100, 61
2026-06-30T03:12:31,111056, 143771, 100, 60
2026-06-30T03:12:32,111056, 143771, 100, 60
2026-06-30T03:12:33,111056, 143771, 100, 59
2026-06-30T03:12:34,111056, 143771, 100, 61
2026-06-30T03:12:36,111056, 143771, 94, 59
2026-06-30T03:12:37,111056, 143771, 100, 61
2026-06-30T03:12:38,111056, 143771, 100, 63
2026-06-30T03:12:39,111056, 143771, 100, 61
2026-06-30T03:12:40,111056, 143771, 61, 55
2026-06-30T03:12:41,111056, 143771, 100, 60
2026-06-30T03:12:42,111056, 143771, 100, 62
2026-06-30T03:12:43,111056, 143771, 100, 60
2026-06-30T03:12:44,111056, 143771, 100, 64
2026-06-30T03:12:45,111056, 143771, 100, 61
2026-06-30T03:12:46,111056, 143771, 100, 61
2026-06-30T03:12:47,111056, 143771, 100, 60
2026-06-30T03:12:48,111056, 143771, 100, 60
2026-06-30T03:12:49,111056, 143771, 100, 61
2026-06-30T03:12:50,111056, 143771, 100, 61
2026-06-30T03:12:51,111056, 143771, 100, 61
2026-06-30T03:12:52,111056, 143771, 100, 61
2026-06-30T03:12:53,111056, 143771, 100, 60
2026-06-30T03:12:54,111056, 143771, 100, 61
2026-06-30T03:12:55,111056, 143771, 100, 60
2026-06-30T03:12:56,111056, 143771, 100, 60
2026-06-30T03:12:57,111056, 143771, 100, 61
2026-06-30T03:12:58,111056, 143771, 100, 60
2026-06-30T03:12:59,111056, 143771, 100, 61
2026-06-30T03:13:00,111056, 143771, 100, 61
2026-06-30T03:13:01,111056, 143771, 100, 61
2026-06-30T03:13:02,111056, 143771, 100, 60
2026-06-30T03:13:03,111056, 143771, 100, 61
2026-06-30T03:13:04,111056, 143771, 100, 61
2026-06-30T03:13:05,111056, 143771, 100, 60
2026-06-30T03:13:06,111056, 143771, 100, 61
2026-06-30T03:13:07,111056, 143771, 100, 61
2026-06-30T03:13:08,111056, 143771, 100, 61
2026-06-30T03:13:09,111056, 143771, 100, 60
2026-06-30T03:13:11,111056, 143771, 100, 60
2026-06-30T03:13:12,111056, 143771, 100, 61
2026-06-30T03:13:13,111056, 143771, 100, 60
2026-06-30T03:13:14,111056, 143771, 100, 61
2026-06-30T03:13:15,111056, 143771, 100, 60
2026-06-30T03:13:16,111056, 143771, 100, 60
2026-06-30T03:13:17,111056, 143771, 100, 61
2026-06-30T03:13:18,111056, 143771, 100, 61
2026-06-30T03:13:19,111056, 143771, 100, 60
2026-06-30T03:13:20,111056, 143771, 100, 60
2026-06-30T03:13:21,111056, 143771, 98, 60
2026-06-30T03:13:22,111056, 143771, 100, 59
2026-06-30T03:13:23,111056, 143771, 97, 59
2026-06-30T03:13:24,111056, 143771, 100, 61
2026-06-30T03:13:25,111056, 143771, 96, 59
2026-06-30T03:13:26,111056, 143771, 100, 61
2026-06-30T03:13:27,111056, 143771, 96, 60
2026-06-30T03:13:28,111056, 143771, 100, 60
2026-06-30T03:13:29,111056, 143771, 100, 58
2026-06-30T03:13:30,111056, 143771, 100, 61
2026-06-30T03:13:31,111056, 143771, 100, 61
2026-06-30T03:13:32,111056, 143771, 100, 61
2026-06-30T03:13:33,111056, 143771, 100, 60
2026-06-30T03:13:34,111056, 143771, 100, 61
2026-06-30T03:13:35,111056, 143771, 100, 61
2026-06-30T03:13:36,111056, 143771, 100, 60
2026-06-30T03:13:37,111056, 143771, 100, 61
2026-06-30T03:13:38,111056, 143771, 100, 60
2026-06-30T03:13:39,111056, 143771, 100, 61
2026-06-30T03:13:40,111056, 143771, 100, 60
2026-06-30T03:13:41,111056, 143771, 100, 61
2026-06-30T03:13:42,111056, 143771, 100, 60
2026-06-30T03:13:43,111056, 143771, 100, 61
2026-06-30T03:13:45,111056, 143771, 75, 54
2026-06-30T03:13:46,111056, 143771, 100, 62
2026-06-30T03:13:47,111056, 143771, 100, 55
2026-06-30T03:13:48,111056, 143771, 100, 60
2026-06-30T03:13:49,111056, 143771, 100, 59
2026-06-30T03:13:50,111056, 143771, 100, 61
2026-06-30T03:13:51,111056, 143771, 100, 60
2026-06-30T03:13:52,111056, 143771, 100, 61
2026-06-30T03:13:53,111056, 143771, 100, 60
2026-06-30T03:13:54,111056, 143771, 100, 61
2026-06-30T03:13:55,111056, 143771, 100, 60
2026-06-30T03:13:56,111056, 143771, 100, 61
2026-06-30T03:13:57,111056, 143771, 100, 60
2026-06-30T03:13:58,111056, 143771, 100, 59
2026-06-30T03:13:59,111056, 143771, 100, 60
2026-06-30T03:14:00,111056, 143771, 100, 61
2026-06-30T03:14:01,111056, 143771, 100, 60
2026-06-30T03:14:02,111056, 143771, 100, 61
2026-06-30T03:14:03,111056, 143771, 100, 60
2026-06-30T03:14:04,111056, 143771, 100, 61
2026-06-30T03:14:05,111056, 143771, 100, 60
2026-06-30T03:14:06,111056, 143771, 100, 61
2026-06-30T03:14:07,111056, 143771, 100, 60
2026-06-30T03:14:08,111056, 143771, 100, 60
2026-06-30T03:14:09,111056, 143771, 100, 60
2026-06-30T03:14:10,111056, 143771, 100, 61
2026-06-30T03:14:11,111056, 143771, 100, 60
2026-06-30T03:14:12,111056, 143771, 100, 61
2026-06-30T03:14:13,111056, 143771, 100, 61
2026-06-30T03:14:14,111056, 143771, 100, 60
2026-06-30T03:14:15,111056, 143771, 100, 61
2026-06-30T03:14:16,111056, 143771, 100, 61
2026-06-30T03:14:17,111056, 143771, 100, 61
2026-06-30T03:14:18,111056, 143771, 100, 59
2026-06-30T03:14:20,111056, 143771, 100, 60
2026-06-30T03:14:21,111056, 143771, 100, 61
2026-06-30T03:14:22,111056, 143771, 100, 60
2026-06-30T03:14:23,111056, 143771, 100, 59
2026-06-30T03:14:24,111056, 143771, 100, 61
2026-06-30T03:14:25,111056, 143771, 100, 61
2026-06-30T03:14:26,111056, 143771, 100, 60
2026-06-30T03:14:27,111056, 143771, 100, 59
2026-06-30T03:14:28,111056, 143771, 100, 60
2026-06-30T03:14:29,111056, 143771, 100, 62
2026-06-30T03:14:30,111056, 143771, 100, 61
2026-06-30T03:14:31,111056, 143771, 100, 59
2026-06-30T03:14:32,111056, 143771, 96, 60
2026-06-30T03:14:33,111056, 143771, 100, 61
2026-06-30T03:14:34,111056, 143771, 97, 60
2026-06-30T03:14:35,111056, 143771, 100, 60
2026-06-30T03:14:36,111056, 143771, 100, 59
2026-06-30T03:14:37,111056, 143771, 100, 61
2026-06-30T03:14:38,111056, 143771, 97, 60
2026-06-30T03:14:39,111056, 143771, 100, 60
2026-06-30T03:14:40,111056, 143771, 97, 60
2026-06-30T03:14:41,111056, 143771, 100, 61
2026-06-30T03:14:42,111056, 143771, 100, 60
2026-06-30T03:14:43,111056, 143771, 100, 60
2026-06-30T03:14:44,111056, 143771, 100, 57
2026-06-30T03:14:45,111056, 143771, 100, 60
2026-06-30T03:14:46,111056, 143771, 97, 61
2026-06-30T03:14:47,111056, 143771, 100, 61
2026-06-30T03:14:48,111056, 143771, 100, 61
2026-06-30T03:14:49,111056, 143771, 100, 60
2026-06-30T03:14:50,111056, 143771, 100, 61
2026-06-30T03:14:51,111056, 143771, 100, 60
2026-06-30T03:14:52,111056, 143771, 100, 61
2026-06-30T03:14:54,111056, 143771, 100, 59
2026-06-30T03:14:55,111056, 143771, 100, 61
2026-06-30T03:14:56,111056, 143771, 99, 59
2026-06-30T03:14:57,111056, 143771, 100, 59
2026-06-30T03:14:58,111056, 143771, 74, 53
2026-06-30T03:14:59,111056, 143771, 100, 61
2026-06-30T03:15:00,111056, 143771, 100, 58
2026-06-30T03:15:01,111056, 143771, 100, 61
2026-06-30T03:15:02,111056, 143771, 100, 63
2026-06-30T03:15:03,111056, 143771, 100, 59
2026-06-30T03:15:04,111056, 143771, 100, 64
2026-06-30T03:15:05,111056, 143771, 100, 61
2026-06-30T03:15:06,111056, 143771, 100, 64
2026-06-30T03:15:07,111056, 143771, 100, 61
2026-06-30T03:15:08,111056, 143771, 100, 61
2026-06-30T03:15:09,111056, 143771, 100, 60
2026-06-30T03:15:10,111056, 143771, 100, 61
2026-06-30T03:15:11,111056, 143771, 100, 61
2026-06-30T03:15:12,111056, 143771, 100, 60
2026-06-30T03:15:13,111056, 143771, 100, 60
2026-06-30T03:15:14,111056, 143771, 100, 60
2026-06-30T03:15:15,111056, 143771, 100, 60
2026-06-30T03:15:16,111056, 143771, 100, 60
2026-06-30T03:15:17,111056, 143771, 100, 61
2026-06-30T03:15:18,111056, 143771, 100, 60
2026-06-30T03:15:19,111056, 143771, 100, 59
2026-06-30T03:15:20,111056, 143771, 100, 60
2026-06-30T03:15:21,111056, 143771, 100, 60
2026-06-30T03:15:22,111056, 143771, 100, 60
2026-06-30T03:15:23,111056, 143771, 100, 60
2026-06-30T03:15:24,111056, 143771, 100, 61
2026-06-30T03:15:25,111056, 143771, 100, 61
2026-06-30T03:15:26,111056, 143771, 97, 60
2026-06-30T03:15:27,111056, 143771, 100, 59
2026-06-30T03:15:29,111056, 143771, 97, 57
2026-06-30T03:15:30,111056, 143771, 100, 61
2026-06-30T03:15:31,111056, 143771, 99, 55
2026-06-30T03:15:32,111056, 143771, 100, 59
2026-06-30T03:15:33,111056, 143771, 97, 61
2026-06-30T03:15:34,111056, 143771, 100, 60
2026-06-30T03:15:35,111056, 143771, 100, 59
2026-06-30T03:15:36,111056, 143771, 100, 58
2026-06-30T03:15:37,111056, 143771, 100, 61
2026-06-30T03:15:38,111056, 143771, 100, 61
2026-06-30T03:15:39,111056, 143771, 100, 61
2026-06-30T03:15:40,111056, 143771, 100, 59
2026-06-30T03:15:41,111056, 143771, 100, 61
2026-06-30T03:15:42,111056, 143771, 100, 60
2026-06-30T03:15:43,111056, 143771, 100, 61
2026-06-30T03:15:44,111056, 143771, 100, 59
2026-06-30T03:15:45,111056, 143771, 100, 61
2026-06-30T03:15:46,111056, 143771, 100, 62
2026-06-30T03:15:47,111056, 143771, 100, 60
2026-06-30T03:15:48,111056, 143771, 100, 61
2026-06-30T03:15:49,111056, 143771, 100, 61
2026-06-30T03:15:50,111056, 143771, 100, 60
2026-06-30T03:15:51,111056, 143771, 100, 60
2026-06-30T03:15:52,111056, 143771, 100, 61
2026-06-30T03:15:53,111056, 143771, 100, 62
2026-06-30T03:15:54,111056, 143771, 100, 62
2026-06-30T03:15:55,111056, 143771, 100, 59
2026-06-30T03:15:56,111056, 143771, 100, 59
2026-06-30T03:15:57,111056, 143771, 100, 62
2026-06-30T03:15:58,111056, 143771, 100, 62
2026-06-30T03:15:59,111056, 143771, 100, 60
2026-06-30T03:16:00,111056, 143771, 100, 63
2026-06-30T03:16:01,111056, 143771, 100, 61
2026-06-30T03:16:02,111056, 143771, 100, 65
2026-06-30T03:16:04,111056, 143771, 100, 61
2026-06-30T03:16:05,111056, 143771, 100, 59
2026-06-30T03:16:06,111056, 143771, 100, 61
2026-06-30T03:16:07,111056, 143771, 100, 61
2026-06-30T03:16:08,111056, 143771, 100, 61
2026-06-30T03:16:09,111056, 143771, 100, 63
2026-06-30T03:16:10,111056, 143771, 100, 61
2026-06-30T03:16:11,111056, 143771, 100, 63
2026-06-30T03:16:12,111056, 143771, 100, 61
2026-06-30T03:16:13,111056, 143771, 100, 61
2026-06-30T03:16:14,111056, 143771, 100, 61
2026-06-30T03:16:15,111056, 143771, 100, 60
2026-06-30T03:16:16,111056, 143771, 100, 61
2026-06-30T03:16:17,111056, 143771, 100, 61
2026-06-30T03:16:18,111056, 143771, 100, 60
2026-06-30T03:16:19,111056, 143771, 100, 60
2026-06-30T03:16:20,111056, 143771, 100, 61
2026-06-30T03:16:21,111056, 143771, 100, 61
2026-06-30T03:16:22,111056, 143771, 100, 60
2026-06-30T03:16:23,111056, 143771, 100, 61
2026-06-30T03:16:24,111056, 143771, 100, 61
2026-06-30T03:16:25,111056, 143771, 100, 61
2026-06-30T03:16:26,111056, 143771, 100, 60
2026-06-30T03:16:27,111056, 143771, 100, 60
2026-06-30T03:16:28,111056, 143771, 100, 61
2026-06-30T03:16:29,111056, 143771, 100, 61
2026-06-30T03:16:30,111056, 143771, 100, 61
2026-06-30T03:16:31,111056, 143771, 100, 60
2026-06-30T03:16:32,111056, 143771, 100, 61
2026-06-30T03:16:33,111056, 143771, 100, 60
2026-06-30T03:16:34,111056, 143771, 100, 61
2026-06-30T03:16:35,111056, 143771, 100, 60
2026-06-30T03:16:36,111056, 143771, 100, 61
2026-06-30T03:16:37,111056, 143771, 100, 60
2026-06-30T03:16:39,111056, 143771, 100, 61
2026-06-30T03:16:40,111056, 143771, 100, 60
2026-06-30T03:16:41,111056, 143771, 100, 61
2026-06-30T03:16:42,111056, 143771, 100, 60
2026-06-30T03:16:43,111056, 143771, 100, 60
2026-06-30T03:16:44,111056, 143771, 100, 60
2026-06-30T03:16:45,111056, 143771, 100, 60
2026-06-30T03:16:46,111056, 143771, 100, 60
2026-06-30T03:16:47,111056, 143771, 100, 60
2026-06-30T03:16:48,111056, 143771, 100, 60
2026-06-30T03:16:49,111056, 143771, 100, 60
2026-06-30T03:16:50,111056, 143771, 96, 60
2026-06-30T03:16:51,111056, 143771, 100, 61
2026-06-30T03:16:52,111056, 143771, 100, 58
2026-06-30T03:16:53,111056, 143771, 100, 61
2026-06-30T03:16:54,111056, 143771, 97, 59
2026-06-30T03:16:55,111056, 143771, 100, 60
2026-06-30T03:16:56,111056, 143771, 97, 58
2026-06-30T03:16:57,111056, 143771, 100, 62
2026-06-30T03:16:58,111056, 143771, 100, 56
2026-06-30T03:16:59,111056, 143771, 100, 60
2026-06-30T03:17:00,111056, 143771, 100, 57
2026-06-30T03:17:01,111056, 143771, 100, 60
2026-06-30T03:17:02,111056, 143771, 100, 60
2026-06-30T03:17:03,111056, 143771, 100, 59
2026-06-30T03:17:04,111056, 143771, 100, 61
2026-06-30T03:17:05,111056, 143771, 100, 59
2026-06-30T03:17:06,111056, 143771, 100, 61
2026-06-30T03:17:07,111056, 143771, 100, 60
2026-06-30T03:17:08,111056, 143771, 100, 61
2026-06-30T03:17:09,111056, 143771, 100, 61
2026-06-30T03:17:10,111056, 143771, 100, 61
2026-06-30T03:17:11,111056, 143771, 100, 61
2026-06-30T03:17:12,111056, 143771, 100, 61
2026-06-30T03:17:14,111056, 143771, 100, 63
2026-06-30T03:17:15,111056, 143771, 100, 61
2026-06-30T03:17:16,111056, 143771, 100, 61
2026-06-30T03:17:17,111056, 143771, 100, 60
2026-06-30T03:17:18,111056, 143771, 100, 62
2026-06-30T03:17:19,111056, 143771, 100, 61
2026-06-30T03:17:20,111056, 143771, 100, 58
2026-06-30T03:17:21,111056, 143771, 100, 61
2026-06-30T03:17:22,111056, 143771, 100, 64
2026-06-30T03:17:23,111056, 143771, 100, 60
2026-06-30T03:17:24,111056, 143771, 100, 64
2026-06-30T03:17:25,111056, 143771, 100, 62
2026-06-30T03:17:26,111056, 143771, 100, 62
2026-06-30T03:17:27,111056, 143771, 100, 59
2026-06-30T03:17:28,111056, 143771, 100, 59
2026-06-30T03:17:29,111056, 143771, 100, 61
2026-06-30T03:17:30,111056, 143771, 100, 61
2026-06-30T03:17:31,111056, 143771, 100, 60
2026-06-30T03:17:32,111056, 143771, 100, 64
2026-06-30T03:17:33,111056, 143771, 100, 61
2026-06-30T03:17:34,111056, 143771, 100, 61
2026-06-30T03:17:35,111056, 143771, 100, 60
2026-06-30T03:17:36,111056, 143771, 100, 60
2026-06-30T03:17:37,111056, 143771, 100, 61
2026-06-30T03:17:38,111056, 143771, 100, 61
2026-06-30T03:17:39,111056, 143771, 100, 60
2026-06-30T03:17:40,111056, 143771, 100, 61
2026-06-30T03:17:41,111056, 143771, 100, 62
2026-06-30T03:17:42,111056, 143771, 100, 60
2026-06-30T03:17:43,111056, 143771, 100, 59
2026-06-30T03:17:44,111056, 143771, 100, 61
2026-06-30T03:17:45,111056, 143771, 100, 61
2026-06-30T03:17:46,111056, 143771, 100, 60
2026-06-30T03:17:47,111056, 143771, 100, 61
2026-06-30T03:17:49,111056, 143771, 100, 61
2026-06-30T03:17:50,111056, 143771, 100, 61
2026-06-30T03:17:51,111056, 143771, 100, 61
2026-06-30T03:17:52,111056, 143771, 100, 60
2026-06-30T03:17:53,111056, 143771, 100, 60
2026-06-30T03:17:54,111056, 143771, 100, 60
2026-06-30T03:17:55,111056, 143771, 100, 60
2026-06-30T03:17:56,111056, 143771, 100, 61
2026-06-30T03:17:57,111056, 143771, 100, 60
2026-06-30T03:17:58,111056, 143771, 100, 61
2026-06-30T03:17:59,111056, 143771, 100, 60
2026-06-30T03:18:00,111056, 143771, 100, 61
2026-06-30T03:18:01,111056, 143771, 100, 60
2026-06-30T03:18:02,111056, 143771, 100, 61
2026-06-30T03:18:03,111056, 143771, 100, 60
2026-06-30T03:18:04,111056, 143771, 100, 61
2026-06-30T03:18:05,111056, 143771, 100, 60
2026-06-30T03:18:06,111056, 143771, 100, 61
2026-06-30T03:18:07,111056, 143771, 100, 60
2026-06-30T03:18:08,111056, 143771, 100, 61
2026-06-30T03:18:09,111056, 143771, 100, 60
2026-06-30T03:18:10,111056, 143771, 100, 60
2026-06-30T03:18:11,111056, 143771, 96, 60
2026-06-30T03:18:12,111056, 143771, 100, 60
2026-06-30T03:18:13,111056, 143771, 100, 60
2026-06-30T03:18:14,111056, 143771, 100, 61
2026-06-30T03:18:15,111056, 143771, 99, 56
2026-06-30T03:18:16,111056, 143771, 100, 60
2026-06-30T03:18:17,111056, 143771, 100, 57
2026-06-30T03:18:18,111056, 143771, 100, 60
2026-06-30T03:18:19,111056, 143771, 100, 60
2026-06-30T03:18:20,111056, 143771, 100, 61
2026-06-30T03:18:21,111056, 143771, 100, 60
2026-06-30T03:18:22,111056, 143771, 100, 59
2026-06-30T03:18:24,111056, 143771, 100, 60
2026-06-30T03:18:25,111056, 143771, 75, 60
2026-06-30T03:18:26,111056, 143771, 100, 61
2026-06-30T03:18:27,111056, 143771, 47, 54
2026-06-30T03:18:28,111056, 143771, 100, 59
2026-06-30T03:18:29,111056, 143771, 100, 59
2026-06-30T03:18:30,111056, 143771, 100, 61
2026-06-30T03:18:31,111056, 143771, 100, 62
2026-06-30T03:18:32,111056, 143771, 100, 61
2026-06-30T03:18:33,111056, 143771, 100, 63
2026-06-30T03:18:34,111056, 143771, 100, 60
2026-06-30T03:18:35,111056, 143771, 100, 60
2026-06-30T03:18:36,111056, 143771, 100, 61
2026-06-30T03:18:37,111056, 143771, 100, 60
2026-06-30T03:18:38,111056, 143771, 100, 61
2026-06-30T03:18:39,111056, 143771, 100, 61
2026-06-30T03:18:40,111056, 143771, 100, 61
2026-06-30T03:18:41,111056, 143771, 100, 61
2026-06-30T03:18:42,111056, 143771, 100, 60
2026-06-30T03:18:43,111056, 143771, 100, 60
2026-06-30T03:18:44,111056, 143771, 100, 61
2026-06-30T03:18:45,111056, 143771, 100, 61
2026-06-30T03:18:46,111056, 143771, 100, 59
2026-06-30T03:18:47,111056, 143771, 100, 60
2026-06-30T03:18:48,111056, 143771, 100, 61
2026-06-30T03:18:49,111056, 143771, 100, 60
2026-06-30T03:18:50,111056, 143771, 100, 61
2026-06-30T03:18:51,111056, 143771, 100, 61
2026-06-30T03:18:52,111056, 143771, 100, 60
2026-06-30T03:18:53,111056, 143771, 100, 61
2026-06-30T03:18:54,111056, 143771, 100, 62
2026-06-30T03:18:55,111056, 143771, 100, 60
2026-06-30T03:18:56,111056, 143771, 100, 60
2026-06-30T03:18:57,111056, 143771, 100, 60
2026-06-30T03:18:59,111056, 143771, 100, 61
2026-06-30T03:19:00,111056, 143771, 100, 60
2026-06-30T03:19:01,111056, 143771, 100, 60
2026-06-30T03:19:02,111056, 143771, 100, 60
2026-06-30T03:19:03,111056, 143771, 100, 60
2026-06-30T03:19:04,111056, 143771, 100, 60
2026-06-30T03:19:05,111056, 143771, 100, 61
2026-06-30T03:19:06,111056, 143771, 100, 60
2026-06-30T03:19:07,111056, 143771, 100, 61
2026-06-30T03:19:08,111056, 143771, 100, 60
2026-06-30T03:19:09,111056, 143771, 100, 60
2026-06-30T03:19:10,111056, 143771, 100, 61
2026-06-30T03:19:11,111056, 143771, 100, 61
2026-06-30T03:19:12,111056, 143771, 100, 59
2026-06-30T03:19:13,111056, 143771, 100, 61
2026-06-30T03:19:14,111056, 143771, 96, 59
2026-06-30T03:19:15,111056, 143771, 100, 61
2026-06-30T03:19:16,111056, 143771, 96, 60
2026-06-30T03:19:17,111056, 143771, 100, 61
2026-06-30T03:19:18,111056, 143771, 100, 58
2026-06-30T03:19:19,111056, 143771, 100, 61
2026-06-30T03:19:20,111056, 143771, 97, 59
2026-06-30T03:19:21,111056, 143771, 100, 60
2026-06-30T03:19:22,111056, 143771, 99, 60
2026-06-30T03:19:23,111056, 143771, 100, 59
2026-06-30T03:19:24,111056, 143771, 100, 60
2026-06-30T03:19:25,111056, 143771, 100, 61
2026-06-30T03:19:26,111056, 143771, 100, 61
2026-06-30T03:19:27,111056, 143771, 100, 59
2026-06-30T03:19:28,111056, 143771, 100, 61
2026-06-30T03:19:29,111056, 143771, 100, 61
2026-06-30T03:19:30,111056, 143771, 100, 61
2026-06-30T03:19:31,111056, 143771, 100, 59
2026-06-30T03:19:33,111056, 143771, 100, 61
2026-06-30T03:19:34,111056, 143771, 100, 60
2026-06-30T03:19:35,111056, 143771, 100, 61
2026-06-30T03:19:36,111056, 143771, 65, 54
2026-06-30T03:19:37,111056, 143771, 100, 61
2026-06-30T03:19:38,111056, 143771, 100, 59
2026-06-30T03:19:39,111056, 143771, 100, 61
2026-06-30T03:19:40,111056, 143771, 100, 62
2026-06-30T03:19:41,111056, 143771, 100, 61
2026-06-30T03:19:42,111056, 143771, 100, 63
2026-06-30T03:19:43,111056, 143771, 100, 60
2026-06-30T03:19:44,111056, 143771, 100, 64
2026-06-30T03:19:45,111056, 143771, 100, 61
2026-06-30T03:19:46,111056, 143771, 100, 61
2026-06-30T03:19:47,111056, 143771, 100, 60
2026-06-30T03:19:48,111056, 143771, 100, 61
2026-06-30T03:19:49,111056, 143771, 100, 60
2026-06-30T03:19:50,111056, 143771, 100, 60
2026-06-30T03:19:51,111056, 143771, 100, 61
2026-06-30T03:19:52,111056, 143771, 100, 61
2026-06-30T03:19:53,111056, 143771, 100, 60
2026-06-30T03:19:54,111056, 143771, 100, 61
2026-06-30T03:19:55,111056, 143771, 100, 61
2026-06-30T03:19:56,111056, 143771, 100, 60
2026-06-30T03:19:57,111056, 143771, 100, 61
2026-06-30T03:19:58,111056, 143771, 100, 61
2026-06-30T03:19:59,111056, 143771, 100, 61
2026-06-30T03:20:00,111056, 143771, 100, 61
2026-06-30T03:20:01,111056, 143771, 100, 61
2026-06-30T03:20:02,111056, 143771, 100, 60
2026-06-30T03:20:03,111056, 143771, 100, 60
2026-06-30T03:20:04,111056, 143771, 100, 60
2026-06-30T03:20:05,111056, 143771, 100, 61
2026-06-30T03:20:06,111056, 143771, 100, 60
2026-06-30T03:20:08,111056, 143771, 100, 60
2026-06-30T03:20:09,111056, 143771, 100, 60
2026-06-30T03:20:10,111056, 143771, 100, 62
2026-06-30T03:20:11,111056, 143771, 100, 61
2026-06-30T03:20:12,111056, 143771, 100, 60
2026-06-30T03:20:13,111056, 143771, 100, 60
2026-06-30T03:20:14,111056, 143771, 100, 61
2026-06-30T03:20:15,111056, 143771, 100, 60
2026-06-30T03:20:16,111056, 143771, 100, 61
2026-06-30T03:20:17,111056, 143771, 100, 60
2026-06-30T03:20:18,111056, 143771, 100, 61
2026-06-30T03:20:19,111056, 143771, 100, 60
2026-06-30T03:20:20,111056, 143771, 100, 60
2026-06-30T03:20:21,111056, 143771, 100, 58
2026-06-30T03:20:22,111056, 143771, 100, 61
2026-06-30T03:20:23,111056, 143771, 96, 59
2026-06-30T03:20:24,111056, 143771, 100, 60
2026-06-30T03:20:25,111056, 143771, 97, 59
2026-06-30T03:20:26,111056, 143771, 100, 61
2026-06-30T03:20:27,111056, 143771, 100, 60
2026-06-30T03:20:28,111056, 143771, 100, 60
2026-06-30T03:20:29,111056, 143771, 100, 57
2026-06-30T03:20:30,111056, 143771, 100, 60
2026-06-30T03:20:31,111056, 143771, 100, 60
2026-06-30T03:20:32,111056, 143771, 100, 60
2026-06-30T03:20:33,111056, 143771, 100, 61
2026-06-30T03:20:34,111056, 143771, 100, 60
2026-06-30T03:20:35,111056, 143771, 100, 61
2026-06-30T03:20:36,111056, 143771, 100, 61
2026-06-30T03:20:37,111056, 143771, 100, 61
2026-06-30T03:20:38,111056, 143771, 100, 62
2026-06-30T03:20:39,111056, 143771, 100, 61
2026-06-30T03:20:40,111056, 143771, 70, 61
2026-06-30T03:20:41,111056, 143771, 100, 59
2026-06-30T03:20:43,111056, 143771, 100, 60
2026-06-30T03:20:44,111056, 143771, 100, 61
2026-06-30T03:20:45,111056, 143771, 100, 55
2026-06-30T03:20:46,111056, 143771, 100, 60
2026-06-30T03:20:47,111056, 143771, 100, 58
2026-06-30T03:20:48,111056, 143771, 100, 61
2026-06-30T03:20:49,111056, 143771, 100, 60
2026-06-30T03:20:50,111056, 143771, 100, 61
2026-06-30T03:20:51,111056, 143771, 100, 62
2026-06-30T03:20:52,111056, 143771, 100, 61
2026-06-30T03:20:53,111056, 143771, 100, 60
2026-06-30T03:20:54,111056, 143771, 100, 59
2026-06-30T03:20:55,111056, 143771, 100, 61
2026-06-30T03:20:56,111056, 143771, 100, 61
2026-06-30T03:20:57,111056, 143771, 100, 61
2026-06-30T03:20:58,111056, 143771, 100, 60
2026-06-30T03:20:59,111056, 143771, 100, 60
2026-06-30T03:21:00,111056, 143771, 100, 60
2026-06-30T03:21:01,111056, 143771, 100, 60
2026-06-30T03:21:02,111056, 143771, 100, 61
2026-06-30T03:21:03,111056, 143771, 100, 61
2026-06-30T03:21:04,111056, 143771, 100, 60
2026-06-30T03:21:05,111056, 143771, 100, 61
2026-06-30T03:21:06,111056, 143771, 100, 61
2026-06-30T03:21:07,111056, 143771, 100, 61
2026-06-30T03:21:08,111056, 143771, 100, 60
2026-06-30T03:21:09,111056, 143771, 100, 60
2026-06-30T03:21:10,111056, 143771, 100, 60
2026-06-30T03:21:11,111056, 143771, 100, 61
2026-06-30T03:21:12,111056, 143771, 100, 61
2026-06-30T03:21:13,111056, 143771, 100, 61
2026-06-30T03:21:14,111056, 143771, 100, 59
2026-06-30T03:21:15,111056, 143771, 100, 61
2026-06-30T03:21:16,111056, 143771, 100, 61
2026-06-30T03:21:18,111056, 143771, 100, 61
2026-06-30T03:21:19,111056, 143771, 100, 60
2026-06-30T03:21:20,111056, 143771, 100, 60
2026-06-30T03:21:21,111056, 143771, 100, 61
2026-06-30T03:21:22,111056, 143771, 100, 61
2026-06-30T03:21:23,111056, 143771, 100, 60
2026-06-30T03:21:24,111056, 143771, 100, 60
2026-06-30T03:21:25,111056, 143771, 100, 61
2026-06-30T03:21:26,111056, 143771, 96, 60
2026-06-30T03:21:27,111056, 143771, 100, 61
2026-06-30T03:21:28,111056, 143771, 100, 60
2026-06-30T03:21:29,111056, 143771, 100, 61
2026-06-30T03:21:30,111056, 143771, 96, 58
2026-06-30T03:21:31,111056, 143771, 100, 60
2026-06-30T03:21:32,111056, 143771, 96, 59
2026-06-30T03:21:33,111056, 143771, 100, 61
2026-06-30T03:21:34,111056, 143771, 96, 57
2026-06-30T03:21:35,111056, 143771, 100, 61
2026-06-30T03:21:36,111056, 143771, 98, 56
2026-06-30T03:21:37,111056, 143771, 100, 61
2026-06-30T03:21:38,111056, 143771, 96, 61
2026-06-30T03:21:39,111056, 143771, 100, 61
2026-06-30T03:21:40,111056, 143771, 100, 60
2026-06-30T03:21:41,111056, 143771, 100, 60
2026-06-30T03:21:42,111056, 143771, 100, 57
2026-06-30T03:21:43,111056, 143771, 100, 60
2026-06-30T03:21:44,111056, 143771, 100, 61
2026-06-30T03:21:45,111056, 143771, 100, 61
2026-06-30T03:21:46,111056, 143771, 100, 61
2026-06-30T03:21:47,111056, 143771, 100, 59
2026-06-30T03:21:48,111056, 143771, 100, 61
2026-06-30T03:21:49,111056, 143771, 100, 60
2026-06-30T03:21:50,111056, 143771, 100, 62
2026-06-30T03:21:52,111056, 143771, 100, 63
2026-06-30T03:21:53,111056, 143771, 100, 60
2026-06-30T03:21:54,111056, 143771, 100, 61
2026-06-30T03:21:55,111056, 143771, 100, 61
2026-06-30T03:21:56,111056, 143771, 58, 61
2026-06-30T03:21:57,111056, 143771, 100, 60
2026-06-30T03:21:58,111056, 143771, 100, 57
2026-06-30T03:21:59,111056, 143771, 100, 61
2026-06-30T03:22:00,111056, 143771, 100, 63
2026-06-30T03:22:01,111056, 143771, 100, 60
2026-06-30T03:22:02,111056, 143771, 100, 60
2026-06-30T03:22:03,111056, 143771, 100, 60
2026-06-30T03:22:04,111056, 143771, 100, 61
2026-06-30T03:22:05,111056, 143771, 100, 61
2026-06-30T03:22:06,111056, 143771, 100, 60
2026-06-30T03:22:07,111056, 143771, 100, 61
2026-06-30T03:22:08,111056, 143771, 100, 60
2026-06-30T03:22:09,111056, 143771, 100, 59
2026-06-30T03:22:10,111056, 143771, 100, 61
2026-06-30T03:22:11,111056, 143771, 100, 61
2026-06-30T03:22:12,111056, 143771, 100, 60
2026-06-30T03:22:13,111056, 143771, 100, 61
2026-06-30T03:22:14,111056, 143771, 100, 60
2026-06-30T03:22:15,111056, 143771, 100, 61
2026-06-30T03:22:16,111056, 143771, 100, 60
2026-06-30T03:22:17,111056, 143771, 100, 61
2026-06-30T03:22:18,111056, 143771, 100, 60
2026-06-30T03:22:19,111056, 143771, 100, 61
2026-06-30T03:22:20,111056, 143771, 100, 61
2026-06-30T03:22:21,111056, 143771, 100, 61
2026-06-30T03:22:22,111056, 143771, 100, 60
2026-06-30T03:22:23,111056, 143771, 100, 61
2026-06-30T03:22:24,111056, 143771, 100, 61
2026-06-30T03:22:25,111056, 143771, 100, 61
2026-06-30T03:22:27,111056, 143771, 100, 61
2026-06-30T03:22:28,111056, 143771, 100, 59
2026-06-30T03:22:29,111056, 143771, 100, 60
2026-06-30T03:22:30,111056, 143771, 100, 61
2026-06-30T03:22:31,111056, 143771, 100, 60
2026-06-30T03:22:32,111056, 143771, 100, 61
2026-06-30T03:22:33,111056, 143771, 100, 60
2026-06-30T03:22:34,111056, 143771, 100, 61
2026-06-30T03:22:35,111056, 143771, 100, 61
2026-06-30T03:22:36,111056, 143771, 100, 59
2026-06-30T03:22:37,111056, 143771, 100, 60
2026-06-30T03:22:38,111056, 143771, 100, 61
2026-06-30T03:22:39,111056, 143771, 97, 60
2026-06-30T03:22:40,111056, 143771, 100, 60
2026-06-30T03:22:41,111056, 143771, 100, 60
2026-06-30T03:22:42,111056, 143771, 100, 60
2026-06-30T03:22:43,111056, 143771, 96, 59
2026-06-30T03:22:44,111056, 143771, 100, 60
2026-06-30T03:22:45,111056, 143771, 96, 59
2026-06-30T03:22:46,111056, 143771, 100, 60
2026-06-30T03:22:47,111056, 143771, 96, 57
2026-06-30T03:22:48,111056, 143771, 100, 61
2026-06-30T03:22:49,111056, 143771, 99, 56
2026-06-30T03:22:50,111056, 143771, 100, 60
2026-06-30T03:22:51,111056, 143771, 97, 59
2026-06-30T03:22:52,111056, 143771, 100, 61
2026-06-30T03:22:53,111056, 143771, 100, 59
2026-06-30T03:22:54,111056, 143771, 100, 59
2026-06-30T03:22:55,111056, 143771, 100, 61
2026-06-30T03:22:56,111056, 143771, 100, 61
2026-06-30T03:22:57,111056, 143771, 100, 61
2026-06-30T03:22:58,111056, 143771, 100, 60
2026-06-30T03:22:59,111056, 143771, 100, 60
2026-06-30T03:23:00,111056, 143771, 100, 59
2026-06-30T03:23:02,111056, 143771, 100, 61
2026-06-30T03:23:03,111056, 143771, 93, 60
2026-06-30T03:23:04,111056, 143771, 100, 61
2026-06-30T03:23:05,111056, 143771, 100, 63
2026-06-30T03:23:06,111056, 143771, 100, 61
2026-06-30T03:23:07,111056, 143771, 100, 61
2026-06-30T03:23:08,111056, 143771, 100, 61
2026-06-30T03:23:09,111056, 143771, 100, 62
2026-06-30T03:23:10,111056, 143771, 100, 60
2026-06-30T03:23:11,111056, 143771, 100, 59
2026-06-30T03:23:12,111056, 143771, 100, 61
2026-06-30T03:23:13,111056, 143771, 100, 63
2026-06-30T03:23:14,111056, 143771, 100, 60
2026-06-30T03:23:15,111056, 143771, 75, 64
2026-06-30T03:23:16,111056, 143771, 100, 62
2026-06-30T03:23:17,111056, 143771, 100, 61
2026-06-30T03:23:18,111056, 143771, 100, 59
2026-06-30T03:23:19,111056, 143771, 100, 64
2026-06-30T03:23:20,111056, 143771, 100, 61
2026-06-30T03:23:21,111056, 143771, 100, 61
2026-06-30T03:23:22,111056, 143771, 100, 60
2026-06-30T03:23:23,111056, 143771, 100, 60
2026-06-30T03:23:24,111056, 143771, 100, 61
2026-06-30T03:23:25,111056, 143771, 100, 61
2026-06-30T03:23:26,111056, 143771, 100, 61
2026-06-30T03:23:27,111056, 143771, 100, 60
2026-06-30T03:23:28,111056, 143771, 100, 60
2026-06-30T03:23:29,111056, 143771, 100, 60
2026-06-30T03:23:30,111056, 143771, 100, 60
2026-06-30T03:23:31,111056, 143771, 100, 60
2026-06-30T03:23:32,111056, 143771, 100, 60
2026-06-30T03:23:33,111056, 143771, 100, 60
2026-06-30T03:23:34,111056, 143771, 100, 60
2026-06-30T03:23:35,111056, 143771, 100, 60
2026-06-30T03:23:37,111056, 143771, 100, 60
2026-06-30T03:23:38,111056, 143771, 100, 60
2026-06-30T03:23:39,111056, 143771, 100, 60
2026-06-30T03:23:40,111056, 143771, 100, 59
2026-06-30T03:23:41,111056, 143771, 100, 59
2026-06-30T03:23:42,111056, 143771, 96, 60
2026-06-30T03:23:43,111056, 143771, 100, 61
2026-06-30T03:23:44,111056, 143771, 96, 60
2026-06-30T03:23:45,111056, 143771, 100, 59
2026-06-30T03:23:46,111056, 143771, 100, 58
2026-06-30T03:23:47,111056, 143771, 100, 61
2026-06-30T03:23:48,111056, 143771, 97, 59
2026-06-30T03:23:49,111056, 143771, 100, 61
2026-06-30T03:23:50,111056, 143771, 96, 59
2026-06-30T03:23:51,111056, 143771, 100, 59
2026-06-30T03:23:52,111056, 143771, 100, 58
2026-06-30T03:23:53,111056, 143771, 100, 61
2026-06-30T03:23:54,111056, 143771, 100, 56
2026-06-30T03:23:55,111056, 143771, 100, 60
2026-06-30T03:23:56,111056, 143771, 100, 60
2026-06-30T03:23:57,111056, 143771, 100, 60
2026-06-30T03:23:58,111056, 143771, 100, 61
2026-06-30T03:23:59,111056, 143771, 100, 61
2026-06-30T03:24:00,111056, 143771, 100, 61
2026-06-30T03:24:01,111056, 143771, 100, 60
2026-06-30T03:24:02,111056, 143771, 100, 61
2026-06-30T03:24:03,111056, 143771, 100, 62
2026-06-30T03:24:04,111056, 143771, 100, 61
2026-06-30T03:24:05,111056, 143771, 54, 59
2026-06-30T03:24:06,111056, 143771, 100, 61
2026-06-30T03:24:07,111056, 143771, 100, 63
2026-06-30T03:24:08,111056, 143771, 100, 60
2026-06-30T03:24:09,111056, 143771, 100, 60
2026-06-30T03:24:11,111056, 143771, 100, 61
2026-06-30T03:24:12,111056, 143771, 100, 58
2026-06-30T03:24:13,111056, 143771, 100, 61
2026-06-30T03:24:14,111056, 143771, 100, 60
2026-06-30T03:24:15,111056, 143771, 100, 60
2026-06-30T03:24:16,111056, 143771, 100, 61
2026-06-30T03:24:17,111056, 143771, 100, 61
2026-06-30T03:24:18,111056, 143771, 100, 60
2026-06-30T03:24:19,111056, 143771, 100, 60
2026-06-30T03:24:20,111056, 143771, 100, 60
2026-06-30T03:24:21,111056, 143771, 100, 60
2026-06-30T03:24:22,111056, 143771, 100, 61
2026-06-30T03:24:23,111056, 143771, 100, 59
2026-06-30T03:24:24,111056, 143771, 100, 60
2026-06-30T03:24:25,111056, 143771, 100, 61
2026-06-30T03:24:26,111056, 143771, 100, 61
2026-06-30T03:24:27,111056, 143771, 100, 61
2026-06-30T03:24:28,111056, 143771, 100, 60
2026-06-30T03:24:29,111056, 143771, 100, 61
2026-06-30T03:24:30,111056, 143771, 100, 60
2026-06-30T03:24:31,111056, 143771, 100, 61
2026-06-30T03:24:32,111056, 143771, 100, 60
2026-06-30T03:24:33,111056, 143771, 100, 61
2026-06-30T03:24:34,111056, 143771, 100, 60
2026-06-30T03:24:35,111056, 143771, 100, 61
2026-06-30T03:24:36,111056, 143771, 100, 60
2026-06-30T03:24:37,111056, 143771, 100, 61
2026-06-30T03:24:38,111056, 143771, 100, 60
2026-06-30T03:24:39,111056, 143771, 100, 61
2026-06-30T03:24:40,111056, 143771, 98, 60
2026-06-30T03:24:41,111056, 143771, 100, 59
2026-06-30T03:24:42,111056, 143771, 100, 58
2026-06-30T03:24:43,111056, 143771, 100, 61
2026-06-30T03:24:44,111056, 143771, 96, 58
2026-06-30T03:24:46,111056, 143771, 100, 61
2026-06-30T03:24:47,111056, 143771, 97, 59
2026-06-30T03:24:48,111056, 143771, 100, 60
2026-06-30T03:24:49,111056, 143771, 100, 58
2026-06-30T03:24:50,111056, 143771, 100, 62
2026-06-30T03:24:51,111056, 143771, 100, 55
2026-06-30T03:24:52,111056, 143771, 100, 61
2026-06-30T03:24:53,111056, 143771, 98, 61
2026-06-30T03:24:54,111056, 143771, 100, 61
2026-06-30T03:24:55,111056, 143771, 100, 61
2026-06-30T03:24:56,111056, 143771, 100, 60
2026-06-30T03:24:57,111056, 143771, 100, 60
2026-06-30T03:24:58,111056, 143771, 100, 61
2026-06-30T03:24:59,111056, 143771, 100, 61
2026-06-30T03:25:00,111056, 143771, 100, 60
2026-06-30T03:25:01,111056, 143771, 100, 59
2026-06-30T03:25:02,111056, 143771, 100, 59
2026-06-30T03:25:03,111056, 143771, 100, 62
2026-06-30T03:25:04,111056, 143771, 100, 59
2026-06-30T03:25:05,111056, 143771, 100, 59
2026-06-30T03:25:06,111056, 143771, 100, 61
2026-06-30T03:25:07,111056, 143771, 100, 61
2026-06-30T03:25:08,111056, 143771, 100, 60
2026-06-30T03:25:09,111056, 143771, 100, 60
2026-06-30T03:25:10,111056, 143771, 100, 61
2026-06-30T03:25:11,111056, 143771, 100, 61
2026-06-30T03:25:12,111056, 143771, 100, 62
2026-06-30T03:25:13,111056, 143771, 100, 60
2026-06-30T03:25:14,111056, 143771, 100, 61
2026-06-30T03:25:15,111056, 143771, 100, 61
2026-06-30T03:25:16,111056, 143771, 100, 61
2026-06-30T03:25:17,111056, 143771, 100, 61
2026-06-30T03:25:18,111056, 143771, 100, 63
2026-06-30T03:25:19,111056, 143771, 100, 61
2026-06-30T03:25:21,111056, 143771, 63, 64
2026-06-30T03:25:22,111056, 143771, 100, 61
2026-06-30T03:25:23,111056, 143771, 100, 63
2026-06-30T03:25:24,111056, 143771, 100, 61
2026-06-30T03:25:25,111056, 143771, 100, 61
2026-06-30T03:25:26,111056, 143771, 100, 60
2026-06-30T03:25:27,111056, 143771, 100, 60
2026-06-30T03:25:28,111056, 143771, 100, 61
2026-06-30T03:25:29,111056, 143771, 100, 61
2026-06-30T03:25:30,111056, 143771, 100, 60
2026-06-30T03:25:31,111056, 143771, 100, 61
2026-06-30T03:25:32,111056, 143771, 100, 62
2026-06-30T03:25:33,111056, 143771, 100, 61
2026-06-30T03:25:34,111056, 143771, 100, 60
2026-06-30T03:25:35,111056, 143771, 100, 60
2026-06-30T03:25:36,111056, 143771, 100, 61
2026-06-30T03:25:37,111056, 143771, 100, 60
2026-06-30T03:25:38,111056, 143771, 100, 61
2026-06-30T03:25:39,111056, 143771, 100, 60
2026-06-30T03:25:40,111056, 143771, 100, 61
2026-06-30T03:25:41,111056, 143771, 100, 60
2026-06-30T03:25:42,111056, 143771, 100, 62
2026-06-30T03:25:43,111056, 143771, 100, 61
2026-06-30T03:25:44,111056, 143771, 100, 60
2026-06-30T03:25:45,111056, 143771, 100, 60
2026-06-30T03:25:46,111056, 143771, 100, 60
2026-06-30T03:25:47,111056, 143771, 100, 59
2026-06-30T03:25:48,111056, 143771, 100, 61
2026-06-30T03:25:49,111056, 143771, 100, 61
2026-06-30T03:25:50,111056, 143771, 100, 59
2026-06-30T03:25:51,111056, 143771, 100, 60
2026-06-30T03:25:52,111056, 143771, 100, 61
2026-06-30T03:25:53,111056, 143771, 97, 60
2026-06-30T03:25:55,111056, 143771, 100, 59
2026-06-30T03:25:56,111056, 143771, 100, 60
2026-06-30T03:25:57,111056, 143771, 100, 61
2026-06-30T03:25:58,111056, 143771, 96, 59
2026-06-30T03:25:59,111056, 143771, 100, 59
2026-06-30T03:26:00,111056, 143771, 96, 60
2026-06-30T03:26:01,111056, 143771, 100, 61
2026-06-30T03:26:02,111056, 143771, 98, 56
2026-06-30T03:26:03,111056, 143771, 100, 59
2026-06-30T03:26:04,111056, 143771, 96, 59
2026-06-30T03:26:05,111056, 143771, 100, 61
2026-06-30T03:26:06,111056, 143771, 97, 60
2026-06-30T03:26:07,111056, 143771, 100, 61
2026-06-30T03:26:08,111056, 143771, 100, 61
2026-06-30T03:26:09,111056, 143771, 100, 59
2026-06-30T03:26:10,111056, 143771, 100, 61
2026-06-30T03:26:11,111056, 143771, 100, 61
2026-06-30T03:26:12,111056, 143771, 100, 61
2026-06-30T03:26:13,111056, 143771, 100, 60
2026-06-30T03:26:14,111056, 143771, 100, 60
2026-06-30T03:26:15,111056, 143771, 100, 60
2026-06-30T03:26:16,111056, 143771, 100, 62
2026-06-30T03:26:17,111056, 143771, 100, 60
2026-06-30T03:26:18,111056, 143771, 100, 60
2026-06-30T03:26:19,111056, 143771, 100, 61
2026-06-30T03:26:20,111056, 143771, 100, 61
2026-06-30T03:26:21,111056, 143771, 52, 61
2026-06-30T03:26:22,111056, 143771, 100, 59
2026-06-30T03:26:23,111056, 143771, 50, 62
2026-06-30T03:26:24,111056, 143771, 100, 60
2026-06-30T03:26:25,111056, 143771, 100, 59
2026-06-30T03:26:26,111056, 143771, 100, 61
2026-06-30T03:26:27,111056, 143771, 100, 63
2026-06-30T03:26:28,111056, 143771, 100, 60
2026-06-30T03:26:30,111056, 143771, 100, 60
2026-06-30T03:26:31,111056, 143771, 100, 61
2026-06-30T03:26:32,111056, 143771, 100, 60
2026-06-30T03:26:33,111056, 143771, 100, 60
2026-06-30T03:26:34,111056, 143771, 100, 60
2026-06-30T03:26:35,111056, 143771, 100, 61
2026-06-30T03:26:36,111056, 143771, 100, 60
2026-06-30T03:26:37,111056, 143771, 100, 61
2026-06-30T03:26:38,111056, 143771, 100, 61
2026-06-30T03:26:39,111056, 143771, 100, 59
2026-06-30T03:26:40,111056, 143771, 100, 60
2026-06-30T03:26:41,111056, 143771, 100, 60
2026-06-30T03:26:42,111056, 143771, 100, 60
2026-06-30T03:26:43,111056, 143771, 100, 60
2026-06-30T03:26:44,111056, 143771, 100, 60
2026-06-30T03:26:45,111056, 143771, 100, 60
2026-06-30T03:26:46,111056, 143771, 100, 60
2026-06-30T03:26:47,111056, 143771, 100, 61
2026-06-30T03:26:48,111056, 143771, 100, 60
2026-06-30T03:26:49,111056, 143771, 100, 61
2026-06-30T03:26:50,111056, 143771, 100, 60
2026-06-30T03:26:51,111056, 143771, 100, 61
2026-06-30T03:26:52,111056, 143771, 100, 60
2026-06-30T03:26:53,111056, 143771, 100, 61
2026-06-30T03:26:54,111056, 143771, 100, 60
2026-06-30T03:26:55,111056, 143771, 100, 61
2026-06-30T03:26:56,111056, 143771, 100, 60
2026-06-30T03:26:57,111056, 143771, 100, 61
2026-06-30T03:26:58,111056, 143771, 100, 60
2026-06-30T03:26:59,111056, 143771, 100, 61
2026-06-30T03:27:00,111056, 143771, 100, 60
2026-06-30T03:27:01,111056, 143771, 100, 60
2026-06-30T03:27:02,111056, 143771, 100, 60
2026-06-30T03:27:03,111056, 143771, 100, 60
2026-06-30T03:27:05,111056, 143771, 100, 59
2026-06-30T03:27:06,111056, 143771, 100, 61
2026-06-30T03:27:07,111056, 143771, 96, 60
2026-06-30T03:27:08,111056, 143771, 100, 61
2026-06-30T03:27:09,111056, 143771, 100, 60
2026-06-30T03:27:10,111056, 143771, 100, 61
2026-06-30T03:27:11,111056, 143771, 100, 59
2026-06-30T03:27:12,111056, 143771, 100, 61
2026-06-30T03:27:13,111056, 143771, 96, 59
2026-06-30T03:27:14,111056, 143771, 100, 61
2026-06-30T03:27:15,111056, 143771, 96, 56
2026-06-30T03:27:16,111056, 143771, 100, 61
2026-06-30T03:27:17,111056, 143771, 97, 58
2026-06-30T03:27:18,111056, 143771, 100, 60
2026-06-30T03:27:19,111056, 143771, 96, 59
2026-06-30T03:27:20,111056, 143771, 100, 60
2026-06-30T03:27:21,111056, 143771, 100, 58
2026-06-30T03:27:22,111056, 143771, 100, 62
2026-06-30T03:27:23,111056, 143771, 100, 55
2026-06-30T03:27:24,111056, 143771, 100, 59
2026-06-30T03:27:25,111056, 143771, 97, 61
2026-06-30T03:27:26,111056, 143771, 100, 62
2026-06-30T03:27:27,111056, 143771, 100, 60
2026-06-30T03:27:28,111056, 143771, 100, 59
2026-06-30T03:27:29,111056, 143771, 100, 58
2026-06-30T03:27:30,111056, 143771, 100, 61
2026-06-30T03:27:31,111056, 143771, 100, 61
2026-06-30T03:27:32,111056, 143771, 100, 59
2026-06-30T03:27:33,111056, 143771, 100, 61
2026-06-30T03:27:34,111056, 143771, 100, 61
2026-06-30T03:27:35,111056, 143771, 100, 61
2026-06-30T03:27:36,111056, 143771, 100, 60
2026-06-30T03:27:37,111056, 143771, 100, 61
2026-06-30T03:27:38,111056, 143771, 100, 60
2026-06-30T03:27:40,111056, 143771, 100, 61
2026-06-30T03:27:41,111056, 143771, 100, 59
2026-06-30T03:27:42,111056, 143771, 100, 60
2026-06-30T03:27:43,111056, 143771, 100, 62
2026-06-30T03:27:44,111056, 143771, 100, 60
2026-06-30T03:27:45,111056, 143771, 100, 61
2026-06-30T03:27:46,111056, 143771, 100, 61
2026-06-30T03:27:47,111056, 143771, 100, 60
2026-06-30T03:27:48,111056, 143771, 100, 59
2026-06-30T03:27:49,111056, 143771, 100, 61
2026-06-30T03:27:50,111056, 143771, 100, 61
2026-06-30T03:27:51,111056, 143771, 100, 62
2026-06-30T03:27:52,111056, 143771, 100, 60
2026-06-30T03:27:53,111056, 143771, 100, 59
2026-06-30T03:27:54,111056, 143771, 100, 61
2026-06-30T03:27:55,111056, 143771, 100, 63
2026-06-30T03:27:56,111056, 143771, 100, 61
2026-06-30T03:27:57,111056, 143771, 100, 61
2026-06-30T03:27:58,111056, 143771, 100, 61
2026-06-30T03:27:59,111056, 143771, 100, 60
2026-06-30T03:28:00,111056, 143771, 100, 61
2026-06-30T03:28:01,111056, 143771, 100, 57
2026-06-30T03:28:02,111056, 143771, 100, 61
2026-06-30T03:28:03,111056, 143771, 100, 62
2026-06-30T03:28:04,111056, 143771, 100, 59
2026-06-30T03:28:05,111056, 143771, 100, 64
2026-06-30T03:28:06,111056, 143771, 100, 61
2026-06-30T03:28:07,111056, 143771, 100, 63
2026-06-30T03:28:08,111056, 143771, 100, 59
2026-06-30T03:28:09,111056, 143771, 100, 61
2026-06-30T03:28:10,111056, 143771, 100, 62
2026-06-30T03:28:11,111056, 143771, 100, 61
2026-06-30T03:28:12,111056, 143771, 100, 60
2026-06-30T03:28:14,111056, 143771, 100, 61
2026-06-30T03:28:15,111056, 143771, 100, 62
2026-06-30T03:28:16,111056, 143771, 100, 60
2026-06-30T03:28:17,111056, 143771, 100, 61
2026-06-30T03:28:18,111056, 143771, 100, 61
2026-06-30T03:28:19,111056, 143771, 100, 61
2026-06-30T03:28:20,111056, 143771, 100, 61
2026-06-30T03:28:21,111056, 143771, 100, 61
2026-06-30T03:28:22,111056, 143771, 100, 60
2026-06-30T03:28:23,111056, 143771, 100, 61
2026-06-30T03:28:24,111056, 143771, 100, 60
2026-06-30T03:28:25,111056, 143771, 100, 60
2026-06-30T03:28:26,111056, 143771, 100, 61
2026-06-30T03:28:27,111056, 143771, 100, 61
2026-06-30T03:28:28,111056, 143771, 100, 61
2026-06-30T03:28:29,111056, 143771, 100, 60
2026-06-30T03:28:30,111056, 143771, 100, 60
2026-06-30T03:28:31,111056, 143771, 100, 61
2026-06-30T03:28:32,111056, 143771, 100, 60
2026-06-30T03:28:33,111056, 143771, 100, 61
2026-06-30T03:28:34,111056, 143771, 100, 61
2026-06-30T03:28:35,111056, 143771, 100, 60
2026-06-30T03:28:36,111056, 143771, 100, 60
2026-06-30T03:28:37,111056, 143771, 100, 61
2026-06-30T03:28:38,111056, 143771, 100, 60
2026-06-30T03:28:39,111056, 143771, 100, 61
2026-06-30T03:28:40,111056, 143771, 100, 60
2026-06-30T03:28:41,111056, 143771, 100, 61
2026-06-30T03:28:42,111056, 143771, 100, 60
2026-06-30T03:28:43,111056, 143771, 100, 61
2026-06-30T03:28:44,111056, 143771, 100, 59
2026-06-30T03:28:45,111056, 143771, 100, 60
2026-06-30T03:28:46,111056, 143771, 97, 59
2026-06-30T03:28:47,111056, 143771, 100, 60
2026-06-30T03:28:49,111056, 143771, 96, 60
2026-06-30T03:28:50,111056, 143771, 100, 61
2026-06-30T03:28:51,111056, 143771, 100, 56
2026-06-30T03:28:52,111056, 143771, 100, 60
2026-06-30T03:28:53,111056, 143771, 97, 57
2026-06-30T03:28:54,111056, 143771, 100, 61
2026-06-30T03:28:55,111056, 143771, 99, 60
2026-06-30T03:28:56,111056, 143771, 100, 59
2026-06-30T03:28:57,111056, 143771, 100, 61
2026-06-30T03:28:58,111056, 143771, 100, 61
2026-06-30T03:28:59,111056, 143771, 100, 60
2026-06-30T03:29:00,111056, 143771, 100, 60
2026-06-30T03:29:01,111056, 143771, 100, 62
2026-06-30T03:29:02,111056, 143771, 100, 60
2026-06-30T03:29:03,111056, 143771, 100, 61
2026-06-30T03:29:04,111056, 143771, 100, 59
2026-06-30T03:29:05,111056, 143771, 100, 61
2026-06-30T03:29:06,111056, 143771, 100, 60
2026-06-30T03:29:07,111056, 143771, 100, 59
2026-06-30T03:29:08,111056, 143771, 100, 60
2026-06-30T03:29:09,111056, 143771, 100, 61
2026-06-30T03:29:10,111056, 143771, 51, 61
2026-06-30T03:29:11,111056, 143771, 100, 59
2026-06-30T03:29:12,111056, 143771, 100, 58
2026-06-30T03:29:13,111056, 143771, 100, 61
2026-06-30T03:29:14,111056, 143771, 100, 62
2026-06-30T03:29:15,111056, 143771, 100, 59
2026-06-30T03:29:16,111056, 143771, 100, 64
2026-06-30T03:29:17,111056, 143771, 100, 62
2026-06-30T03:29:18,111056, 143771, 100, 62
2026-06-30T03:29:19,111056, 143771, 100, 59
2026-06-30T03:29:20,111056, 143771, 100, 57
2026-06-30T03:29:21,111056, 143771, 100, 61
2026-06-30T03:29:22,111056, 143771, 100, 61
2026-06-30T03:29:24,111056, 143771, 100, 61
2026-06-30T03:29:25,111056, 143771, 100, 60
2026-06-30T03:29:26,111056, 143771, 100, 60
2026-06-30T03:29:27,111056, 143771, 100, 60
2026-06-30T03:29:28,111056, 143771, 100, 60
2026-06-30T03:29:29,111056, 143771, 100, 60
2026-06-30T03:29:30,111056, 143771, 100, 61
2026-06-30T03:29:31,111056, 143771, 100, 61
2026-06-30T03:29:32,111056, 143771, 100, 60
2026-06-30T03:29:33,111056, 143771, 100, 61
2026-06-30T03:29:34,111056, 143771, 100, 61
2026-06-30T03:29:35,111056, 143771, 100, 61
2026-06-30T03:29:36,111056, 143771, 100, 60
2026-06-30T03:29:37,111056, 143771, 100, 61
2026-06-30T03:29:38,111056, 143771, 100, 62
2026-06-30T03:29:39,111056, 143771, 100, 61
2026-06-30T03:29:40,111056, 143771, 100, 59
2026-06-30T03:29:41,111056, 143771, 100, 60
2026-06-30T03:29:42,111056, 143771, 100, 61
2026-06-30T03:29:43,111056, 143771, 100, 61
2026-06-30T03:29:44,111056, 143771, 100, 60
2026-06-30T03:29:45,111056, 143771, 100, 61
2026-06-30T03:29:46,111056, 143771, 100, 62
2026-06-30T03:29:47,111056, 143771, 100, 61
2026-06-30T03:29:48,111056, 143771, 100, 61
2026-06-30T03:29:49,111056, 143771, 100, 60
2026-06-30T03:29:50,111056, 143771, 100, 61
2026-06-30T03:29:51,111056, 143771, 100, 60
2026-06-30T03:29:52,111056, 143771, 100, 61
2026-06-30T03:29:53,111056, 143771, 100, 60
2026-06-30T03:29:54,111056, 143771, 100, 61
2026-06-30T03:29:55,111056, 143771, 100, 60
2026-06-30T03:29:56,111056, 143771, 100, 60
2026-06-30T03:29:58,111056, 143771, 100, 60
2026-06-30T03:29:59,111056, 143771, 100, 60
2026-06-30T03:30:00,111056, 143771, 97, 60
2026-06-30T03:30:01,111056, 143771, 100, 60
2026-06-30T03:30:02,111056, 143771, 100, 58
2026-06-30T03:30:03,111056, 143771, 100, 61
2026-06-30T03:30:04,111056, 143771, 97, 59
2026-06-30T03:30:05,111056, 143771, 100, 61
2026-06-30T03:30:06,111056, 143771, 96, 59
2026-06-30T03:30:07,111056, 143771, 100, 61
2026-06-30T03:30:08,111056, 143771, 96, 56
2026-06-30T03:30:09,111056, 143771, 100, 60
2026-06-30T03:30:10,111056, 143771, 97, 57
2026-06-30T03:30:11,111056, 143771, 100, 61
2026-06-30T03:30:12,111056, 143771, 96, 61
2026-06-30T03:30:13,111056, 143771, 100, 60
2026-06-30T03:30:14,111056, 143771, 100, 60
2026-06-30T03:30:15,111056, 143771, 100, 60
2026-06-30T03:30:16,111056, 143771, 100, 61
2026-06-30T03:30:17,111056, 143771, 100, 59
2026-06-30T03:30:18,111056, 143771, 100, 61
2026-06-30T03:30:19,111056, 143771, 100, 60
2026-06-30T03:30:20,111056, 143771, 100, 61
2026-06-30T03:30:21,111056, 143771, 53, 61
2026-06-30T03:30:22,111056, 143771, 100, 61
2026-06-30T03:30:23,111056, 143771, 100, 61
2026-06-30T03:30:24,111056, 143771, 100, 61
2026-06-30T03:30:25,111056, 143771, 49, 59
2026-06-30T03:30:26,111056, 143771, 100, 61
2026-06-30T03:30:27,111056, 143771, 100, 64
2026-06-30T03:30:28,111056, 143771, 100, 61
2026-06-30T03:30:29,111056, 143771, 100, 60
2026-06-30T03:30:30,111056, 143771, 100, 60
2026-06-30T03:30:31,111056, 143771, 100, 61
2026-06-30T03:30:33,111056, 143771, 100, 61
2026-06-30T03:30:34,111056, 143771, 100, 61
2026-06-30T03:30:35,111056, 143771, 100, 60
2026-06-30T03:30:36,111056, 143771, 100, 61
2026-06-30T03:30:37,111056, 143771, 100, 61
2026-06-30T03:30:38,111056, 143771, 100, 61
2026-06-30T03:30:39,111056, 143771, 100, 60
2026-06-30T03:30:40,111056, 143771, 100, 61
2026-06-30T03:30:41,111056, 143771, 100, 61
2026-06-30T03:30:42,111056, 143771, 100, 60
2026-06-30T03:30:43,111056, 143771, 100, 61
2026-06-30T03:30:44,111056, 143771, 100, 60
2026-06-30T03:30:45,111056, 143771, 100, 61
2026-06-30T03:30:46,111056, 143771, 100, 60
2026-06-30T03:30:47,111056, 143771, 100, 60
2026-06-30T03:30:48,111056, 143771, 100, 61
2026-06-30T03:30:49,111056, 143771, 100, 61
2026-06-30T03:30:50,111056, 143771, 100, 61
2026-06-30T03:30:51,111056, 143771, 100, 60
2026-06-30T03:30:52,111056, 143771, 100, 60
2026-06-30T03:30:53,111056, 143771, 100, 61
2026-06-30T03:30:54,111056, 143771, 100, 60
2026-06-30T03:30:55,111056, 143771, 100, 60
2026-06-30T03:30:56,111056, 143771, 100, 60
2026-06-30T03:30:57,111056, 143771, 100, 60
2026-06-30T03:30:58,111056, 143771, 97, 60
2026-06-30T03:30:59,111056, 143771, 100, 60
2026-06-30T03:31:00,111056, 143771, 100, 57
2026-06-30T03:31:01,111056, 143771, 100, 61
2026-06-30T03:31:02,111056, 143771, 97, 59
2026-06-30T03:31:03,111056, 143771, 100, 60
2026-06-30T03:31:04,111056, 143771, 99, 56
2026-06-30T03:31:05,111056, 143771, 100, 60
2026-06-30T03:31:06,111056, 143771, 100, 62
2026-06-30T03:31:08,111056, 143771, 100, 61
2026-06-30T03:31:09,111056, 143771, 100, 60
2026-06-30T03:31:10,111056, 143771, 100, 59
2026-06-30T03:31:11,111056, 143771, 100, 60
2026-06-30T03:31:12,111056, 143771, 100, 61
2026-06-30T03:31:13,111056, 143771, 100, 60
2026-06-30T03:31:14,111056, 143771, 100, 59
2026-06-30T03:31:15,111056, 143771, 100, 61
2026-06-30T03:31:16,111056, 143771, 100, 59
2026-06-30T03:31:17,111056, 143771, 100, 60
2026-06-30T03:31:18,111056, 143771, 100, 60
2026-06-30T03:31:19,111056, 143771, 100, 61
2026-06-30T03:31:20,111056, 143771, 100, 61
2026-06-30T03:31:21,111056, 143771, 100, 61
2026-06-30T03:31:22,111056, 143771, 100, 59
2026-06-30T03:31:23,111056, 143771, 100, 61
2026-06-30T03:31:24,111056, 143771, 60, 60
2026-06-30T03:31:25,111056, 143771, 100, 60
2026-06-30T03:31:26,111056, 143771, 100, 63
2026-06-30T03:31:27,111056, 143771, 100, 60
2026-06-30T03:31:28,111056, 143771, 76, 64
2026-06-30T03:31:29,111056, 143771, 100, 60
2026-06-30T03:31:30,111056, 143771, 100, 60
2026-06-30T03:31:31,111056, 143771, 100, 60
2026-06-30T03:31:32,111056, 143771, 100, 61
2026-06-30T03:31:33,111056, 143771, 100, 59
2026-06-30T03:31:34,111056, 143771, 100, 61
2026-06-30T03:31:35,111056, 143771, 100, 61
2026-06-30T03:31:36,111056, 143771, 100, 60
2026-06-30T03:31:37,111056, 143771, 100, 60
2026-06-30T03:31:38,111056, 143771, 100, 60
2026-06-30T03:31:39,111056, 143771, 100, 61
2026-06-30T03:31:40,111056, 143771, 100, 60
2026-06-30T03:31:41,111056, 143771, 100, 61
2026-06-30T03:31:43,111056, 143771, 100, 61
2026-06-30T03:31:44,111056, 143771, 100, 60
2026-06-30T03:31:45,111056, 143771, 100, 60
2026-06-30T03:31:46,111056, 143771, 100, 61
2026-06-30T03:31:47,111056, 143771, 100, 60
2026-06-30T03:31:48,111056, 143771, 100, 60
2026-06-30T03:31:49,111056, 143771, 100, 60
2026-06-30T03:31:50,111056, 143771, 100, 59
2026-06-30T03:31:51,111056, 143771, 100, 61
2026-06-30T03:31:52,111056, 143771, 100, 60
2026-06-30T03:31:53,111056, 143771, 100, 60
2026-06-30T03:31:54,111056, 143771, 100, 61
2026-06-30T03:31:55,111056, 143771, 98, 60
2026-06-30T03:31:56,111056, 143771, 100, 59
2026-06-30T03:31:57,111056, 143771, 100, 60
2026-06-30T03:31:58,111056, 143771, 100, 60
2026-06-30T03:31:59,111056, 143771, 96, 59
2026-06-30T03:32:00,111056, 143771, 100, 60
2026-06-30T03:32:01,111056, 143771, 97, 57
2026-06-30T03:32:02,111056, 143771, 100, 60
2026-06-30T03:32:03,111056, 143771, 100, 60
2026-06-30T03:32:04,111056, 143771, 100, 60
2026-06-30T03:32:05,111056, 143771, 100, 61
2026-06-30T03:32:06,111056, 143771, 100, 60
2026-06-30T03:32:07,111056, 143771, 100, 60
2026-06-30T03:32:08,111056, 143771, 100, 60
2026-06-30T03:32:09,111056, 143771, 100, 61
2026-06-30T03:32:10,111056, 143771, 100, 61
2026-06-30T03:32:11,111056, 143771, 100, 60
2026-06-30T03:32:12,111056, 143771, 100, 61
2026-06-30T03:32:13,111056, 143771, 100, 61
2026-06-30T03:32:14,111056, 143771, 100, 60
2026-06-30T03:32:15,111056, 143771, 100, 60
2026-06-30T03:32:16,111056, 143771, 100, 60
2026-06-30T03:32:18,111056, 143771, 100, 62
2026-06-30T03:32:19,111056, 143771, 47, 60
2026-06-30T03:32:20,111056, 143771, 100, 60
2026-06-30T03:32:21,111056, 143771, 100, 63
2026-06-30T03:32:22,111056, 143771, 100, 61
2026-06-30T03:32:23,111056, 143771, 100, 64
2026-06-30T03:32:24,111056, 143771, 100, 61
2026-06-30T03:32:25,111056, 143771, 100, 62
2026-06-30T03:32:26,111056, 143771, 100, 60
2026-06-30T03:32:27,111056, 143771, 100, 60
2026-06-30T03:32:28,111056, 143771, 100, 60
2026-06-30T03:32:29,111056, 143771, 100, 61
2026-06-30T03:32:30,111056, 143771, 100, 62
2026-06-30T03:32:31,111056, 143771, 100, 61
2026-06-30T03:32:32,111056, 143771, 100, 60
2026-06-30T03:32:33,111056, 143771, 100, 60
2026-06-30T03:32:34,111056, 143771, 100, 60
2026-06-30T03:32:35,111056, 143771, 100, 60
2026-06-30T03:32:36,111056, 143771, 100, 60
2026-06-30T03:32:37,111056, 143771, 100, 60
2026-06-30T03:32:38,111056, 143771, 100, 60
2026-06-30T03:32:39,111056, 143771, 100, 60
2026-06-30T03:32:40,111056, 143771, 100, 60
2026-06-30T03:32:41,111056, 143771, 100, 61
2026-06-30T03:32:42,111056, 143771, 100, 61
2026-06-30T03:32:43,111056, 143771, 100, 61
2026-06-30T03:32:44,111056, 143771, 100, 60
2026-06-30T03:32:45,111056, 143771, 100, 60
2026-06-30T03:32:46,111056, 143771, 100, 61
2026-06-30T03:32:47,111056, 143771, 100, 60
2026-06-30T03:32:48,111056, 143771, 100, 61
2026-06-30T03:32:49,111056, 143771, 100, 61
2026-06-30T03:32:50,111056, 143771, 100, 60
2026-06-30T03:32:52,111056, 143771, 100, 60
2026-06-30T03:32:53,111056, 143771, 100, 61
2026-06-30T03:32:54,111056, 143771, 100, 61
2026-06-30T03:32:55,111056, 143771, 100, 60
2026-06-30T03:32:56,111056, 143771, 100, 57
2026-06-30T03:32:57,111056, 143771, 100, 61
2026-06-30T03:32:58,111056, 143771, 96, 58
2026-06-30T03:32:59,111056, 143771, 100, 60
2026-06-30T03:33:00,111056, 143771, 96, 59
2026-06-30T03:33:01,111056, 143771, 100, 60
2026-06-30T03:33:02,111056, 143771, 96, 58
2026-06-30T03:33:03,111056, 143771, 100, 61
2026-06-30T03:33:04,111056, 143771, 100, 56
2026-06-30T03:33:05,111056, 143771, 100, 60
2026-06-30T03:33:06,111056, 143771, 99, 60
2026-06-30T03:33:07,111056, 143771, 100, 59
2026-06-30T03:33:08,111056, 143771, 100, 61
2026-06-30T03:33:09,111056, 143771, 100, 60
2026-06-30T03:33:10,111056, 143771, 100, 61
2026-06-30T03:33:11,111056, 143771, 100, 59
2026-06-30T03:33:12,111056, 143771, 100, 60
2026-06-30T03:33:13,111056, 143771, 100, 61
2026-06-30T03:33:14,111056, 143771, 100, 61
2026-06-30T03:33:15,111056, 143771, 46, 60
2026-06-30T03:33:16,111056, 143771, 100, 61
2026-06-30T03:33:17,111056, 143771, 100, 62
2026-06-30T03:33:18,111056, 143771, 100, 60
2026-06-30T03:33:19,111056, 143771, 100, 60
2026-06-30T03:33:20,111056, 143771, 100, 61
2026-06-30T03:33:21,111056, 143771, 100, 59
2026-06-30T03:33:22,111056, 143771, 100, 61
2026-06-30T03:33:23,111056, 143771, 100, 61
2026-06-30T03:33:24,111056, 143771, 100, 61
2026-06-30T03:33:25,111056, 143771, 100, 63
2026-06-30T03:33:27,111056, 143771, 100, 61
2026-06-30T03:33:28,111056, 143771, 100, 65
2026-06-30T03:33:29,111056, 143771, 100, 61
2026-06-30T03:33:30,111056, 143771, 100, 60
2026-06-30T03:33:31,111056, 143771, 100, 61
2026-06-30T03:33:32,111056, 143771, 100, 60
2026-06-30T03:33:33,111056, 143771, 100, 61
2026-06-30T03:33:34,111056, 143771, 100, 61
2026-06-30T03:33:35,111056, 143771, 100, 60
2026-06-30T03:33:36,111056, 143771, 100, 60
2026-06-30T03:33:37,111056, 143771, 100, 61
2026-06-30T03:33:38,111056, 143771, 100, 60
2026-06-30T03:33:39,111056, 143771, 100, 61
2026-06-30T03:33:40,111056, 143771, 100, 60
2026-06-30T03:33:41,111056, 143771, 100, 61
2026-06-30T03:33:42,111056, 143771, 100, 61
2026-06-30T03:33:43,111056, 143771, 100, 59
2026-06-30T03:33:44,111056, 143771, 100, 60
2026-06-30T03:33:45,111056, 143771, 100, 61
2026-06-30T03:33:46,111056, 143771, 100, 60
2026-06-30T03:33:47,111056, 143771, 100, 59
2026-06-30T03:33:48,111056, 143771, 100, 60
2026-06-30T03:33:49,111056, 143771, 100, 60
2026-06-30T03:33:50,111056, 143771, 100, 60
2026-06-30T03:33:51,111056, 143771, 100, 60
2026-06-30T03:33:52,111056, 143771, 100, 60
2026-06-30T03:33:53,111056, 143771, 100, 61
2026-06-30T03:33:54,111056, 143771, 100, 59
2026-06-30T03:33:55,111056, 143771, 100, 61
2026-06-30T03:33:56,111056, 143771, 100, 60
2026-06-30T03:33:57,111056, 143771, 100, 61
2026-06-30T03:33:58,111056, 143771, 100, 60
2026-06-30T03:33:59,111056, 143771, 100, 60
2026-06-30T03:34:00,111056, 143771, 97, 59
2026-06-30T03:34:02,111056, 143771, 100, 60
2026-06-30T03:34:03,111056, 143771, 97, 59
2026-06-30T03:34:04,111056, 143771, 100, 59
2026-06-30T03:34:05,111056, 143771, 96, 61
2026-06-30T03:34:06,111056, 143771, 100, 60
2026-06-30T03:34:07,111056, 143771, 100, 61
2026-06-30T03:34:08,111056, 143771, 100, 60
2026-06-30T03:34:09,111056, 143771, 100, 59
2026-06-30T03:34:10,111056, 143771, 100, 60
2026-06-30T03:34:11,111056, 143771, 100, 61
2026-06-30T03:34:12,111056, 143771, 100, 59
2026-06-30T03:34:13,111056, 143771, 100, 60
2026-06-30T03:34:14,111056, 143771, 80, 59
2026-06-30T03:34:15,111056, 143771, 100, 61
2026-06-30T03:34:16,111056, 143771, 67, 61
2026-06-30T03:34:17,111056, 143771, 100, 61
2026-06-30T03:34:18,111056, 143771, 100, 59
2026-06-30T03:34:19,111056, 143771, 100, 61
2026-06-30T03:34:20,111056, 143771, 100, 62
2026-06-30T03:34:21,111056, 143771, 100, 60
2026-06-30T03:34:22,111056, 143771, 82, 64
2026-06-30T03:34:23,111056, 143771, 100, 61
2026-06-30T03:34:24,111056, 143771, 100, 60
2026-06-30T03:34:25,111056, 143771, 100, 60
2026-06-30T03:34:26,111056, 143771, 100, 60
2026-06-30T03:34:27,111056, 143771, 100, 61
2026-06-30T03:34:28,111056, 143771, 100, 60
2026-06-30T03:34:29,111056, 143771, 100, 62
2026-06-30T03:34:30,111056, 143771, 100, 61
2026-06-30T03:34:31,111056, 143771, 100, 59
2026-06-30T03:34:32,111056, 143771, 100, 60
2026-06-30T03:34:33,111056, 143771, 100, 61
2026-06-30T03:34:34,111056, 143771, 100, 60
2026-06-30T03:34:36,111056, 143771, 100, 59
2026-06-30T03:34:37,111056, 143771, 100, 60
2026-06-30T03:34:38,111056, 143771, 100, 61
2026-06-30T03:34:39,111056, 143771, 100, 60
2026-06-30T03:34:40,111056, 143771, 100, 60
2026-06-30T03:34:41,111056, 143771, 100, 60
2026-06-30T03:34:42,111056, 143771, 100, 61
2026-06-30T03:34:43,111056, 143771, 100, 61
2026-06-30T03:34:44,111056, 143771, 100, 59
2026-06-30T03:34:45,111056, 143771, 100, 60
2026-06-30T03:34:46,111056, 143771, 100, 61
2026-06-30T03:34:47,111056, 143771, 100, 60
2026-06-30T03:34:48,111056, 143771, 100, 61
2026-06-30T03:34:49,111056, 143771, 100, 60
2026-06-30T03:34:50,111056, 143771, 100, 61
2026-06-30T03:34:51,111056, 143771, 100, 60
2026-06-30T03:34:52,111056, 143771, 100, 61
2026-06-30T03:34:53,111056, 143771, 100, 59
2026-06-30T03:34:54,111056, 143771, 100, 61
2026-06-30T03:34:55,111056, 143771, 100, 59
2026-06-30T03:34:56,111056, 143771, 100, 61
2026-06-30T03:34:57,111056, 143771, 96, 56
2026-06-30T03:34:58,111056, 143771, 100, 61
2026-06-30T03:34:59,111056, 143771, 100, 59
2026-06-30T03:35:00,111056, 143771, 100, 60
2026-06-30T03:35:01,111056, 143771, 100, 61
2026-06-30T03:35:02,111056, 143771, 100, 60
2026-06-30T03:35:03,111056, 143771, 100, 60
2026-06-30T03:35:04,111056, 143771, 100, 59
2026-06-30T03:35:05,111056, 143771, 100, 61
2026-06-30T03:35:06,111056, 143771, 100, 60
2026-06-30T03:35:07,111056, 143771, 100, 61
2026-06-30T03:35:08,111056, 143771, 100, 60
2026-06-30T03:35:09,111056, 143771, 100, 60
2026-06-30T03:35:11,111056, 143771, 80, 54
2026-06-30T03:35:12,111056, 143771, 100, 61
2026-06-30T03:35:13,111056, 143771, 100, 62
2026-06-30T03:35:14,111056, 143771, 100, 60
2026-06-30T03:35:15,111056, 143771, 100, 64
2026-06-30T03:35:16,111056, 143771, 100, 61
2026-06-30T03:35:17,111056, 143771, 100, 63
2026-06-30T03:35:18,111056, 143771, 100, 61
2026-06-30T03:35:19,111056, 143771, 100, 59
2026-06-30T03:35:20,111056, 143771, 100, 60
2026-06-30T03:35:21,111056, 143771, 100, 61
2026-06-30T03:35:22,111056, 143771, 100, 59
2026-06-30T03:35:23,111056, 143771, 100, 61
2026-06-30T03:35:24,111056, 143771, 100, 61
2026-06-30T03:35:25,111056, 143771, 100, 60
2026-06-30T03:35:26,111056, 143771, 100, 61
2026-06-30T03:35:27,111056, 143771, 100, 60
2026-06-30T03:35:28,111056, 143771, 100, 59
2026-06-30T03:35:29,111056, 143771, 100, 60
2026-06-30T03:35:30,111056, 143771, 100, 61
2026-06-30T03:35:31,111056, 143771, 100, 60
2026-06-30T03:35:32,111056, 143771, 100, 61
2026-06-30T03:35:33,111056, 143771, 100, 60
2026-06-30T03:35:34,111056, 143771, 100, 61
2026-06-30T03:35:35,111056, 143771, 100, 60
2026-06-30T03:35:36,111056, 143771, 100, 61
2026-06-30T03:35:37,111056, 143771, 100, 61
2026-06-30T03:35:38,111056, 143771, 100, 60
2026-06-30T03:35:39,111056, 143771, 100, 60
2026-06-30T03:35:40,111056, 143771, 100, 60
2026-06-30T03:35:41,111056, 143771, 100, 60
2026-06-30T03:35:42,111056, 143771, 100, 61
2026-06-30T03:35:43,111056, 143771, 100, 60
2026-06-30T03:35:44,111056, 143771, 100, 61
2026-06-30T03:35:45,111056, 143771, 100, 59
2026-06-30T03:35:47,111056, 143771, 100, 60
2026-06-30T03:35:48,111056, 143771, 99, 56
2026-06-30T03:35:49,111056, 143771, 100, 61
2026-06-30T03:35:50,111056, 143771, 100, 61
2026-06-30T03:35:51,111056, 143771, 100, 60
2026-06-30T03:35:52,111056, 143771, 100, 60
2026-06-30T03:35:53,111056, 143771, 100, 59
2026-06-30T03:35:54,111056, 143771, 100, 61
2026-06-30T03:35:55,111056, 143771, 100, 60
2026-06-30T03:35:56,111056, 143771, 100, 60
2026-06-30T03:35:57,111056, 143771, 100, 59
2026-06-30T03:35:58,111056, 143771, 100, 61
2026-06-30T03:35:59,111056, 143771, 100, 62
2026-06-30T03:36:00,111056, 143771, 100, 61
2026-06-30T03:36:01,111056, 143771, 37, 60
2026-06-30T03:36:02,111056, 143771, 100, 61
2026-06-30T03:36:03,111056, 143771, 100, 61
2026-06-30T03:36:04,111056, 143771, 100, 61
2026-06-30T03:36:05,111056, 143771, 100, 64
2026-06-30T03:36:06,111056, 143771, 100, 60
2026-06-30T03:36:07,111056, 143771, 100, 62
2026-06-30T03:36:08,111056, 143771, 100, 61
2026-06-30T03:36:09,111056, 143771, 100, 60
2026-06-30T03:36:10,111056, 143771, 100, 59
2026-06-30T03:36:11,111056, 143771, 100, 60
2026-06-30T03:36:12,111056, 143771, 100, 61
2026-06-30T03:36:13,111056, 143771, 100, 61
2026-06-30T03:36:14,111056, 143771, 100, 59
2026-06-30T03:36:15,111056, 143771, 100, 61
2026-06-30T03:36:16,111056, 143771, 100, 61
2026-06-30T03:36:17,111056, 143771, 100, 60
2026-06-30T03:36:18,111056, 143771, 100, 61
2026-06-30T03:36:19,111056, 143771, 100, 60
2026-06-30T03:36:21,111056, 143771, 100, 61
2026-06-30T03:36:22,111056, 143771, 100, 60
2026-06-30T03:36:23,111056, 143771, 100, 61
2026-06-30T03:36:24,111056, 143771, 100, 60
2026-06-30T03:36:25,111056, 143771, 100, 61
2026-06-30T03:36:26,111056, 143771, 100, 60
2026-06-30T03:36:27,111056, 143771, 100, 61
2026-06-30T03:36:28,111056, 143771, 100, 60
2026-06-30T03:36:29,111056, 143771, 100, 61
2026-06-30T03:36:30,111056, 143771, 100, 61
2026-06-30T03:36:31,111056, 143771, 100, 60
2026-06-30T03:36:32,111056, 143771, 100, 61
2026-06-30T03:36:33,111056, 143771, 100, 61
2026-06-30T03:36:34,111056, 143771, 100, 61
2026-06-30T03:36:35,111056, 143771, 100, 59
2026-06-30T03:36:36,111056, 143771, 100, 61
2026-06-30T03:36:37,111056, 143771, 100, 61
2026-06-30T03:36:38,111056, 143771, 100, 60
2026-06-30T03:36:39,111056, 143771, 100, 60
2026-06-30T03:36:40,111056, 143771, 97, 60
2026-06-30T03:36:41,111056, 143771, 100, 61
2026-06-30T03:36:42,111056, 143771, 96, 60
2026-06-30T03:36:43,111056, 143771, 100, 61
2026-06-30T03:36:44,111056, 143771, 100, 60
2026-06-30T03:36:45,111056, 143771, 100, 59
2026-06-30T03:36:46,111056, 143771, 100, 58
2026-06-30T03:36:47,111056, 143771, 100, 61
2026-06-30T03:36:48,111056, 143771, 100, 61
2026-06-30T03:36:49,111056, 143771, 100, 59
2026-06-30T03:36:50,111056, 143771, 100, 60
2026-06-30T03:36:51,111056, 143771, 100, 61
2026-06-30T03:36:52,111056, 143771, 100, 61
2026-06-30T03:36:53,111056, 143771, 100, 60
2026-06-30T03:36:54,111056, 143771, 100, 61
2026-06-30T03:36:56,111056, 143771, 100, 60
2026-06-30T03:36:57,111056, 143771, 100, 61
2026-06-30T03:36:58,111056, 143771, 100, 59
2026-06-30T03:36:59,111056, 143771, 100, 61
2026-06-30T03:37:00,111056, 143771, 100, 61
2026-06-30T03:37:01,111056, 143771, 100, 60
2026-06-30T03:37:02,111056, 143771, 100, 59
2026-06-30T03:37:03,111056, 143771, 100, 61
2026-06-30T03:37:04,111056, 143771, 100, 61
2026-06-30T03:37:05,111056, 143771, 100, 61
2026-06-30T03:37:06,111056, 143771, 100, 61
2026-06-30T03:37:07,111056, 143771, 100, 61
2026-06-30T03:37:08,111056, 143771, 100, 61
2026-06-30T03:37:09,111056, 143771, 100, 61
2026-06-30T03:37:10,111056, 143771, 100, 62
2026-06-30T03:37:11,111056, 143771, 100, 61
2026-06-30T03:37:12,111056, 143771, 100, 58
2026-06-30T03:37:13,111056, 143771, 100, 61
2026-06-30T03:37:14,111056, 143771, 100, 63
2026-06-30T03:37:15,111056, 143771, 100, 60
2026-06-30T03:37:16,111056, 143771, 100, 64
2026-06-30T03:37:17,111056, 143771, 100, 61
2026-06-30T03:37:18,111056, 143771, 100, 60
2026-06-30T03:37:19,111056, 143771, 100, 61
2026-06-30T03:37:20,111056, 143771, 100, 58
2026-06-30T03:37:21,111056, 143771, 100, 61
2026-06-30T03:37:22,111056, 143771, 100, 62
2026-06-30T03:37:23,111056, 143771, 100, 61
2026-06-30T03:37:24,111056, 143771, 100, 64
2026-06-30T03:37:25,111056, 143771, 100, 61
2026-06-30T03:37:26,111056, 143771, 100, 61
2026-06-30T03:37:27,111056, 143771, 100, 61
2026-06-30T03:37:28,111056, 143771, 100, 60
2026-06-30T03:37:29,111056, 143771, 100, 61
2026-06-30T03:37:31,111056, 143771, 100, 62
2026-06-30T03:37:32,111056, 143771, 100, 60
2026-06-30T03:37:33,111056, 143771, 100, 61
2026-06-30T03:37:34,111056, 143771, 100, 61
2026-06-30T03:37:35,111056, 143771, 100, 61
2026-06-30T03:37:36,111056, 143771, 100, 60
2026-06-30T03:37:37,111056, 143771, 100, 61
2026-06-30T03:37:38,111056, 143771, 100, 61
2026-06-30T03:37:39,111056, 143771, 100, 61
2026-06-30T03:37:40,111056, 143771, 100, 60
2026-06-30T03:37:41,111056, 143771, 100, 61
2026-06-30T03:37:42,111056, 143771, 100, 61
2026-06-30T03:37:43,111056, 143771, 100, 61
2026-06-30T03:37:44,111056, 143771, 100, 59
2026-06-30T03:37:45,111056, 143771, 100, 61
2026-06-30T03:37:46,111056, 143771, 100, 61
2026-06-30T03:37:47,111056, 143771, 100, 60
2026-06-30T03:37:48,111056, 143771, 100, 60
2026-06-30T03:37:49,111056, 143771, 100, 60
2026-06-30T03:37:50,111056, 143771, 100, 61
2026-06-30T03:37:51,111056, 143771, 100, 60
2026-06-30T03:37:52,111056, 143771, 100, 61
2026-06-30T03:37:53,111056, 143771, 100, 60
2026-06-30T03:37:54,111056, 143771, 100, 61
2026-06-30T03:37:55,111056, 143771, 100, 61
2026-06-30T03:37:56,111056, 143771, 100, 61
2026-06-30T03:37:57,111056, 143771, 100, 61
2026-06-30T03:37:58,111056, 143771, 100, 60
2026-06-30T03:37:59,111056, 143771, 100, 61
2026-06-30T03:38:00,111056, 143771, 100, 61
2026-06-30T03:38:01,111056, 143771, 100, 60
2026-06-30T03:38:02,111056, 143771, 100, 61
2026-06-30T03:38:03,111056, 143771, 100, 60
2026-06-30T03:38:05,111056, 143771, 100, 61
2026-06-30T03:38:06,111056, 143771, 100, 61
2026-06-30T03:38:07,111056, 143771, 100, 62
2026-06-30T03:38:08,111056, 143771, 100, 60
2026-06-30T03:38:09,111056, 143771, 100, 61
2026-06-30T03:38:10,111056, 143771, 100, 60
2026-06-30T03:38:11,111056, 143771, 100, 61
2026-06-30T03:38:12,111056, 143771, 100, 59
2026-06-30T03:38:13,111056, 143771, 100, 61
2026-06-30T03:38:14,111056, 143771, 100, 60
2026-06-30T03:38:15,111056, 143771, 100, 61
2026-06-30T03:38:16,111056, 143771, 97, 60
2026-06-30T03:38:17,111056, 143771, 100, 61
2026-06-30T03:38:18,111056, 143771, 96, 59
2026-06-30T03:38:19,111056, 143771, 100, 61
2026-06-30T03:38:20,111056, 143771, 100, 57
2026-06-30T03:38:21,111056, 143771, 100, 61
2026-06-30T03:38:22,111056, 143771, 97, 61
2026-06-30T03:38:23,111056, 143771, 100, 61
2026-06-30T03:38:24,111056, 143771, 100, 61
2026-06-30T03:38:25,111056, 143771, 100, 60
2026-06-30T03:38:26,111056, 143771, 100, 60
2026-06-30T03:38:27,111056, 143771, 100, 60
2026-06-30T03:38:28,111056, 143771, 100, 62
2026-06-30T03:38:29,111056, 143771, 100, 60
2026-06-30T03:38:30,111056, 143771, 100, 60
2026-06-30T03:38:31,111056, 143771, 100, 60
2026-06-30T03:38:32,111056, 143771, 100, 61
2026-06-30T03:38:33,111056, 143771, 100, 60
2026-06-30T03:38:34,111056, 143771, 100, 61
2026-06-30T03:38:35,111056, 143771, 100, 63
2026-06-30T03:38:36,111056, 143771, 100, 61
2026-06-30T03:38:37,111056, 143771, 100, 62
2026-06-30T03:38:38,111056, 143771, 100, 62
2026-06-30T03:38:40,111056, 143771, 100, 61
2026-06-30T03:38:41,111056, 143771, 100, 61
2026-06-30T03:38:42,111056, 143771, 100, 63
2026-06-30T03:38:43,111056, 143771, 100, 61
2026-06-30T03:38:44,111056, 143771, 65, 54
2026-06-30T03:38:45,111056, 143771, 100, 61
2026-06-30T03:38:46,111056, 143771, 100, 62
2026-06-30T03:38:47,111056, 143771, 100, 60
2026-06-30T03:38:48,111056, 143771, 100, 64
2026-06-30T03:38:49,111056, 143771, 100, 61
2026-06-30T03:38:50,111056, 143771, 100, 60
2026-06-30T03:38:51,111056, 143771, 100, 61
2026-06-30T03:38:52,111056, 143771, 100, 61
2026-06-30T03:38:53,111056, 143771, 100, 60
2026-06-30T03:38:54,111056, 143771, 100, 61
2026-06-30T03:38:55,111056, 143771, 100, 61
2026-06-30T03:38:56,111056, 143771, 100, 61
2026-06-30T03:38:57,111056, 143771, 100, 60
2026-06-30T03:38:58,111056, 143771, 100, 60
2026-06-30T03:38:59,111056, 143771, 100, 60
2026-06-30T03:39:00,111056, 143771, 100, 61
2026-06-30T03:39:01,111056, 143771, 100, 62
2026-06-30T03:39:02,111056, 143771, 100, 61
2026-06-30T03:39:03,111056, 143771, 100, 60
2026-06-30T03:39:04,111056, 143771, 100, 61
2026-06-30T03:39:05,111056, 143771, 100, 61
2026-06-30T03:39:06,111056, 143771, 100, 61
2026-06-30T03:39:07,111056, 143771, 100, 60
2026-06-30T03:39:08,111056, 143771, 100, 60
2026-06-30T03:39:09,111056, 143771, 100, 60
2026-06-30T03:39:10,111056, 143771, 100, 60
2026-06-30T03:39:11,111056, 143771, 100, 61
2026-06-30T03:39:12,111056, 143771, 100, 60
2026-06-30T03:39:13,111056, 143771, 100, 61
2026-06-30T03:39:15,111056, 143771, 100, 60
2026-06-30T03:39:16,111056, 143771, 100, 61
2026-06-30T03:39:17,111056, 143771, 100, 60
2026-06-30T03:39:18,111056, 143771, 100, 61
2026-06-30T03:39:19,111056, 143771, 100, 60
2026-06-30T03:39:20,111056, 143771, 100, 60
2026-06-30T03:39:21,111056, 143771, 100, 60
2026-06-30T03:39:22,111056, 143771, 100, 61
2026-06-30T03:39:23,111056, 143771, 96, 60
2026-06-30T03:39:24,111056, 143771, 100, 61
2026-06-30T03:39:25,111056, 143771, 100, 58
2026-06-30T03:39:26,111056, 143771, 100, 60
2026-06-30T03:39:27,111056, 143771, 100, 57
2026-06-30T03:39:28,111056, 143771, 100, 61
2026-06-30T03:39:29,111056, 143771, 99, 57
2026-06-30T03:39:30,111056, 143771, 100, 61
2026-06-30T03:39:31,111056, 143771, 96, 62
2026-06-30T03:39:32,111056, 143771, 100, 61
2026-06-30T03:39:33,111056, 143771, 100, 59
2026-06-30T03:39:34,111056, 143771, 100, 61
2026-06-30T03:39:35,111056, 143771, 100, 62
2026-06-30T03:39:36,111056, 143771, 100, 60
2026-06-30T03:39:37,111056, 143771, 100, 59
2026-06-30T03:39:38,111056, 143771, 100, 60
2026-06-30T03:39:39,111056, 143771, 100, 62
2026-06-30T03:39:40,111056, 143771, 93, 59
2026-06-30T03:39:41,111056, 143771, 100, 60
2026-06-30T03:39:42,111056, 143771, 100, 59
2026-06-30T03:39:43,111056, 143771, 100, 61
2026-06-30T03:39:44,111056, 143771, 100, 62
2026-06-30T03:39:45,111056, 143771, 100, 60
2026-06-30T03:39:46,111056, 143771, 100, 61
2026-06-30T03:39:47,111056, 143771, 100, 60
2026-06-30T03:39:49,111056, 143771, 100, 61
2026-06-30T03:39:50,111056, 143771, 100, 61
2026-06-30T03:39:51,111056, 143771, 100, 63
2026-06-30T03:39:52,111056, 143771, 100, 61
2026-06-30T03:39:53,111056, 143771, 100, 65
2026-06-30T03:39:54,111056, 143771, 100, 61
2026-06-30T03:39:55,111056, 143771, 100, 59
2026-06-30T03:39:56,111056, 143771, 100, 61
2026-06-30T03:39:57,111056, 143771, 100, 58
2026-06-30T03:39:58,111056, 143771, 100, 61
2026-06-30T03:39:59,111056, 143771, 100, 61
2026-06-30T03:40:00,111056, 143771, 100, 60
2026-06-30T03:40:01,111056, 143771, 100, 64
2026-06-30T03:40:02,111056, 143771, 100, 60
2026-06-30T03:40:03,111056, 143771, 100, 62
2026-06-30T03:40:04,111056, 143771, 100, 61
2026-06-30T03:40:05,111056, 143771, 100, 60
2026-06-30T03:40:06,111056, 143771, 100, 61
2026-06-30T03:40:07,111056, 143771, 100, 61
2026-06-30T03:40:08,111056, 143771, 100, 60
2026-06-30T03:40:09,111056, 143771, 100, 61
2026-06-30T03:40:10,111056, 143771, 100, 61
2026-06-30T03:40:11,111056, 143771, 100, 61
2026-06-30T03:40:12,111056, 143771, 100, 61
2026-06-30T03:40:13,111056, 143771, 100, 60
2026-06-30T03:40:14,111056, 143771, 100, 60
2026-06-30T03:40:15,111056, 143771, 100, 60
2026-06-30T03:40:16,111056, 143771, 100, 59
2026-06-30T03:40:17,111056, 143771, 100, 60
2026-06-30T03:40:18,111056, 143771, 100, 61
2026-06-30T03:40:19,111056, 143771, 100, 61
2026-06-30T03:40:20,111056, 143771, 100, 60
2026-06-30T03:40:21,111056, 143771, 100, 60
2026-06-30T03:40:22,111056, 143771, 100, 61
2026-06-30T03:40:24,111056, 143771, 100, 61
2026-06-30T03:40:25,111056, 143771, 100, 59
2026-06-30T03:40:26,111056, 143771, 100, 60
2026-06-30T03:40:27,111056, 143771, 100, 60
2026-06-30T03:40:28,111056, 143771, 100, 60
2026-06-30T03:40:29,111056, 143771, 100, 60
2026-06-30T03:40:30,111056, 143771, 100, 61
2026-06-30T03:40:31,111056, 143771, 100, 61
2026-06-30T03:40:32,111056, 143771, 100, 60
2026-06-30T03:40:33,111056, 143771, 100, 61
2026-06-30T03:40:34,111056, 143771, 100, 60
2026-06-30T03:40:35,111056, 143771, 100, 61
2026-06-30T03:40:36,111056, 143771, 100, 60
2026-06-30T03:40:37,111056, 143771, 100, 60
2026-06-30T03:40:38,111056, 143771, 100, 60
2026-06-30T03:40:39,111056, 143771, 100, 61
2026-06-30T03:40:40,111056, 143771, 100, 60
2026-06-30T03:40:41,111056, 143771, 100, 61
2026-06-30T03:40:42,111056, 143771, 100, 61
2026-06-30T03:40:43,111056, 143771, 100, 60
2026-06-30T03:40:44,111056, 143771, 100, 61
2026-06-30T03:40:45,111056, 143771, 100, 61
2026-06-30T03:40:46,111056, 143771, 100, 61
2026-06-30T03:40:47,111056, 143771, 100, 60
2026-06-30T03:40:48,111056, 143771, 100, 61
2026-06-30T03:40:49,111056, 143771, 100, 61
2026-06-30T03:40:50,111056, 143771, 100, 61
2026-06-30T03:40:51,111056, 143771, 100, 60
2026-06-30T03:40:52,111056, 143771, 100, 60
2026-06-30T03:40:53,111056, 143771, 100, 61
2026-06-30T03:40:54,111056, 143771, 100, 59
2026-06-30T03:40:55,111056, 143771, 100, 61
2026-06-30T03:40:56,111056, 143771, 96, 59
2026-06-30T03:40:58,111056, 143771, 100, 61
2026-06-30T03:40:59,111056, 143771, 96, 60
2026-06-30T03:41:00,111056, 143771, 100, 60
2026-06-30T03:41:01,111056, 143771, 96, 59
2026-06-30T03:41:02,111056, 143771, 100, 61
2026-06-30T03:41:03,111056, 143771, 100, 57
2026-06-30T03:41:04,111056, 143771, 100, 61
2026-06-30T03:41:05,111056, 143771, 99, 59
2026-06-30T03:41:06,111056, 143771, 100, 60
2026-06-30T03:41:07,111056, 143771, 100, 62
2026-06-30T03:41:08,111056, 143771, 100, 61
2026-06-30T03:41:09,111056, 143771, 100, 59
2026-06-30T03:41:10,111056, 143771, 100, 60
2026-06-30T03:41:11,111056, 143771, 100, 62
2026-06-30T03:41:12,111056, 143771, 100, 61
2026-06-30T03:41:13,111056, 143771, 100, 60
2026-06-30T03:41:14,111056, 143771, 100, 59
2026-06-30T03:41:15,111056, 143771, 100, 60
2026-06-30T03:41:16,111056, 143771, 100, 61
2026-06-30T03:41:17,111056, 143771, 100, 60
2026-06-30T03:41:18,111056, 143771, 100, 58
2026-06-30T03:41:19,111056, 143771, 100, 61
2026-06-30T03:41:20,111056, 143771, 100, 60
2026-06-30T03:41:21,111056, 143771, 100, 61
2026-06-30T03:41:22,111056, 143771, 100, 60
2026-06-30T03:41:23,111056, 143771, 100, 61
2026-06-30T03:41:24,111056, 143771, 100, 60
2026-06-30T03:41:25,111056, 143771, 100, 61
2026-06-30T03:41:26,111056, 143771, 100, 59
2026-06-30T03:41:27,111056, 143771, 100, 61
2026-06-30T03:41:28,111056, 143771, 100, 63
2026-06-30T03:41:29,111056, 143771, 100, 61
2026-06-30T03:41:30,111056, 143771, 100, 62
2026-06-30T03:41:31,111056, 143771, 100, 61
2026-06-30T03:41:33,111056, 143771, 49, 55
2026-06-30T03:41:34,111056, 143771, 100, 60
2026-06-30T03:41:35,111056, 143771, 100, 58
2026-06-30T03:41:36,111056, 143771, 100, 62
2026-06-30T03:41:37,111056, 143771, 100, 62
2026-06-30T03:41:38,111056, 143771, 100, 60
2026-06-30T03:41:39,111056, 143771, 100, 64
2026-06-30T03:41:40,111056, 143771, 100, 61
2026-06-30T03:41:41,111056, 143771, 100, 63
2026-06-30T03:41:42,111056, 143771, 100, 61
2026-06-30T03:41:43,111056, 143771, 100, 60
2026-06-30T03:41:44,111056, 143771, 100, 60
2026-06-30T03:41:45,111056, 143771, 100, 61
2026-06-30T03:41:46,111056, 143771, 100, 62
2026-06-30T03:41:47,111056, 143771, 100, 61
2026-06-30T03:41:48,111056, 143771, 100, 60
2026-06-30T03:41:49,111056, 143771, 100, 61
2026-06-30T03:41:50,111056, 143771, 100, 60
2026-06-30T03:41:51,111056, 143771, 100, 61
2026-06-30T03:41:52,111056, 143771, 100, 60
2026-06-30T03:41:53,111056, 143771, 100, 61
2026-06-30T03:41:54,111056, 143771, 100, 61
2026-06-30T03:41:55,111056, 143771, 100, 61
2026-06-30T03:41:56,111056, 143771, 100, 60
2026-06-30T03:41:57,111056, 143771, 100, 60
2026-06-30T03:41:58,111056, 143771, 100, 60
2026-06-30T03:41:59,111056, 143771, 100, 61
2026-06-30T03:42:00,111056, 143771, 100, 61
2026-06-30T03:42:01,111056, 143771, 100, 61
2026-06-30T03:42:02,111056, 143771, 100, 61
2026-06-30T03:42:03,111056, 143771, 100, 60
2026-06-30T03:42:04,111056, 143771, 100, 61
2026-06-30T03:42:05,111056, 143771, 100, 60
2026-06-30T03:42:07,111056, 143771, 100, 60
2026-06-30T03:42:08,111056, 143771, 100, 60
2026-06-30T03:42:09,111056, 143771, 100, 61
2026-06-30T03:42:10,111056, 143771, 100, 60
2026-06-30T03:42:11,111056, 143771, 100, 60
2026-06-30T03:42:12,111056, 143771, 100, 60
2026-06-30T03:42:13,111056, 143771, 100, 62
2026-06-30T03:42:14,111056, 143771, 100, 60
2026-06-30T03:42:15,111056, 143771, 100, 60
2026-06-30T03:42:16,111056, 143771, 100, 60
2026-06-30T03:42:17,111056, 143771, 100, 61
2026-06-30T03:42:18,111056, 143771, 100, 61
2026-06-30T03:42:19,111056, 143771, 100, 59
2026-06-30T03:42:20,111056, 143771, 100, 61
2026-06-30T03:42:21,111056, 143771, 100, 61
2026-06-30T03:42:22,111056, 143771, 100, 60
2026-06-30T03:42:23,111056, 143771, 100, 61
2026-06-30T03:42:24,111056, 143771, 100, 60
2026-06-30T03:42:25,111056, 143771, 100, 60
2026-06-30T03:42:26,111056, 143771, 100, 60
2026-06-30T03:42:27,111056, 143771, 100, 61
2026-06-30T03:42:28,111056, 143771, 100, 61
2026-06-30T03:42:29,111056, 143771, 100, 61
2026-06-30T03:42:30,111056, 143771, 100, 59
2026-06-30T03:42:31,111056, 143771, 100, 60
2026-06-30T03:42:32,111056, 143771, 96, 60
2026-06-30T03:42:33,111056, 143771, 100, 59
2026-06-30T03:42:34,111056, 143771, 100, 58
2026-06-30T03:42:35,111056, 143771, 100, 61
2026-06-30T03:42:36,111056, 143771, 96, 59
2026-06-30T03:42:37,111056, 143771, 100, 61
2026-06-30T03:42:38,111056, 143771, 97, 59
2026-06-30T03:42:39,111056, 143771, 100, 61
2026-06-30T03:42:41,111056, 143771, 97, 56
2026-06-30T03:42:42,111056, 143771, 100, 61
2026-06-30T03:42:43,111056, 143771, 96, 58
2026-06-30T03:42:44,111056, 143771, 100, 61
2026-06-30T03:42:45,111056, 143771, 97, 61
2026-06-30T03:42:46,111056, 143771, 100, 61
2026-06-30T03:42:47,111056, 143771, 100, 59
2026-06-30T03:42:48,111056, 143771, 100, 61
2026-06-30T03:42:49,111056, 143771, 99, 56
2026-06-30T03:42:50,111056, 143771, 100, 59
2026-06-30T03:42:51,111056, 143771, 100, 61
2026-06-30T03:42:52,111056, 143771, 100, 61
2026-06-30T03:42:53,111056, 143771, 100, 60
2026-06-30T03:42:54,111056, 143771, 100, 60
2026-06-30T03:42:55,111056, 143771, 100, 61
2026-06-30T03:42:56,111056, 143771, 100, 58
2026-06-30T03:42:57,111056, 143771, 100, 61
2026-06-30T03:42:58,111056, 143771, 100, 61
2026-06-30T03:42:59,111056, 143771, 100, 61
2026-06-30T03:43:00,111056, 143771, 100, 62
2026-06-30T03:43:01,111056, 143771, 100, 60
2026-06-30T03:43:02,111056, 143771, 100, 59
2026-06-30T03:43:03,111056, 143771, 100, 61
2026-06-30T03:43:04,111056, 143771, 100, 61
2026-06-30T03:43:05,111056, 143771, 100, 61
2026-06-30T03:43:06,111056, 143771, 100, 61
2026-06-30T03:43:07,111056, 143771, 100, 61
2026-06-30T03:43:08,111056, 143771, 100, 64
2026-06-30T03:43:09,111056, 143771, 100, 62
2026-06-30T03:43:10,111056, 143771, 100, 63
2026-06-30T03:43:11,111056, 143771, 100, 59
2026-06-30T03:43:12,111056, 143771, 100, 59
2026-06-30T03:43:13,111056, 143771, 100, 61
2026-06-30T03:43:14,111056, 143771, 100, 61
2026-06-30T03:43:16,111056, 143771, 100, 61
2026-06-30T03:43:17,111056, 143771, 100, 61
2026-06-30T03:43:18,111056, 143771, 100, 60
2026-06-30T03:43:19,111056, 143771, 100, 60
2026-06-30T03:43:20,111056, 143771, 100, 61
2026-06-30T03:43:21,111056, 143771, 100, 60
2026-06-30T03:43:22,111056, 143771, 100, 61
2026-06-30T03:43:23,111056, 143771, 100, 61
2026-06-30T03:43:24,111056, 143771, 100, 60
2026-06-30T03:43:25,111056, 143771, 100, 61
2026-06-30T03:43:26,111056, 143771, 100, 61
2026-06-30T03:43:27,111056, 143771, 100, 61
2026-06-30T03:43:28,111056, 143771, 100, 61
2026-06-30T03:43:29,111056, 143771, 100, 60
2026-06-30T03:43:30,111056, 143771, 100, 61
2026-06-30T03:43:31,111056, 143771, 100, 61
2026-06-30T03:43:32,111056, 143771, 100, 61
2026-06-30T03:43:33,111056, 143771, 100, 61
2026-06-30T03:43:34,111056, 143771, 100, 61
2026-06-30T03:43:35,111056, 143771, 100, 61
2026-06-30T03:43:36,111056, 143771, 100, 61
2026-06-30T03:43:37,111056, 143771, 100, 61
2026-06-30T03:43:38,111056, 143771, 100, 62
2026-06-30T03:43:39,111056, 143771, 100, 61
2026-06-30T03:43:40,111056, 143771, 100, 60
2026-06-30T03:43:41,111056, 143771, 100, 60
2026-06-30T03:43:42,111056, 143771, 100, 61
2026-06-30T03:43:43,111056, 143771, 100, 61
2026-06-30T03:43:44,111056, 143771, 100, 62
2026-06-30T03:43:45,111056, 143771, 100, 61
2026-06-30T03:43:46,111056, 143771, 100, 60
2026-06-30T03:43:47,111056, 143771, 100, 60
2026-06-30T03:43:48,111056, 143771, 100, 62
2026-06-30T03:43:50,111056, 143771, 100, 60
2026-06-30T03:43:51,111056, 143771, 100, 61
2026-06-30T03:43:52,111056, 143771, 100, 61
2026-06-30T03:43:53,111056, 143771, 100, 60
2026-06-30T03:43:54,111056, 143771, 100, 60
2026-06-30T03:43:55,111056, 143771, 100, 61
2026-06-30T03:43:56,111056, 143771, 96, 60
2026-06-30T03:43:57,111056, 143771, 100, 60
2026-06-30T03:43:58,111056, 143771, 100, 60
2026-06-30T03:43:59,111056, 143771, 100, 61
2026-06-30T03:44:00,111056, 143771, 100, 59
2026-06-30T03:44:01,111056, 143771, 100, 60
2026-06-30T03:44:02,111056, 143771, 96, 59
2026-06-30T03:44:03,111056, 143771, 100, 61
2026-06-30T03:44:04,111056, 143771, 96, 59
2026-06-30T03:44:05,111056, 143771, 100, 61
2026-06-30T03:44:06,111056, 143771, 96, 58
2026-06-30T03:44:07,111056, 143771, 100, 61
2026-06-30T03:44:08,111056, 143771, 97, 59
2026-06-30T03:44:09,111056, 143771, 100, 60
2026-06-30T03:44:10,111056, 143771, 96, 59
2026-06-30T03:44:11,111056, 143771, 100, 61
2026-06-30T03:44:12,111056, 143771, 100, 56
2026-06-30T03:44:13,111056, 143771, 100, 60
2026-06-30T03:44:14,111056, 143771, 97, 56
2026-06-30T03:44:15,111056, 143771, 100, 61
2026-06-30T03:44:16,111056, 143771, 100, 60
2026-06-30T03:44:17,111056, 143771, 100, 61
2026-06-30T03:44:18,111056, 143771, 100, 59
2026-06-30T03:44:19,111056, 143771, 100, 61
2026-06-30T03:44:20,111056, 143771, 100, 61
2026-06-30T03:44:21,111056, 143771, 100, 61
2026-06-30T03:44:22,111056, 143771, 100, 61
2026-06-30T03:44:24,111056, 143771, 100, 60
2026-06-30T03:44:25,111056, 143771, 100, 61
2026-06-30T03:44:26,111056, 143771, 100, 60
2026-06-30T03:44:27,111056, 143771, 100, 61
2026-06-30T03:44:28,111056, 143771, 100, 61
2026-06-30T03:44:29,111056, 143771, 100, 61
2026-06-30T03:44:30,111056, 143771, 100, 60
2026-06-30T03:44:31,111056, 143771, 100, 61
2026-06-30T03:44:32,111056, 143771, 100, 61
2026-06-30T03:44:33,111056, 143771, 100, 61
2026-06-30T03:44:34,111056, 143771, 100, 60
2026-06-30T03:44:35,111056, 143771, 100, 60
2026-06-30T03:44:36,111056, 143771, 100, 60
2026-06-30T03:44:37,111056, 143771, 100, 61
2026-06-30T03:44:38,111056, 143771, 100, 63
2026-06-30T03:44:39,111056, 143771, 100, 60
2026-06-30T03:44:40,111056, 143771, 50, 60
2026-06-30T03:44:41,111056, 143771, 100, 61
2026-06-30T03:44:42,111056, 143771, 49, 61
2026-06-30T03:44:43,111056, 143771, 100, 60
2026-06-30T03:44:44,111056, 143771, 100, 64
2026-06-30T03:44:45,111056, 143771, 100, 61
2026-06-30T03:44:46,111056, 143771, 100, 64
2026-06-30T03:44:47,111056, 143771, 100, 61
2026-06-30T03:44:48,111056, 143771, 100, 61
2026-06-30T03:44:49,111056, 143771, 100, 60
2026-06-30T03:44:50,111056, 143771, 100, 61
2026-06-30T03:44:51,111056, 143771, 100, 61
2026-06-30T03:44:52,111056, 143771, 100, 61
2026-06-30T03:44:53,111056, 143771, 100, 61
2026-06-30T03:44:54,111056, 143771, 100, 60
2026-06-30T03:44:55,111056, 143771, 100, 60
2026-06-30T03:44:56,111056, 143771, 100, 61
2026-06-30T03:44:57,111056, 143771, 100, 61
2026-06-30T03:44:59,111056, 143771, 100, 61
2026-06-30T03:45:00,111056, 143771, 100, 61
2026-06-30T03:45:01,111056, 143771, 100, 61
2026-06-30T03:45:02,111056, 143771, 100, 61
2026-06-30T03:45:03,111056, 143771, 100, 61
2026-06-30T03:45:04,111056, 143771, 100, 61
2026-06-30T03:45:05,111056, 143771, 100, 61
2026-06-30T03:45:06,111056, 143771, 100, 61
2026-06-30T03:45:07,111056, 143771, 100, 61
2026-06-30T03:45:08,111056, 143771, 100, 60
2026-06-30T03:45:09,111056, 143771, 100, 61
2026-06-30T03:45:10,111056, 143771, 100, 60
2026-06-30T03:45:11,111056, 143771, 100, 60
2026-06-30T03:45:12,111056, 143771, 100, 61
2026-06-30T03:45:13,111056, 143771, 100, 61
2026-06-30T03:45:14,111056, 143771, 100, 60
2026-06-30T03:45:15,111056, 143771, 100, 61
2026-06-30T03:45:16,111056, 143771, 100, 61
2026-06-30T03:45:17,111056, 143771, 100, 61
2026-06-30T03:45:18,111056, 143771, 100, 60
2026-06-30T03:45:19,111056, 143771, 100, 60
2026-06-30T03:45:20,111056, 143771, 100, 61
2026-06-30T03:45:21,111056, 143771, 100, 60
2026-06-30T03:45:22,111056, 143771, 100, 61
2026-06-30T03:45:23,111056, 143771, 100, 61
2026-06-30T03:45:24,111056, 143771, 100, 60
2026-06-30T03:45:25,111056, 143771, 100, 60
2026-06-30T03:45:26,111056, 143771, 100, 61
2026-06-30T03:45:27,111056, 143771, 100, 61
2026-06-30T03:45:28,111056, 143771, 100, 62
2026-06-30T03:45:29,111056, 143771, 100, 60
2026-06-30T03:45:30,111056, 143771, 100, 61
2026-06-30T03:45:31,111056, 143771, 100, 60
2026-06-30T03:45:33,111056, 143771, 100, 61
2026-06-30T03:45:34,111056, 143771, 100, 60
2026-06-30T03:45:35,111056, 143771, 100, 61
2026-06-30T03:45:36,111056, 143771, 100, 60
2026-06-30T03:45:37,111056, 143771, 100, 61
2026-06-30T03:45:38,111056, 143771, 96, 60
2026-06-30T03:45:39,111056, 143771, 100, 61
2026-06-30T03:45:40,111056, 143771, 96, 56
2026-06-30T03:45:41,111056, 143771, 100, 61
2026-06-30T03:45:42,111056, 143771, 100, 55
2026-06-30T03:45:43,111056, 143771, 100, 59
2026-06-30T03:45:44,111056, 143771, 97, 58
2026-06-30T03:45:45,111056, 143771, 100, 61
2026-06-30T03:45:46,111056, 143771, 96, 61
2026-06-30T03:45:47,111056, 143771, 100, 61
2026-06-30T03:45:48,111056, 143771, 100, 60
2026-06-30T03:45:49,111056, 143771, 100, 59
2026-06-30T03:45:50,111056, 143771, 100, 58
2026-06-30T03:45:51,111056, 143771, 100, 61
2026-06-30T03:45:52,111056, 143771, 100, 61
2026-06-30T03:45:53,111056, 143771, 100, 60
2026-06-30T03:45:54,111056, 143771, 100, 60
2026-06-30T03:45:55,111056, 143771, 100, 59
2026-06-30T03:45:56,111056, 143771, 100, 61
2026-06-30T03:45:57,111056, 143771, 100, 60
2026-06-30T03:45:58,111056, 143771, 100, 61
2026-06-30T03:45:59,111056, 143771, 100, 60
2026-06-30T03:46:00,111056, 143771, 100, 60
2026-06-30T03:46:01,111056, 143771, 100, 60
2026-06-30T03:46:02,111056, 143771, 100, 61
2026-06-30T03:46:03,111056, 143771, 100, 60
2026-06-30T03:46:04,111056, 143771, 100, 61
2026-06-30T03:46:05,111056, 143771, 100, 62
2026-06-30T03:46:07,111056, 143771, 100, 61
2026-06-30T03:46:08,111056, 143771, 100, 60
2026-06-30T03:46:09,111056, 143771, 100, 61
2026-06-30T03:46:10,111056, 143771, 100, 63
2026-06-30T03:46:11,111056, 143771, 100, 60
2026-06-30T03:46:12,111056, 143771, 100, 61
2026-06-30T03:46:13,111056, 143771, 100, 61
2026-06-30T03:46:14,111056, 143771, 100, 64
2026-06-30T03:46:15,111056, 143771, 100, 61
2026-06-30T03:46:16,111056, 143771, 100, 62
2026-06-30T03:46:17,111056, 143771, 100, 60
2026-06-30T03:46:18,111056, 143771, 100, 60
2026-06-30T03:46:19,111056, 143771, 100, 61
2026-06-30T03:46:20,111056, 143771, 100, 60
2026-06-30T03:46:21,111056, 143771, 100, 61
2026-06-30T03:46:22,111056, 143771, 100, 61
2026-06-30T03:46:23,111056, 143771, 100, 60
2026-06-30T03:46:24,111056, 143771, 100, 64
2026-06-30T03:46:25,111056, 143771, 100, 61
2026-06-30T03:46:26,111056, 143771, 100, 60
2026-06-30T03:46:27,111056, 143771, 100, 61
2026-06-30T03:46:28,111056, 143771, 100, 61
2026-06-30T03:46:29,111056, 143771, 100, 61
2026-06-30T03:46:30,111056, 143771, 100, 60
2026-06-30T03:46:31,111056, 143771, 100, 60
2026-06-30T03:46:32,111056, 143771, 100, 61
2026-06-30T03:46:33,111056, 143771, 100, 61
2026-06-30T03:46:34,111056, 143771, 100, 61
2026-06-30T03:46:35,111056, 143771, 100, 59
2026-06-30T03:46:36,111056, 143771, 100, 61
2026-06-30T03:46:37,111056, 143771, 100, 61
2026-06-30T03:46:38,111056, 143771, 100, 60
2026-06-30T03:46:39,111056, 143771, 100, 61
2026-06-30T03:46:41,111056, 143771, 100, 61
2026-06-30T03:46:42,111056, 143771, 100, 60
2026-06-30T03:46:43,111056, 143771, 100, 61
2026-06-30T03:46:44,111056, 143771, 100, 62
2026-06-30T03:46:45,111056, 143771, 100, 61
2026-06-30T03:46:46,111056, 143771, 100, 60
2026-06-30T03:46:47,111056, 143771, 100, 61
2026-06-30T03:46:48,111056, 143771, 100, 61
2026-06-30T03:46:49,111056, 143771, 100, 61
2026-06-30T03:46:50,111056, 143771, 100, 60
2026-06-30T03:46:51,111056, 143771, 100, 61
2026-06-30T03:46:52,111056, 143771, 100, 60
2026-06-30T03:46:53,111056, 143771, 100, 60
2026-06-30T03:46:54,111056, 143771, 100, 60
2026-06-30T03:46:55,111056, 143771, 100, 59
2026-06-30T03:46:56,111056, 143771, 100, 61
2026-06-30T03:46:57,111056, 143771, 96, 58
2026-06-30T03:46:58,111056, 143771, 100, 61
2026-06-30T03:46:59,111056, 143771, 97, 59
2026-06-30T03:47:00,111056, 143771, 100, 61
2026-06-30T03:47:01,111056, 143771, 100, 59
2026-06-30T03:47:02,111056, 143771, 100, 59
2026-06-30T03:47:03,111056, 143771, 100, 58
2026-06-30T03:47:04,111056, 143771, 100, 60
2026-06-30T03:47:05,111056, 143771, 100, 60
2026-06-30T03:47:06,111056, 143771, 100, 61
2026-06-30T03:47:07,111056, 143771, 100, 61
2026-06-30T03:47:08,111056, 143771, 100, 60
2026-06-30T03:47:09,111056, 143771, 100, 60
2026-06-30T03:47:10,111056, 143771, 100, 60
2026-06-30T03:47:11,111056, 143771, 100, 62
2026-06-30T03:47:12,111056, 143771, 100, 60
2026-06-30T03:47:13,111056, 143771, 100, 60
2026-06-30T03:47:14,111056, 143771, 100, 59
2026-06-30T03:47:16,111056, 143771, 100, 61
2026-06-30T03:47:17,111056, 143771, 100, 60
2026-06-30T03:47:18,111056, 143771, 100, 59
2026-06-30T03:47:19,111056, 143771, 100, 60
2026-06-30T03:47:20,111056, 143771, 100, 61
2026-06-30T03:47:21,111056, 143771, 60, 61
2026-06-30T03:47:22,111056, 143771, 100, 61
2026-06-30T03:47:23,111056, 143771, 100, 58
2026-06-30T03:47:24,111056, 143771, 100, 61
2026-06-30T03:47:25,111056, 143771, 90, 54
2026-06-30T03:47:26,111056, 143771, 100, 61
2026-06-30T03:47:27,111056, 143771, 100, 60
2026-06-30T03:47:28,111056, 143771, 100, 61
2026-06-30T03:47:29,111056, 143771, 100, 63
2026-06-30T03:47:30,111056, 143771, 100, 61
2026-06-30T03:47:31,111056, 143771, 100, 64
2026-06-30T03:47:32,111056, 143771, 100, 61
2026-06-30T03:47:33,111056, 143771, 100, 60
2026-06-30T03:47:34,111056, 143771, 100, 61
2026-06-30T03:47:35,111056, 143771, 100, 60
2026-06-30T03:47:36,111056, 143771, 100, 60
2026-06-30T03:47:37,111056, 143771, 100, 62
2026-06-30T03:47:38,111056, 143771, 100, 61
2026-06-30T03:47:39,111056, 143771, 100, 60
2026-06-30T03:47:40,111056, 143771, 100, 61
2026-06-30T03:47:41,111056, 143771, 100, 60
2026-06-30T03:47:42,111056, 143771, 100, 61
2026-06-30T03:47:43,111056, 143771, 100, 60
2026-06-30T03:47:44,111056, 143771, 100, 61
2026-06-30T03:47:45,111056, 143771, 100, 60
2026-06-30T03:47:46,111056, 143771, 100, 61
2026-06-30T03:47:47,111056, 143771, 100, 60
2026-06-30T03:47:48,111056, 143771, 100, 60
2026-06-30T03:47:50,111056, 143771, 100, 60
2026-06-30T03:47:51,111056, 143771, 100, 60
2026-06-30T03:47:52,111056, 143771, 100, 61
2026-06-30T03:47:53,111056, 143771, 100, 61
2026-06-30T03:47:54,111056, 143771, 100, 60
2026-06-30T03:47:55,111056, 143771, 100, 61
2026-06-30T03:47:56,111056, 143771, 100, 60
2026-06-30T03:47:57,111056, 143771, 100, 61
2026-06-30T03:47:58,111056, 143771, 100, 60
2026-06-30T03:47:59,111056, 143771, 100, 61
2026-06-30T03:48:00,111056, 143771, 100, 60
2026-06-30T03:48:01,111056, 143771, 100, 60
2026-06-30T03:48:02,111056, 143771, 100, 60
2026-06-30T03:48:03,111056, 143771, 100, 60
2026-06-30T03:48:04,111056, 143771, 100, 60
2026-06-30T03:48:05,111056, 143771, 100, 60
2026-06-30T03:48:06,111056, 143771, 100, 60
2026-06-30T03:48:07,111056, 143771, 100, 61
2026-06-30T03:48:08,111056, 143771, 100, 60
2026-06-30T03:48:09,111056, 143771, 100, 61
2026-06-30T03:48:10,111056, 143771, 100, 60
2026-06-30T03:48:11,111056, 143771, 100, 60
2026-06-30T03:48:12,111056, 143771, 100, 60
2026-06-30T03:48:13,111056, 143771, 100, 61
2026-06-30T03:48:14,111056, 143771, 100, 60
2026-06-30T03:48:15,111056, 143771, 100, 61
2026-06-30T03:48:16,111056, 143771, 100, 60
2026-06-30T03:48:17,111056, 143771, 100, 61
2026-06-30T03:48:18,111056, 143771, 100, 60
2026-06-30T03:48:19,111056, 143771, 100, 61
2026-06-30T03:48:20,111056, 143771, 96, 60
2026-06-30T03:48:21,111056, 143771, 100, 61
2026-06-30T03:48:22,111056, 143771, 100, 60
2026-06-30T03:48:23,111056, 143771, 100, 61
2026-06-30T03:48:25,111056, 143771, 100, 59
2026-06-30T03:48:26,111056, 143771, 100, 61
2026-06-30T03:48:27,111056, 143771, 96, 60
2026-06-30T03:48:28,111056, 143771, 100, 61
2026-06-30T03:48:29,111056, 143771, 96, 60
2026-06-30T03:48:30,111056, 143771, 100, 61
2026-06-30T03:48:31,111056, 143771, 100, 58
2026-06-30T03:48:32,111056, 143771, 100, 61
2026-06-30T03:48:33,111056, 143771, 96, 59
2026-06-30T03:48:34,111056, 143771, 100, 60
2026-06-30T03:48:35,111056, 143771, 96, 60
2026-06-30T03:48:36,111056, 143771, 100, 61
2026-06-30T03:48:37,111056, 143771, 100, 57
2026-06-30T03:48:38,111056, 143771, 100, 60
2026-06-30T03:48:39,111056, 143771, 99, 56
2026-06-30T03:48:40,111056, 143771, 100, 60
2026-06-30T03:48:41,111056, 143771, 100, 62
2026-06-30T03:48:42,111056, 143771, 100, 61
2026-06-30T03:48:43,111056, 143771, 100, 59
2026-06-30T03:48:44,111056, 143771, 100, 59
2026-06-30T03:48:45,111056, 143771, 100, 61
2026-06-30T03:48:46,111056, 143771, 100, 61
2026-06-30T03:48:47,111056, 143771, 100, 61
2026-06-30T03:48:48,111056, 143771, 100, 60
2026-06-30T03:48:49,111056, 143771, 100, 61
2026-06-30T03:48:50,111056, 143771, 100, 61
2026-06-30T03:48:51,111056, 143771, 100, 60
2026-06-30T03:48:52,111056, 143771, 100, 59
2026-06-30T03:48:53,111056, 143771, 100, 61
2026-06-30T03:48:54,111056, 143771, 100, 61
2026-06-30T03:48:55,111056, 143771, 100, 60
2026-06-30T03:48:56,111056, 143771, 79, 60
2026-06-30T03:48:57,111056, 143771, 100, 61
2026-06-30T03:48:58,111056, 143771, 100, 63
2026-06-30T03:49:00,111056, 143771, 100, 60
2026-06-30T03:49:01,111056, 143771, 100, 61
2026-06-30T03:49:02,111056, 143771, 100, 61
2026-06-30T03:49:03,111056, 143771, 100, 61
2026-06-30T03:49:04,111056, 143771, 100, 60
2026-06-30T03:49:05,111056, 143771, 100, 58
2026-06-30T03:49:06,111056, 143771, 100, 62
2026-06-30T03:49:07,111056, 143771, 100, 62
2026-06-30T03:49:08,111056, 143771, 100, 60
2026-06-30T03:49:09,111056, 143771, 100, 64
2026-06-30T03:49:10,111056, 143771, 100, 61
2026-06-30T03:49:11,111056, 143771, 100, 64
2026-06-30T03:49:12,111056, 143771, 100, 60
2026-06-30T03:49:13,111056, 143771, 100, 60
2026-06-30T03:49:14,111056, 143771, 100, 61
2026-06-30T03:49:15,111056, 143771, 100, 60
2026-06-30T03:49:16,111056, 143771, 100, 61
2026-06-30T03:49:17,111056, 143771, 100, 63
2026-06-30T03:49:18,111056, 143771, 100, 61
2026-06-30T03:49:19,111056, 143771, 100, 60
2026-06-30T03:49:20,111056, 143771, 100, 61
2026-06-30T03:49:21,111056, 143771, 100, 60
2026-06-30T03:49:22,111056, 143771, 100, 61
2026-06-30T03:49:23,111056, 143771, 100, 60
2026-06-30T03:49:24,111056, 143771, 100, 61
2026-06-30T03:49:25,111056, 143771, 100, 60
2026-06-30T03:49:26,111056, 143771, 100, 61
2026-06-30T03:49:27,111056, 143771, 100, 61
2026-06-30T03:49:28,111056, 143771, 100, 61
2026-06-30T03:49:29,111056, 143771, 100, 61
2026-06-30T03:49:30,111056, 143771, 100, 60
2026-06-30T03:49:31,111056, 143771, 100, 61
2026-06-30T03:49:32,111056, 143771, 100, 62
2026-06-30T03:49:34,111056, 143771, 100, 61
2026-06-30T03:49:35,111056, 143771, 100, 60
2026-06-30T03:49:36,111056, 143771, 100, 61
2026-06-30T03:49:37,111056, 143771, 100, 62
2026-06-30T03:49:38,111056, 143771, 100, 60
2026-06-30T03:49:39,111056, 143771, 100, 61
2026-06-30T03:49:40,111056, 143771, 100, 60
2026-06-30T03:49:41,111056, 143771, 100, 61
2026-06-30T03:49:42,111056, 143771, 100, 61
2026-06-30T03:49:43,111056, 143771, 100, 61
2026-06-30T03:49:44,111056, 143771, 100, 60
2026-06-30T03:49:45,111056, 143771, 100, 61
2026-06-30T03:49:46,111056, 143771, 100, 60
2026-06-30T03:49:47,111056, 143771, 100, 60
2026-06-30T03:49:48,111056, 143771, 100, 60
2026-06-30T03:49:49,111056, 143771, 100, 61
2026-06-30T03:49:50,111056, 143771, 100, 60
2026-06-30T03:49:51,111056, 143771, 100, 61
2026-06-30T03:49:52,111056, 143771, 100, 60
2026-06-30T03:49:53,111056, 143771, 100, 61
2026-06-30T03:49:54,111056, 143771, 100, 60
2026-06-30T03:49:55,111056, 143771, 100, 61
2026-06-30T03:49:56,111056, 143771, 100, 60
2026-06-30T03:49:57,111056, 143771, 100, 61
2026-06-30T03:49:58,111056, 143771, 100, 60
2026-06-30T03:49:59,111056, 143771, 100, 61
2026-06-30T03:50:00,111056, 143771, 100, 60
2026-06-30T03:50:01,111056, 143771, 100, 61
2026-06-30T03:50:02,111056, 143771, 100, 60
2026-06-30T03:50:03,111056, 143771, 100, 61
2026-06-30T03:50:04,111056, 143771, 96, 59
2026-06-30T03:50:05,111056, 143771, 100, 60
2026-06-30T03:50:06,111056, 143771, 97, 61
2026-06-30T03:50:07,111056, 143771, 100, 61
2026-06-30T03:50:09,111056, 143771, 96, 55
2026-06-30T03:50:10,111056, 143771, 100, 60
2026-06-30T03:50:11,111056, 143771, 96, 58
2026-06-30T03:50:12,111056, 143771, 100, 61
2026-06-30T03:50:13,111056, 143771, 96, 59
2026-06-30T03:50:14,111056, 143771, 100, 60
2026-06-30T03:50:15,111056, 143771, 100, 58
2026-06-30T03:50:16,111056, 143771, 100, 61
2026-06-30T03:50:17,111056, 143771, 100, 56
2026-06-30T03:50:18,111056, 143771, 100, 61
2026-06-30T03:50:19,111056, 143771, 96, 61
2026-06-30T03:50:20,111056, 143771, 100, 61
2026-06-30T03:50:21,111056, 143771, 100, 61
2026-06-30T03:50:22,111056, 143771, 100, 61
2026-06-30T03:50:23,111056, 143771, 100, 60
2026-06-30T03:50:24,111056, 143771, 100, 61
2026-06-30T03:50:25,111056, 143771, 100, 61
2026-06-30T03:50:26,111056, 143771, 100, 60
2026-06-30T03:50:27,111056, 143771, 100, 61
2026-06-30T03:50:28,111056, 143771, 100, 60
2026-06-30T03:50:29,111056, 143771, 100, 61
2026-06-30T03:50:30,111056, 143771, 100, 60
2026-06-30T03:50:31,111056, 143771, 100, 61
2026-06-30T03:50:32,111056, 143771, 100, 61
2026-06-30T03:50:33,111056, 143771, 100, 61
2026-06-30T03:50:34,111056, 143771, 100, 61
2026-06-30T03:50:35,111056, 143771, 100, 60
2026-06-30T03:50:36,111056, 143771, 100, 61
2026-06-30T03:50:37,111056, 143771, 100, 62
2026-06-30T03:50:38,111056, 143771, 100, 60
2026-06-30T03:50:39,111056, 143771, 100, 60
2026-06-30T03:50:40,111056, 143771, 89, 59
2026-06-30T03:50:41,111056, 143771, 100, 61
2026-06-30T03:50:42,111056, 143771, 100, 63
2026-06-30T03:50:44,111056, 143771, 100, 62
2026-06-30T03:50:45,111056, 143771, 100, 62
2026-06-30T03:50:46,111056, 143771, 100, 61
2026-06-30T03:50:47,111056, 143771, 100, 60
2026-06-30T03:50:48,111056, 143771, 100, 61
2026-06-30T03:50:49,111056, 143771, 100, 56
2026-06-30T03:50:50,111056, 143771, 100, 61
2026-06-30T03:50:51,111056, 143771, 100, 60
2026-06-30T03:50:52,111056, 143771, 100, 61
2026-06-30T03:50:53,111056, 143771, 100, 61
2026-06-30T03:50:54,111056, 143771, 100, 61
2026-06-30T03:50:55,111056, 143771, 100, 61
2026-06-30T03:50:56,111056, 143771, 100, 61
2026-06-30T03:50:57,111056, 143771, 100, 60
2026-06-30T03:50:58,111056, 143771, 100, 61
2026-06-30T03:50:59,111056, 143771, 100, 60
2026-06-30T03:51:00,111056, 143771, 100, 61
2026-06-30T03:51:01,111056, 143771, 100, 60
2026-06-30T03:51:02,111056, 143771, 100, 61
2026-06-30T03:51:03,111056, 143771, 100, 61
2026-06-30T03:51:04,111056, 143771, 100, 61
2026-06-30T03:51:05,111056, 143771, 100, 61
2026-06-30T03:51:06,111056, 143771, 100, 61
2026-06-30T03:51:07,111056, 143771, 100, 61
2026-06-30T03:51:08,111056, 143771, 100, 61
2026-06-30T03:51:09,111056, 143771, 100, 61
2026-06-30T03:51:10,111056, 143771, 100, 61
2026-06-30T03:51:11,111056, 143771, 100, 61
2026-06-30T03:51:12,111056, 143771, 100, 60
2026-06-30T03:51:13,111056, 143771, 100, 61
2026-06-30T03:51:14,111056, 143771, 100, 61
2026-06-30T03:51:15,111056, 143771, 100, 61
2026-06-30T03:51:16,111056, 143771, 100, 60
2026-06-30T03:51:17,111056, 143771, 100, 61
2026-06-30T03:51:19,111056, 143771, 100, 61
2026-06-30T03:51:20,111056, 143771, 100, 61
2026-06-30T03:51:21,111056, 143771, 100, 60
2026-06-30T03:51:22,111056, 143771, 100, 61
2026-06-30T03:51:23,111056, 143771, 100, 62
2026-06-30T03:51:24,111056, 143771, 100, 61
2026-06-30T03:51:25,111056, 143771, 100, 60
2026-06-30T03:51:26,111056, 143771, 100, 61
2026-06-30T03:51:27,111056, 143771, 100, 61
2026-06-30T03:51:28,111056, 143771, 100, 60
2026-06-30T03:51:29,111056, 143771, 100, 60
2026-06-30T03:51:30,111056, 143771, 100, 61
2026-06-30T03:51:31,111056, 143771, 100, 60
2026-06-30T03:51:32,111056, 143771, 100, 61
2026-06-30T03:51:33,111056, 143771, 100, 61
2026-06-30T03:51:34,111056, 143771, 100, 60
2026-06-30T03:51:35,111056, 143771, 100, 61
2026-06-30T03:51:36,111056, 143771, 100, 60
2026-06-30T03:51:37,111056, 143771, 100, 61
2026-06-30T03:51:38,111056, 143771, 96, 60
2026-06-30T03:51:39,111056, 143771, 100, 61
2026-06-30T03:51:40,111056, 143771, 96, 59
2026-06-30T03:51:41,111056, 143771, 100, 61
2026-06-30T03:51:42,111056, 143771, 96, 57
2026-06-30T03:51:43,111056, 143771, 100, 61
2026-06-30T03:51:44,111056, 143771, 96, 57
2026-06-30T03:51:45,111056, 143771, 100, 61
2026-06-30T03:51:46,111056, 143771, 97, 61
2026-06-30T03:51:47,111056, 143771, 100, 61
2026-06-30T03:51:48,111056, 143771, 100, 59
2026-06-30T03:51:49,111056, 143771, 100, 60
2026-06-30T03:51:50,111056, 143771, 100, 55
2026-06-30T03:51:51,111056, 143771, 100, 60
2026-06-30T03:51:53,111056, 143771, 97, 61
2026-06-30T03:51:54,111056, 143771, 100, 61
2026-06-30T03:51:55,111056, 143771, 100, 61
2026-06-30T03:51:56,111056, 143771, 100, 61
2026-06-30T03:51:57,111056, 143771, 100, 61
2026-06-30T03:51:58,111056, 143771, 100, 61
2026-06-30T03:51:59,111056, 143771, 100, 61
2026-06-30T03:52:00,111056, 143771, 100, 60
2026-06-30T03:52:01,111056, 143771, 100, 60
2026-06-30T03:52:02,111056, 143771, 100, 61
2026-06-30T03:52:03,111056, 143771, 100, 61
2026-06-30T03:52:04,111056, 143771, 100, 61
2026-06-30T03:52:05,111056, 143771, 100, 60
2026-06-30T03:52:06,111056, 143771, 100, 60
2026-06-30T03:52:07,111056, 143771, 100, 61
2026-06-30T03:52:08,111056, 143771, 100, 61
2026-06-30T03:52:09,111056, 143771, 100, 60
2026-06-30T03:52:10,111056, 143771, 100, 61
2026-06-30T03:52:11,111056, 143771, 100, 62
2026-06-30T03:52:12,111056, 143771, 100, 60
2026-06-30T03:52:13,111056, 143771, 100, 60
2026-06-30T03:52:14,111056, 143771, 100, 60
2026-06-30T03:52:15,111056, 143771, 100, 62
2026-06-30T03:52:16,111056, 143771, 100, 62
2026-06-30T03:52:17,111056, 143771, 100, 61
2026-06-30T03:52:18,111056, 143771, 100, 61
2026-06-30T03:52:19,111056, 143771, 100, 61
2026-06-30T03:52:20,111056, 143771, 100, 63
2026-06-30T03:52:21,111056, 143771, 100, 60
2026-06-30T03:52:22,111056, 143771, 100, 61
2026-06-30T03:52:23,111056, 143771, 100, 61
2026-06-30T03:52:24,111056, 143771, 100, 62
2026-06-30T03:52:25,111056, 143771, 100, 61
2026-06-30T03:52:26,111056, 143771, 100, 59
2026-06-30T03:52:28,111056, 143771, 100, 61
2026-06-30T03:52:29,111056, 143771, 95, 54
2026-06-30T03:52:30,111056, 143771, 100, 60
2026-06-30T03:52:31,111056, 143771, 100, 61
2026-06-30T03:52:32,111056, 143771, 100, 62
2026-06-30T03:52:33,111056, 143771, 100, 61
2026-06-30T03:52:34,111056, 143771, 100, 61
2026-06-30T03:52:35,111056, 143771, 100, 61
2026-06-30T03:52:36,111056, 143771, 100, 61
2026-06-30T03:52:37,111056, 143771, 100, 61
2026-06-30T03:52:38,111056, 143771, 100, 61
2026-06-30T03:52:39,111056, 143771, 100, 60
2026-06-30T03:52:40,111056, 143771, 100, 61
2026-06-30T03:52:41,111056, 143771, 100, 60
2026-06-30T03:52:42,111056, 143771, 100, 61
2026-06-30T03:52:43,111056, 143771, 100, 60
2026-06-30T03:52:44,111056, 143771, 100, 61
2026-06-30T03:52:45,111056, 143771, 100, 60
2026-06-30T03:52:46,111056, 143771, 100, 61
2026-06-30T03:52:47,111056, 143771, 100, 61
2026-06-30T03:52:48,111056, 143771, 100, 61
2026-06-30T03:52:49,111056, 143771, 100, 60
2026-06-30T03:52:50,111056, 143771, 100, 61
2026-06-30T03:52:51,111056, 143771, 100, 61
2026-06-30T03:52:52,111056, 143771, 100, 62
2026-06-30T03:52:53,111056, 143771, 100, 61
2026-06-30T03:52:54,111056, 143771, 100, 60
2026-06-30T03:52:55,111056, 143771, 100, 61
2026-06-30T03:52:56,111056, 143771, 100, 62
2026-06-30T03:52:57,111056, 143771, 100, 61
2026-06-30T03:52:58,111056, 143771, 100, 60
2026-06-30T03:52:59,111056, 143771, 100, 61
2026-06-30T03:53:00,111056, 143771, 100, 62
2026-06-30T03:53:01,111056, 143771, 100, 61
2026-06-30T03:53:03,111056, 143771, 100, 60
2026-06-30T03:53:04,111056, 143771, 100, 60
2026-06-30T03:53:05,111056, 143771, 100, 61
2026-06-30T03:53:06,111056, 143771, 100, 60
2026-06-30T03:53:07,111056, 143771, 100, 61
2026-06-30T03:53:08,111056, 143771, 100, 60
2026-06-30T03:53:09,111056, 143771, 100, 62
2026-06-30T03:53:10,111056, 143771, 100, 60
2026-06-30T03:53:11,111056, 143771, 100, 61
2026-06-30T03:53:12,111056, 143771, 100, 60
2026-06-30T03:53:13,111056, 143771, 100, 61
2026-06-30T03:53:14,111056, 143771, 100, 60
2026-06-30T03:53:15,111056, 143771, 100, 61
2026-06-30T03:53:16,111056, 143771, 100, 60
2026-06-30T03:53:17,111056, 143771, 100, 61
2026-06-30T03:53:18,111056, 143771, 100, 60
2026-06-30T03:53:19,111056, 143771, 100, 61
2026-06-30T03:53:20,111056, 143771, 100, 59
2026-06-30T03:53:21,111056, 143771, 100, 60
2026-06-30T03:53:22,111056, 143771, 96, 60
2026-06-30T03:53:23,111056, 143771, 100, 61
2026-06-30T03:53:24,111056, 143771, 97, 60
2026-06-30T03:53:25,111056, 143771, 100, 60
2026-06-30T03:53:26,111056, 143771, 100, 59
2026-06-30T03:53:27,111056, 143771, 100, 61
2026-06-30T03:53:28,111056, 143771, 96, 60
2026-06-30T03:53:29,111056, 143771, 100, 60
2026-06-30T03:53:30,111056, 143771, 97, 58
2026-06-30T03:53:31,111056, 143771, 100, 62
2026-06-30T03:53:32,111056, 143771, 100, 55
2026-06-30T03:53:33,111056, 143771, 100, 60
2026-06-30T03:53:34,111056, 143771, 96, 58
2026-06-30T03:53:35,111056, 143771, 100, 61
2026-06-30T03:53:37,111056, 143771, 96, 61
2026-06-30T03:53:38,111056, 143771, 100, 61
2026-06-30T03:53:39,111056, 143771, 100, 60
2026-06-30T03:53:40,111056, 143771, 100, 60
2026-06-30T03:53:41,111056, 143771, 100, 61
2026-06-30T03:53:42,111056, 143771, 100, 61
2026-06-30T03:53:43,111056, 143771, 100, 61
2026-06-30T03:53:44,111056, 143771, 100, 60
2026-06-30T03:53:45,111056, 143771, 100, 61
2026-06-30T03:53:46,111056, 143771, 100, 59
2026-06-30T03:53:47,111056, 143771, 100, 61
2026-06-30T03:53:48,111056, 143771, 100, 63
2026-06-30T03:53:49,111056, 143771, 100, 61
2026-06-30T03:53:50,111056, 143771, 100, 62
2026-06-30T03:53:51,111056, 143771, 100, 62
2026-06-30T03:53:52,111056, 143771, 47, 62
2026-06-30T03:53:53,111056, 143771, 100, 61
2026-06-30T03:53:54,111056, 143771, 100, 59
2026-06-30T03:53:55,111056, 143771, 100, 61
2026-06-30T03:53:56,111056, 143771, 100, 57
2026-06-30T03:53:57,111056, 143771, 100, 61
2026-06-30T03:53:58,111056, 143771, 100, 61
2026-06-30T03:53:59,111056, 143771, 100, 61
2026-06-30T03:54:00,111056, 143771, 100, 60
2026-06-30T03:54:01,111056, 143771, 100, 61
2026-06-30T03:54:02,111056, 143771, 100, 61
2026-06-30T03:54:03,111056, 143771, 100, 61
2026-06-30T03:54:04,111056, 143771, 100, 60
2026-06-30T03:54:05,111056, 143771, 100, 61
2026-06-30T03:54:06,111056, 143771, 100, 61
2026-06-30T03:54:07,111056, 143771, 100, 60
2026-06-30T03:54:08,111056, 143771, 100, 62
2026-06-30T03:54:09,111056, 143771, 100, 61
2026-06-30T03:54:10,111056, 143771, 100, 61
2026-06-30T03:54:12,111056, 143771, 100, 60
2026-06-30T03:54:13,111056, 143771, 100, 61
2026-06-30T03:54:14,111056, 143771, 100, 62
2026-06-30T03:54:15,111056, 143771, 100, 61
2026-06-30T03:54:16,111056, 143771, 100, 61
2026-06-30T03:54:17,111056, 143771, 100, 61
2026-06-30T03:54:18,111056, 143771, 100, 62
2026-06-30T03:54:19,111056, 143771, 100, 62
2026-06-30T03:54:20,111056, 143771, 100, 60
2026-06-30T03:54:21,111056, 143771, 100, 61
2026-06-30T03:54:22,111056, 143771, 100, 62
2026-06-30T03:54:23,111056, 143771, 100, 61
2026-06-30T03:54:24,111056, 143771, 100, 60
2026-06-30T03:54:25,111056, 143771, 100, 61
2026-06-30T03:54:26,111056, 143771, 100, 62
2026-06-30T03:54:27,111056, 143771, 100, 61
2026-06-30T03:54:28,111056, 143771, 100, 60
2026-06-30T03:54:29,111056, 143771, 100, 60
2026-06-30T03:54:30,111056, 143771, 100, 61
2026-06-30T03:54:31,111056, 143771, 100, 60
2026-06-30T03:54:32,111056, 143771, 100, 60
2026-06-30T03:54:33,111056, 143771, 100, 60
2026-06-30T03:54:34,111056, 143771, 100, 61
2026-06-30T03:54:35,111056, 143771, 100, 60
2026-06-30T03:54:36,111056, 143771, 100, 61
2026-06-30T03:54:37,111056, 143771, 100, 60
2026-06-30T03:54:38,111056, 143771, 100, 61
2026-06-30T03:54:39,111056, 143771, 96, 60
2026-06-30T03:54:40,111056, 143771, 100, 61
2026-06-30T03:54:41,111056, 143771, 97, 60
2026-06-30T03:54:42,111056, 143771, 100, 59
2026-06-30T03:54:43,111056, 143771, 100, 59
2026-06-30T03:54:44,111056, 143771, 100, 61
2026-06-30T03:54:45,111056, 143771, 96, 59
2026-06-30T03:54:47,111056, 143771, 100, 60
2026-06-30T03:54:48,111056, 143771, 96, 60
2026-06-30T03:54:49,111056, 143771, 100, 62
2026-06-30T03:54:50,111056, 143771, 100, 55
2026-06-30T03:54:51,111056, 143771, 100, 60
2026-06-30T03:54:52,111056, 143771, 97, 58
2026-06-30T03:54:53,111056, 143771, 100, 61
2026-06-30T03:54:54,111056, 143771, 97, 61
2026-06-30T03:54:55,111056, 143771, 100, 61
2026-06-30T03:54:56,111056, 143771, 100, 59
2026-06-30T03:54:57,111056, 143771, 100, 61
2026-06-30T03:54:58,111056, 143771, 100, 57
2026-06-30T03:54:59,111056, 143771, 100, 61
2026-06-30T03:55:00,111056, 143771, 100, 60
2026-06-30T03:55:01,111056, 143771, 100, 60
2026-06-30T03:55:02,111056, 143771, 100, 61
2026-06-30T03:55:03,111056, 143771, 100, 61
2026-06-30T03:55:04,111056, 143771, 100, 61
2026-06-30T03:55:05,111056, 143771, 100, 59
2026-06-30T03:55:06,111056, 143771, 100, 62
2026-06-30T03:55:07,111056, 143771, 100, 60
2026-06-30T03:55:08,111056, 143771, 100, 60
2026-06-30T03:55:09,111056, 143771, 100, 60
2026-06-30T03:55:10,111056, 143771, 100, 61
2026-06-30T03:55:11,111056, 143771, 100, 62
2026-06-30T03:55:12,111056, 143771, 100, 61
2026-06-30T03:55:13,111056, 143771, 100, 61
2026-06-30T03:55:14,111056, 143771, 100, 61
2026-06-30T03:55:15,111056, 143771, 100, 60
2026-06-30T03:55:16,111056, 143771, 100, 62
2026-06-30T03:55:17,111056, 143771, 100, 63
2026-06-30T03:55:18,111056, 143771, 100, 61
2026-06-30T03:55:19,111056, 143771, 100, 62
2026-06-30T03:55:20,111056, 143771, 100, 62
2026-06-30T03:55:22,111056, 143771, 100, 60
2026-06-30T03:55:23,111056, 143771, 100, 61
2026-06-30T03:55:24,111056, 143771, 100, 64
2026-06-30T03:55:25,111056, 143771, 100, 61
2026-06-30T03:55:26,111056, 143771, 100, 61
2026-06-30T03:55:27,111056, 143771, 100, 61
2026-06-30T03:55:28,111056, 143771, 100, 62
2026-06-30T03:55:29,111056, 143771, 100, 61
2026-06-30T03:55:30,111056, 143771, 40, 57
2026-06-30T03:55:31,111056, 143771, 100, 61
2026-06-30T03:55:32,111056, 143771, 100, 61
2026-06-30T03:55:33,111056, 143771, 100, 61
2026-06-30T03:55:34,111056, 143771, 100, 60
2026-06-30T03:55:35,111056, 143771, 100, 61
2026-06-30T03:55:36,111056, 143771, 100, 63
2026-06-30T03:55:37,111056, 143771, 100, 61
2026-06-30T03:55:38,111056, 143771, 100, 65
2026-06-30T03:55:39,111056, 143771, 100, 61
2026-06-30T03:55:40,111056, 143771, 100, 61
2026-06-30T03:55:41,111056, 143771, 100, 61
2026-06-30T03:55:42,111056, 143771, 100, 60
2026-06-30T03:55:43,111056, 143771, 100, 60
2026-06-30T03:55:44,111056, 143771, 100, 61
2026-06-30T03:55:45,111056, 143771, 100, 61
2026-06-30T03:55:46,111056, 143771, 100, 60
2026-06-30T03:55:47,111056, 143771, 100, 61
2026-06-30T03:55:48,111056, 143771, 100, 60
2026-06-30T03:55:49,111056, 143771, 100, 61
2026-06-30T03:55:50,111056, 143771, 100, 61
2026-06-30T03:55:51,111056, 143771, 100, 61
2026-06-30T03:55:52,111056, 143771, 100, 61
2026-06-30T03:55:54,111056, 143771, 100, 61
2026-06-30T03:55:55,111056, 143771, 100, 61
2026-06-30T03:55:56,111056, 143771, 100, 61
2026-06-30T03:55:57,111056, 143771, 100, 61
2026-06-30T03:55:58,111056, 143771, 100, 61
2026-06-30T03:55:59,111056, 143771, 100, 61
2026-06-30T03:56:00,111056, 143771, 100, 62
2026-06-30T03:56:01,111056, 143771, 100, 61
2026-06-30T03:56:02,111056, 143771, 100, 61
2026-06-30T03:56:03,111056, 143771, 100, 61
2026-06-30T03:56:04,111056, 143771, 100, 62
2026-06-30T03:56:05,111056, 143771, 100, 61
2026-06-30T03:56:06,111056, 143771, 100, 60
2026-06-30T03:56:07,111056, 143771, 100, 61
2026-06-30T03:56:08,111056, 143771, 100, 62
2026-06-30T03:56:09,111056, 143771, 100, 61
2026-06-30T03:56:10,111056, 143771, 100, 61
2026-06-30T03:56:11,111056, 143771, 100, 61
2026-06-30T03:56:12,111056, 143771, 100, 61
2026-06-30T03:56:13,111056, 143771, 100, 60
2026-06-30T03:56:14,111056, 143771, 100, 61
2026-06-30T03:56:15,111056, 143771, 100, 60
2026-06-30T03:56:16,111056, 143771, 100, 61
2026-06-30T03:56:17,111056, 143771, 100, 60
2026-06-30T03:56:18,111056, 143771, 100, 61
2026-06-30T03:56:19,111056, 143771, 100, 60
2026-06-30T03:56:20,111056, 143771, 100, 61
2026-06-30T03:56:21,111056, 143771, 100, 59
2026-06-30T03:56:22,111056, 143771, 100, 62
2026-06-30T03:56:23,111056, 143771, 97, 60
2026-06-30T03:56:24,111056, 143771, 100, 60
2026-06-30T03:56:25,111056, 143771, 97, 58
2026-06-30T03:56:26,111056, 143771, 100, 61
2026-06-30T03:56:27,111056, 143771, 100, 60
2026-06-30T03:56:29,111056, 143771, 100, 60
2026-06-30T03:56:30,111056, 143771, 100, 58
2026-06-30T03:56:31,111056, 143771, 100, 62
2026-06-30T03:56:32,111056, 143771, 100, 61
2026-06-30T03:56:33,111056, 143771, 100, 61
2026-06-30T03:56:34,111056, 143771, 100, 61
2026-06-30T03:56:35,111056, 143771, 100, 61
2026-06-30T03:56:36,111056, 143771, 100, 61
2026-06-30T03:56:37,111056, 143771, 100, 61
2026-06-30T03:56:38,111056, 143771, 100, 62
2026-06-30T03:56:39,111056, 143771, 100, 59
2026-06-30T03:56:40,111056, 143771, 100, 60
2026-06-30T03:56:41,111056, 143771, 100, 60
2026-06-30T03:56:42,111056, 143771, 100, 62
2026-06-30T03:56:43,111056, 143771, 100, 61
2026-06-30T03:56:44,111056, 143771, 100, 60
2026-06-30T03:56:45,111056, 143771, 100, 61
2026-06-30T03:56:46,111056, 143771, 100, 61
2026-06-30T03:56:47,111056, 143771, 53, 61
2026-06-30T03:56:48,111056, 143771, 100, 60
2026-06-30T03:56:49,111056, 143771, 100, 58
2026-06-30T03:56:50,111056, 143771, 100, 62
2026-06-30T03:56:51,111056, 143771, 100, 55
2026-06-30T03:56:52,111056, 143771, 100, 60
2026-06-30T03:56:53,111056, 143771, 100, 59
2026-06-30T03:56:54,111056, 143771, 100, 62
2026-06-30T03:56:55,111056, 143771, 100, 61
2026-06-30T03:56:56,111056, 143771, 100, 62
2026-06-30T03:56:57,111056, 143771, 100, 61
2026-06-30T03:56:58,111056, 143771, 100, 61
2026-06-30T03:56:59,111056, 143771, 100, 61
2026-06-30T03:57:00,111056, 143771, 100, 61
2026-06-30T03:57:01,111056, 143771, 100, 61
2026-06-30T03:57:03,111056, 143771, 100, 62
2026-06-30T03:57:04,111056, 143771, 100, 61
2026-06-30T03:57:05,111056, 143771, 100, 61
2026-06-30T03:57:06,111056, 143771, 100, 61
2026-06-30T03:57:07,111056, 143771, 100, 61
2026-06-30T03:57:08,111056, 143771, 100, 61
2026-06-30T03:57:09,111056, 143771, 100, 61
2026-06-30T03:57:10,111056, 143771, 100, 61
2026-06-30T03:57:11,111056, 143771, 100, 61
2026-06-30T03:57:12,111056, 143771, 100, 61
2026-06-30T03:57:13,111056, 143771, 100, 61
2026-06-30T03:57:14,111056, 143771, 100, 61
2026-06-30T03:57:15,111056, 143771, 100, 61
2026-06-30T03:57:16,111056, 143771, 100, 61
2026-06-30T03:57:17,111056, 143771, 100, 61
2026-06-30T03:57:18,111056, 143771, 100, 61
2026-06-30T03:57:19,111056, 143771, 100, 61
2026-06-30T03:57:20,111056, 143771, 100, 61
2026-06-30T03:57:21,111056, 143771, 100, 61
2026-06-30T03:57:22,111056, 143771, 100, 61
2026-06-30T03:57:23,111056, 143771, 100, 60
2026-06-30T03:57:24,111056, 143771, 100, 61
2026-06-30T03:57:25,111056, 143771, 100, 61
2026-06-30T03:57:26,111056, 143771, 100, 60
2026-06-30T03:57:27,111056, 143771, 100, 61
2026-06-30T03:57:28,111056, 143771, 97, 60
2026-06-30T03:57:29,111056, 143771, 100, 61
2026-06-30T03:57:30,111056, 143771, 100, 57
2026-06-30T03:57:31,111056, 143771, 100, 61
2026-06-30T03:57:32,111056, 143771, 99, 57
2026-06-30T03:57:33,111056, 143771, 100, 61
2026-06-30T03:57:34,111056, 143771, 97, 62
2026-06-30T03:57:35,111056, 143771, 100, 61
2026-06-30T03:57:36,111056, 143771, 100, 61
2026-06-30T03:57:38,111056, 143771, 100, 60
2026-06-30T03:57:39,111056, 143771, 100, 61
2026-06-30T03:57:40,111056, 143771, 100, 60
2026-06-30T03:57:41,111056, 143771, 100, 61
2026-06-30T03:57:42,111056, 143771, 100, 61
2026-06-30T03:57:43,111056, 143771, 100, 61
2026-06-30T03:57:44,111056, 143771, 100, 60
2026-06-30T03:57:45,111056, 143771, 100, 60
2026-06-30T03:57:46,111056, 143771, 100, 59
2026-06-30T03:57:47,111056, 143771, 100, 61
2026-06-30T03:57:48,111056, 143771, 100, 62
2026-06-30T03:57:49,111056, 143771, 100, 60
2026-06-30T03:57:50,111056, 143771, 100, 61
2026-06-30T03:57:51,111056, 143771, 100, 61
2026-06-30T03:57:52,111056, 143771, 100, 62
2026-06-30T03:57:53,111056, 143771, 100, 61
2026-06-30T03:57:54,111056, 143771, 79, 57
2026-06-30T03:57:55,111056, 143771, 100, 61
2026-06-30T03:57:56,111056, 143771, 100, 63
2026-06-30T03:57:57,111056, 143771, 100, 61
2026-06-30T03:57:58,111056, 143771, 100, 65
2026-06-30T03:57:59,111056, 143771, 100, 61
2026-06-30T03:58:00,111056, 143771, 100, 60
2026-06-30T03:58:01,111056, 143771, 100, 61
2026-06-30T03:58:02,111056, 143771, 100, 60
2026-06-30T03:58:03,111056, 143771, 100, 61
2026-06-30T03:58:04,111056, 143771, 100, 63
2026-06-30T03:58:05,111056, 143771, 100, 61
2026-06-30T03:58:06,111056, 143771, 100, 63
2026-06-30T03:58:07,111056, 143771, 100, 61
2026-06-30T03:58:08,111056, 143771, 100, 61
2026-06-30T03:58:09,111056, 143771, 100, 61
2026-06-30T03:58:10,111056, 143771, 100, 61
2026-06-30T03:58:11,111056, 143771, 100, 60
2026-06-30T03:58:13,111056, 143771, 100, 61
2026-06-30T03:58:14,111056, 143771, 100, 62
2026-06-30T03:58:15,111056, 143771, 100, 62
2026-06-30T03:58:16,111056, 143771, 100, 61
2026-06-30T03:58:17,111056, 143771, 100, 61
2026-06-30T03:58:18,111056, 143771, 100, 61
2026-06-30T03:58:19,111056, 143771, 100, 61
2026-06-30T03:58:20,111056, 143771, 100, 60
2026-06-30T03:58:21,111056, 143771, 100, 61
2026-06-30T03:58:22,111056, 143771, 100, 62
2026-06-30T03:58:23,111056, 143771, 100, 61
2026-06-30T03:58:24,111056, 143771, 100, 60
2026-06-30T03:58:25,111056, 143771, 100, 61
2026-06-30T03:58:26,111056, 143771, 100, 61
2026-06-30T03:58:27,111056, 143771, 100, 61
2026-06-30T03:58:28,111056, 143771, 100, 61
2026-06-30T03:58:29,111056, 143771, 100, 61
2026-06-30T03:58:30,111056, 143771, 100, 62
2026-06-30T03:58:31,111056, 143771, 100, 61
2026-06-30T03:58:32,111056, 143771, 100, 59
2026-06-30T03:58:33,111056, 143771, 100, 61
2026-06-30T03:58:34,111056, 143771, 100, 61
2026-06-30T03:58:35,111056, 143771, 100, 60
2026-06-30T03:58:36,111056, 143771, 100, 61
2026-06-30T03:58:37,111056, 143771, 100, 62
2026-06-30T03:58:38,111056, 143771, 100, 62
2026-06-30T03:58:39,111056, 143771, 100, 61
2026-06-30T03:58:40,111056, 143771, 100, 61
2026-06-30T03:58:41,111056, 143771, 100, 60
2026-06-30T03:58:42,111056, 143771, 100, 61
2026-06-30T03:58:43,111056, 143771, 100, 60
2026-06-30T03:58:44,111056, 143771, 100, 61
2026-06-30T03:58:45,111056, 143771, 100, 61
2026-06-30T03:58:47,111056, 143771, 100, 61
2026-06-30T03:58:48,111056, 143771, 100, 61
2026-06-30T03:58:49,111056, 143771, 100, 61
2026-06-30T03:58:50,111056, 143771, 100, 61
2026-06-30T03:58:51,111056, 143771, 100, 61
2026-06-30T03:58:52,111056, 143771, 100, 61
2026-06-30T03:58:53,111056, 143771, 100, 62
2026-06-30T03:58:54,111056, 143771, 100, 61
2026-06-30T03:58:55,111056, 143771, 100, 61
2026-06-30T03:58:56,111056, 143771, 100, 61
2026-06-30T03:58:57,111056, 143771, 100, 61
2026-06-30T03:58:58,111056, 143771, 100, 61
2026-06-30T03:58:59,111056, 143771, 100, 61
2026-06-30T03:59:00,111056, 143771, 100, 61
2026-06-30T03:59:01,111056, 143771, 100, 62
2026-06-30T03:59:02,111056, 143771, 100, 61
2026-06-30T03:59:03,111056, 143771, 100, 60
2026-06-30T03:59:04,111056, 143771, 100, 61
2026-06-30T03:59:05,111056, 143771, 100, 61
2026-06-30T03:59:06,111056, 143771, 100, 60
2026-06-30T03:59:07,111056, 143771, 100, 60
2026-06-30T03:59:08,111056, 143771, 100, 61
2026-06-30T03:59:09,111056, 143771, 100, 62
2026-06-30T03:59:10,111056, 143771, 98, 61
2026-06-30T03:59:11,111056, 143771, 100, 61
2026-06-30T03:59:12,111056, 143771, 100, 61
2026-06-30T03:59:13,111056, 143771, 100, 62
2026-06-30T03:59:14,111056, 143771, 100, 59
2026-06-30T03:59:15,111056, 143771, 100, 61
2026-06-30T03:59:16,111056, 143771, 97, 60
2026-06-30T03:59:17,111056, 143771, 100, 61
2026-06-30T03:59:18,111056, 143771, 97, 61
2026-06-30T03:59:19,111056, 143771, 100, 60
2026-06-30T03:59:20,111056, 143771, 97, 59
2026-06-30T03:59:22,111056, 143771, 100, 61
2026-06-30T03:59:23,111056, 143771, 97, 59
2026-06-30T03:59:24,111056, 143771, 100, 61
2026-06-30T03:59:25,111056, 143771, 97, 60
2026-06-30T03:59:26,111056, 143771, 100, 60
2026-06-30T03:59:27,111056, 143771, 100, 58
2026-06-30T03:59:28,111056, 143771, 100, 61
2026-06-30T03:59:29,111056, 143771, 100, 61
2026-06-30T03:59:30,111056, 143771, 100, 60
2026-06-30T03:59:31,111056, 143771, 100, 61
2026-06-30T03:59:32,111056, 143771, 100, 61
2026-06-30T03:59:33,111056, 143771, 100, 61
2026-06-30T03:59:34,111056, 143771, 100, 61
2026-06-30T03:59:35,111056, 143771, 100, 60
2026-06-30T03:59:36,111056, 143771, 100, 60
2026-06-30T03:59:37,111056, 143771, 100, 61
2026-06-30T03:59:38,111056, 143771, 100, 61
2026-06-30T03:59:39,111056, 143771, 100, 60
2026-06-30T03:59:40,111056, 143771, 100, 60
2026-06-30T03:59:41,111056, 143771, 100, 62
2026-06-30T03:59:42,111056, 143771, 100, 61
2026-06-30T03:59:43,111056, 143771, 100, 61
2026-06-30T03:59:44,111056, 143771, 100, 59
2026-06-30T03:59:45,111056, 143771, 100, 62
2026-06-30T03:59:46,111056, 143771, 100, 61
2026-06-30T03:59:47,111056, 143771, 100, 60
2026-06-30T03:59:48,111056, 143771, 100, 61
2026-06-30T03:59:49,111056, 143771, 100, 61
2026-06-30T03:59:50,111056, 143771, 92, 61
2026-06-30T03:59:51,111056, 143771, 100, 61
2026-06-30T03:59:52,111056, 143771, 65, 54
2026-06-30T03:59:53,111056, 143771, 100, 61
2026-06-30T03:59:54,111056, 143771, 100, 59
2026-06-30T03:59:56,111056, 143771, 100, 61
2026-06-30T03:59:57,111056, 143771, 88, 55
2026-06-30T03:59:58,111056, 143771, 100, 62
2026-06-30T03:59:59,111056, 143771, 100, 61
2026-06-30T04:00:00,111056, 143771, 100, 61
2026-06-30T04:00:01,111056, 143771, 100, 61
2026-06-30T04:00:02,111056, 143771, 100, 62
2026-06-30T04:00:03,111056, 143771, 100, 61
2026-06-30T04:00:04,111056, 143771, 100, 61
2026-06-30T04:00:05,111056, 143771, 100, 61
2026-06-30T04:00:06,111056, 143771, 100, 61
2026-06-30T04:00:07,111056, 143771, 100, 61
2026-06-30T04:00:08,111056, 143771, 100, 61
2026-06-30T04:00:09,111056, 143771, 100, 61
2026-06-30T04:00:10,111056, 143771, 100, 61
2026-06-30T04:00:11,111056, 143771, 100, 61
2026-06-30T04:00:12,111056, 143771, 100, 61
2026-06-30T04:00:13,111056, 143771, 100, 61
2026-06-30T04:00:14,111056, 143771, 100, 61
2026-06-30T04:00:15,111056, 143771, 100, 61
2026-06-30T04:00:16,111056, 143771, 100, 61
2026-06-30T04:00:17,111056, 143771, 100, 61
2026-06-30T04:00:18,111056, 143771, 100, 61
2026-06-30T04:00:19,111056, 143771, 100, 60
2026-06-30T04:00:20,111056, 143771, 100, 62
2026-06-30T04:00:21,111056, 143771, 100, 61
2026-06-30T04:00:22,111056, 143771, 100, 61
2026-06-30T04:00:23,111056, 143771, 100, 61
2026-06-30T04:00:24,111056, 143771, 100, 61
2026-06-30T04:00:25,111056, 143771, 100, 60
2026-06-30T04:00:26,111056, 143771, 100, 61
2026-06-30T04:00:27,111056, 143771, 100, 61
2026-06-30T04:00:28,111056, 143771, 100, 60
2026-06-30T04:00:29,111056, 143771, 100, 62
2026-06-30T04:00:31,111056, 143771, 100, 61
2026-06-30T04:00:32,111056, 143771, 100, 60
2026-06-30T04:00:33,111056, 143771, 100, 60
2026-06-30T04:00:34,111056, 143771, 100, 61
2026-06-30T04:00:35,111056, 143771, 100, 60
2026-06-30T04:00:36,111056, 143771, 100, 61
2026-06-30T04:00:37,111056, 143771, 100, 61
2026-06-30T04:00:38,111056, 143771, 100, 59
2026-06-30T04:00:39,111056, 143771, 100, 61
2026-06-30T04:00:40,111056, 143771, 97, 60
2026-06-30T04:00:41,111056, 143771, 100, 61
2026-06-30T04:00:42,111056, 143771, 97, 61
2026-06-30T04:00:43,111056, 143771, 100, 61
2026-06-30T04:00:44,111056, 143771, 97, 56
2026-06-30T04:00:45,111056, 143771, 100, 60
2026-06-30T04:00:46,111056, 143771, 97, 58
2026-06-30T04:00:47,111056, 143771, 100, 61
2026-06-30T04:00:48,111056, 143771, 97, 61
2026-06-30T04:00:49,111056, 143771, 100, 61
2026-06-30T04:00:50,111056, 143771, 100, 60
2026-06-30T04:00:51,111056, 143771, 100, 60
2026-06-30T04:00:52,111056, 143771, 100, 58
2026-06-30T04:00:53,111056, 143771, 100, 62
2026-06-30T04:00:54,111056, 143771, 100, 61
2026-06-30T04:00:55,111056, 143771, 100, 61
2026-06-30T04:00:56,111056, 143771, 100, 60
2026-06-30T04:00:57,111056, 143771, 100, 60
2026-06-30T04:00:58,111056, 143771, 100, 61
2026-06-30T04:00:59,111056, 143771, 100, 61
2026-06-30T04:01:00,111056, 143771, 100, 61
2026-06-30T04:01:01,111056, 143771, 100, 60
2026-06-30T04:01:02,111056, 143771, 100, 60
2026-06-30T04:01:03,111056, 143771, 100, 61
2026-06-30T04:01:05,111056, 143771, 100, 62
2026-06-30T04:01:06,111056, 143771, 100, 61
2026-06-30T04:01:07,111056, 143771, 100, 60
2026-06-30T04:01:08,111056, 143771, 100, 61
2026-06-30T04:01:09,111056, 143771, 100, 61
2026-06-30T04:01:10,111056, 143771, 100, 61
2026-06-30T04:01:11,111056, 143771, 100, 61
2026-06-30T04:01:12,111056, 143771, 100, 64
2026-06-30T04:01:13,111056, 143771, 100, 61
2026-06-30T04:01:14,111056, 143771, 100, 62
2026-06-30T04:01:15,111056, 143771, 100, 62
2026-06-30T04:01:16,111056, 143771, 100, 62
2026-06-30T04:01:17,111056, 143771, 100, 61
2026-06-30T04:01:18,111056, 143771, 100, 60
2026-06-30T04:01:19,111056, 143771, 100, 61
2026-06-30T04:01:20,111056, 143771, 100, 58
2026-06-30T04:01:21,111056, 143771, 100, 62
2026-06-30T04:01:22,111056, 143771, 100, 61
2026-06-30T04:01:23,111056, 143771, 100, 61
2026-06-30T04:01:24,111056, 143771, 100, 64
2026-06-30T04:01:25,111056, 143771, 100, 62
2026-06-30T04:01:26,111056, 143771, 100, 65
2026-06-30T04:01:27,111056, 143771, 100, 62
2026-06-30T04:01:28,111056, 143771, 100, 61
2026-06-30T04:01:29,111056, 143771, 100, 61
2026-06-30T04:01:30,111056, 143771, 100, 62
2026-06-30T04:01:31,111056, 143771, 100, 62
2026-06-30T04:01:32,111056, 143771, 100, 61
2026-06-30T04:01:33,111056, 143771, 100, 61
2026-06-30T04:01:34,111056, 143771, 100, 61
2026-06-30T04:01:35,111056, 143771, 100, 61
2026-06-30T04:01:36,111056, 143771, 100, 61
2026-06-30T04:01:37,111056, 143771, 100, 61
2026-06-30T04:01:38,111056, 143771, 100, 60
2026-06-30T04:01:40,111056, 143771, 100, 62
2026-06-30T04:01:41,111056, 143771, 100, 61
2026-06-30T04:01:42,111056, 143771, 100, 61
2026-06-30T04:01:43,111056, 143771, 100, 61
2026-06-30T04:01:44,111056, 143771, 100, 61
2026-06-30T04:01:45,111056, 143771, 100, 61
2026-06-30T04:01:46,111056, 143771, 100, 62
2026-06-30T04:01:47,111056, 143771, 100, 61
2026-06-30T04:01:48,111056, 143771, 100, 61
2026-06-30T04:01:49,111056, 143771, 100, 60
2026-06-30T04:01:50,111056, 143771, 100, 61
2026-06-30T04:01:51,111056, 143771, 100, 60
2026-06-30T04:01:52,111056, 143771, 100, 61
2026-06-30T04:01:53,111056, 143771, 100, 60
2026-06-30T04:01:54,111056, 143771, 100, 61
2026-06-30T04:01:55,111056, 143771, 100, 60
2026-06-30T04:01:56,111056, 143771, 100, 61
2026-06-30T04:01:57,111056, 143771, 100, 61
2026-06-30T04:01:58,111056, 143771, 100, 61
2026-06-30T04:01:59,111056, 143771, 100, 61
2026-06-30T04:02:00,111056, 143771, 100, 61
2026-06-30T04:02:01,111056, 143771, 98, 61
2026-06-30T04:02:02,111056, 143771, 100, 61
2026-06-30T04:02:03,111056, 143771, 97, 59
2026-06-30T04:02:04,111056, 143771, 100, 61
2026-06-30T04:02:05,111056, 143771, 100, 60
2026-06-30T04:02:06,111056, 143771, 100, 60
2026-06-30T04:02:08,111056, 143771, 100, 61
2026-06-30T04:02:09,111056, 143771, 100, 62
2026-06-30T04:02:10,111056, 143771, 100, 60
2026-06-30T04:02:11,111056, 143771, 100, 61
2026-06-30T04:02:12,111056, 143771, 100, 60
2026-06-30T04:02:13,111056, 143771, 100, 62
2026-06-30T04:02:14,111056, 143771, 97, 60
2026-06-30T04:02:15,111056, 143771, 100, 61
2026-06-30T04:02:16,111056, 143771, 100, 60
2026-06-30T04:02:17,111056, 143771, 100, 61
2026-06-30T04:02:18,111056, 143771, 97, 59
2026-06-30T04:02:19,111056, 143771, 100, 62
2026-06-30T04:02:20,111056, 143771, 96, 60
2026-06-30T04:02:21,111056, 143771, 100, 60
2026-06-30T04:02:22,111056, 143771, 97, 58
2026-06-30T04:02:23,111056, 143771, 100, 62
2026-06-30T04:02:24,111056, 143771, 100, 56
2026-06-30T04:02:25,111056, 143771, 100, 60
2026-06-30T04:02:26,111056, 143771, 97, 59
2026-06-30T04:02:27,111056, 143771, 100, 61
2026-06-30T04:02:28,111056, 143771, 100, 61
2026-06-30T04:02:29,111056, 143771, 100, 60
2026-06-30T04:02:30,111056, 143771, 100, 59
2026-06-30T04:02:31,111056, 143771, 100, 62
2026-06-30T04:02:32,111056, 143771, 100, 61
2026-06-30T04:02:33,111056, 143771, 100, 61
2026-06-30T04:02:34,111056, 143771, 100, 61
2026-06-30T04:02:35,111056, 143771, 100, 61
2026-06-30T04:02:36,111056, 143771, 100, 61
2026-06-30T04:02:37,111056, 143771, 100, 60
2026-06-30T04:02:38,111056, 143771, 100, 61
2026-06-30T04:02:39,111056, 143771, 100, 62
2026-06-30T04:02:40,111056, 143771, 100, 61
2026-06-30T04:02:41,111056, 143771, 100, 59
2026-06-30T04:02:43,111056, 143771, 100, 61
2026-06-30T04:02:44,111056, 143771, 100, 62
2026-06-30T04:02:45,111056, 143771, 100, 61
2026-06-30T04:02:46,111056, 143771, 100, 60
2026-06-30T04:02:47,111056, 143771, 100, 61
2026-06-30T04:02:48,111056, 143771, 100, 61
2026-06-30T04:02:49,111056, 143771, 100, 62
2026-06-30T04:02:50,111056, 143771, 100, 61
2026-06-30T04:02:51,111056, 143771, 100, 60
2026-06-30T04:02:52,111056, 143771, 100, 61
2026-06-30T04:02:53,111056, 143771, 100, 61
2026-06-30T04:02:54,111056, 143771, 100, 61
2026-06-30T04:02:55,111056, 143771, 100, 61
2026-06-30T04:02:56,111056, 143771, 100, 64
2026-06-30T04:02:57,111056, 143771, 100, 61
2026-06-30T04:02:58,111056, 143771, 100, 62
2026-06-30T04:02:59,111056, 143771, 100, 62
2026-06-30T04:03:00,111056, 143771, 100, 63
2026-06-30T04:03:01,111056, 143771, 100, 60
2026-06-30T04:03:02,111056, 143771, 45, 58
2026-06-30T04:03:03,111056, 143771, 100, 62
2026-06-30T04:03:04,111056, 143771, 100, 65
2026-06-30T04:03:05,111056, 143771, 100, 61
2026-06-30T04:03:06,111056, 143771, 100, 61
2026-06-30T04:03:07,111056, 143771, 100, 61
2026-06-30T04:03:08,111056, 143771, 100, 62
2026-06-30T04:03:09,111056, 143771, 100, 61
2026-06-30T04:03:10,111056, 143771, 100, 61
2026-06-30T04:03:11,111056, 143771, 100, 62
2026-06-30T04:03:12,111056, 143771, 100, 61
2026-06-30T04:03:13,111056, 143771, 100, 61
2026-06-30T04:03:14,111056, 143771, 100, 60
2026-06-30T04:03:16,111056, 143771, 100, 62
2026-06-30T04:03:17,111056, 143771, 100, 61
2026-06-30T04:03:18,111056, 143771, 100, 61
2026-06-30T04:03:19,111056, 143771, 100, 61
2026-06-30T04:03:20,111056, 143771, 100, 62
2026-06-30T04:03:21,111056, 143771, 100, 61
2026-06-30T04:03:22,111056, 143771, 100, 61
2026-06-30T04:03:23,111056, 143771, 100, 61
2026-06-30T04:03:24,111056, 143771, 100, 60
2026-06-30T04:03:25,111056, 143771, 100, 61
2026-06-30T04:03:26,111056, 143771, 100, 62
2026-06-30T04:03:27,111056, 143771, 100, 61
2026-06-30T04:03:28,111056, 143771, 100, 61
2026-06-30T04:03:29,111056, 143771, 100, 61
2026-06-30T04:03:30,111056, 143771, 100, 62
2026-06-30T04:03:31,111056, 143771, 100, 61
2026-06-30T04:03:32,111056, 143771, 100, 60
2026-06-30T04:03:33,111056, 143771, 100, 61
2026-06-30T04:03:34,111056, 143771, 100, 61
2026-06-30T04:03:35,111056, 143771, 100, 61
2026-06-30T04:03:36,111056, 143771, 100, 61
2026-06-30T04:03:37,111056, 143771, 100, 60
2026-06-30T04:03:38,111056, 143771, 100, 60
2026-06-30T04:03:39,111056, 143771, 100, 61
2026-06-30T04:03:40,111056, 143771, 100, 61
2026-06-30T04:03:41,111056, 143771, 100, 61
2026-06-30T04:03:42,111056, 143771, 100, 61
2026-06-30T04:03:43,111056, 143771, 100, 60
2026-06-30T04:03:44,111056, 143771, 100, 60
2026-06-30T04:03:45,111056, 143771, 100, 61
2026-06-30T04:03:46,111056, 143771, 100, 61
2026-06-30T04:03:47,111056, 143771, 100, 59
2026-06-30T04:03:48,111056, 143771, 100, 61
2026-06-30T04:03:49,111056, 143771, 97, 60
2026-06-30T04:03:51,111056, 143771, 100, 60
2026-06-30T04:03:52,111056, 143771, 97, 61
2026-06-30T04:03:53,111056, 143771, 100, 62
2026-06-30T04:03:54,111056, 143771, 100, 56
2026-06-30T04:03:55,111056, 143771, 100, 61
2026-06-30T04:03:56,111056, 143771, 97, 58
2026-06-30T04:03:57,111056, 143771, 100, 61
2026-06-30T04:03:58,111056, 143771, 97, 62
2026-06-30T04:03:59,111056, 143771, 100, 61
2026-06-30T04:04:00,111056, 143771, 100, 60
2026-06-30T04:04:01,111056, 143771, 100, 61
2026-06-30T04:04:02,109036, 143771, 100, 58
2026-06-30T04:04:03,14550, 143771, 0, 47
2026-06-30T04:04:04,14550, 143771, 0, 45
2026-06-30T04:04:05,14550, 143771, 0, 44
2026-06-30T04:04:06,14550, 143771, 0, 43
2026-06-30T04:04:07,14550, 143771, 0, 43
2026-06-30T04:04:08,14550, 143771, 0, 42
2026-06-30T04:04:09,14550, 143771, 0, 42
2026-06-30T04:04:10,14554, 143771, 7, 41
2026-06-30T04:04:11,14562, 143771, 4, 41
2026-06-30T04:04:12,14568, 143771, 4, 40
2026-06-30T04:04:13,14574, 143771, 4, 40
2026-06-30T04:04:14,14576, 143771, 0, 39
2026-06-30T04:04:15,14576, 143771, 0, 39
2026-06-30T04:04:16,14576, 143771, 0, 39
2026-06-30T04:04:17,14576, 143771, 0, 38
2026-06-30T04:04:18,14576, 143771, 0, 38
2026-06-30T04:04:19,14576, 143771, 0, 38
2026-06-30T04:04:20,14576, 143771, 0, 37
2026-06-30T04:04:22,14576, 143771, 0, 37
2026-06-30T04:04:23,14576, 143771, 0, 37
2026-06-30T04:04:24,14576, 143771, 0, 37
2026-06-30T04:04:25,14576, 143771, 0, 36
2026-06-30T04:04:26,14576, 143771, 0, 36
2026-06-30T04:04:27,14576, 143771, 0, 36
2026-06-30T04:04:28,14576, 143771, 0, 36
2026-06-30T04:04:29,14576, 143771, 0, 36
2026-06-30T04:04:30,14576, 143771, 0, 35
2026-06-30T04:04:31,14576, 143771, 0, 35
2026-06-30T04:04:32,14576, 143771, 0, 35
2026-06-30T04:04:33,14576, 143771, 0, 35
2026-06-30T04:04:34,14576, 143771, 0, 35
2026-06-30T04:04:35,14576, 143771, 0, 35
2026-06-30T04:04:36,14576, 143771, 0, 35
2026-06-30T04:04:37,14576, 143771, 0, 34
2026-06-30T04:04:38,14576, 143771, 0, 34
2026-06-30T04:04:39,14576, 143771, 0, 34
2026-06-30T04:04:40,14576, 143771, 0, 34
2026-06-30T04:04:41,14576, 143771, 0, 34
2026-06-30T04:04:42,14576, 143771, 0, 34
2026-06-30T04:04:43,14576, 143771, 0, 34
2026-06-30T04:04:44,14576, 143771, 0, 34
2026-06-30T04:04:45,14576, 143771, 0, 34
2026-06-30T04:04:46,14576, 143771, 0, 33
2026-06-30T04:04:47,14576, 143771, 0, 33
2026-06-30T04:04:48,14576, 143771, 0, 33
2026-06-30T04:04:49,14576, 143771, 0, 33
2026-06-30T04:04:50,14576, 143771, 0, 33
2026-06-30T04:04:51,14576, 143771, 0, 33
2026-06-30T04:04:52,14576, 143771, 0, 33
2026-06-30T04:04:53,14576, 143771, 0, 33
2026-06-30T04:04:54,47758, 143771, 100, 47
2026-06-30T04:04:55,47370, 143771, 1, 36
2026-06-30T04:04:56,46594, 143771, 0, 34
2026-06-30T04:04:57,13024, 143771, 0, 34
2026-06-30T04:04:58,13024, 143771, 0, 33
2026-06-30T04:04:59,13024, 143771, 0, 33
2026-06-30T04:05:01,12986, 143771, 0, 33
2026-06-30T04:05:02,4, 143771, 0, 33
