2026-06-29T23:49:45,0, 143771, 0, 31
2026-06-29T23:49:46,0, 143771, 0, 31
2026-06-29T23:49:47,4, 143771, 0, 31
2026-06-29T23:49:48,4, 143771, 0, 31
2026-06-29T23:49:49,4, 143771, 0, 31
2026-06-29T23:49:50,4, 143771, 0, 31
2026-06-29T23:49:51,4, 143771, 0, 31
2026-06-29T23:49:52,4, 143771, 0, 31
2026-06-29T23:49:53,4, 143771, 0, 31
2026-06-29T23:49:54,4, 143771, 0, 31
2026-06-29T23:49:55,526, 143771, 0, 32
2026-06-29T23:49:56,526, 143771, 0, 32
2026-06-29T23:49:57,526, 143771, 0, 33
2026-06-29T23:49:58,526, 143771, 0, 33
2026-06-29T23:49:59,526, 143771, 0, 33
2026-06-29T23:50:00,526, 143771, 0, 33
2026-06-29T23:50:01,2476, 143771, 0, 33
2026-06-29T23:50:02,2476, 143771, 0, 33
2026-06-29T23:50:03,1336, 143771, 65, 35
2026-06-29T23:50:04,7236, 143771, 0, 33
2026-06-29T23:50:05,7238, 143771, 1, 33
2026-06-29T23:50:06,12246, 143771, 0, 34
2026-06-29T23:50:07,15666, 143771, 0, 36
2026-06-29T23:50:08,104462, 143771, 0, 37
2026-06-29T23:50:09,104472, 143771, 0, 35
2026-06-29T23:50:10,104792, 143771, 100, 45
2026-06-29T23:50:11,110910, 143771, 100, 49
2026-06-29T23:50:12,110910, 143771, 100, 52
2026-06-29T23:50:14,110910, 143771, 100, 52
2026-06-29T23:50:15,110910, 143771, 100, 53
2026-06-29T23:50:16,110910, 143771, 100, 53
2026-06-29T23:50:17,110910, 143771, 100, 54
2026-06-29T23:50:18,110910, 143771, 100, 55
2026-06-29T23:50:19,110910, 143771, 100, 55
2026-06-29T23:50:20,110910, 143771, 100, 54
2026-06-29T23:50:21,110910, 143771, 100, 56
2026-06-29T23:50:22,110910, 143771, 97, 55
2026-06-29T23:50:23,110910, 143771, 100, 55
2026-06-29T23:50:24,110910, 143771, 100, 56
2026-06-29T23:50:25,110910, 143771, 99, 54
2026-06-29T23:50:26,110910, 143771, 100, 56
2026-06-29T23:50:27,110910, 143771, 100, 57
2026-06-29T23:50:28,110910, 143771, 100, 58
2026-06-29T23:50:29,110910, 143771, 100, 57
2026-06-29T23:50:30,110910, 143771, 100, 58
2026-06-29T23:50:31,110910, 143771, 100, 58
2026-06-29T23:50:32,110910, 143771, 100, 57
2026-06-29T23:50:33,110910, 143771, 100, 58
2026-06-29T23:50:34,110910, 143771, 100, 58
2026-06-29T23:50:35,110910, 143771, 100, 59
2026-06-29T23:50:36,110910, 143771, 100, 58
2026-06-29T23:50:37,110910, 143771, 100, 58
2026-06-29T23:50:38,110910, 143771, 100, 58
2026-06-29T23:50:39,110910, 143771, 97, 59
2026-06-29T23:50:40,110910, 143771, 100, 58
2026-06-29T23:50:41,110910, 143771, 100, 61
2026-06-29T23:50:42,110910, 143771, 100, 61
2026-06-29T23:50:43,110910, 143771, 100, 59
2026-06-29T23:50:44,110910, 143771, 100, 65
2026-06-29T23:50:45,110910, 143771, 100, 60
2026-06-29T23:50:46,110910, 143771, 100, 60
2026-06-29T23:50:48,110910, 143771, 100, 61
2026-06-29T23:50:49,110910, 143771, 100, 62
2026-06-29T23:50:50,110910, 143771, 100, 61
2026-06-29T23:50:51,110910, 143771, 100, 60
2026-06-29T23:50:52,110910, 143771, 100, 60
2026-06-29T23:50:53,110910, 143771, 100, 60
2026-06-29T23:50:54,110910, 143771, 100, 61
2026-06-29T23:50:55,110910, 143771, 100, 63
2026-06-29T23:50:56,110910, 143771, 100, 63
2026-06-29T23:50:57,110910, 143771, 97, 63
2026-06-29T23:50:58,110910, 143771, 100, 59
2026-06-29T23:50:59,110910, 143771, 100, 66
2026-06-29T23:51:00,110910, 143771, 100, 61
2026-06-29T23:51:01,110910, 143771, 100, 60
2026-06-29T23:51:02,110910, 143771, 100, 63
2026-06-29T23:51:03,110910, 143771, 100, 63
2026-06-29T23:51:04,110910, 143771, 100, 62
2026-06-29T23:51:05,110910, 143771, 100, 62
2026-06-29T23:51:06,110910, 143771, 100, 61
2026-06-29T23:51:07,110910, 143771, 100, 61
2026-06-29T23:51:08,110910, 143771, 100, 62
2026-06-29T23:51:09,110910, 143771, 100, 63
2026-06-29T23:51:10,110910, 143771, 100, 63
2026-06-29T23:51:11,110910, 143771, 97, 62
2026-06-29T23:51:12,110910, 143771, 100, 61
2026-06-29T23:51:13,110910, 143771, 100, 67
2026-06-29T23:51:14,110910, 143771, 100, 62
2026-06-29T23:51:15,110910, 143771, 100, 62
2026-06-29T23:51:16,110910, 143771, 100, 63
2026-06-29T23:51:17,110910, 143771, 100, 64
2026-06-29T23:51:18,110910, 143771, 100, 62
2026-06-29T23:51:19,110910, 143771, 100, 63
2026-06-29T23:51:20,110910, 143771, 100, 62
2026-06-29T23:51:22,110910, 143771, 100, 63
2026-06-29T23:51:23,110910, 143771, 100, 62
2026-06-29T23:51:24,110910, 143771, 100, 64
2026-06-29T23:51:25,110910, 143771, 100, 61
2026-06-29T23:51:26,110910, 143771, 97, 62
2026-06-29T23:51:27,110910, 143771, 100, 62
2026-06-29T23:51:28,110910, 143771, 100, 67
2026-06-29T23:51:29,110910, 143771, 100, 64
2026-06-29T23:51:30,110910, 143771, 100, 62
2026-06-29T23:51:31,110910, 143771, 100, 64
2026-06-29T23:51:32,110910, 143771, 100, 63
2026-06-29T23:51:33,110910, 143771, 100, 62
2026-06-29T23:51:34,110910, 143771, 100, 64
2026-06-29T23:51:35,110910, 143771, 100, 65
2026-06-29T23:51:36,110910, 143771, 100, 63
2026-06-29T23:51:37,110910, 143771, 100, 62
2026-06-29T23:51:38,110910, 143771, 100, 64
2026-06-29T23:51:39,110910, 143771, 100, 62
2026-06-29T23:51:40,110910, 143771, 97, 63
2026-06-29T23:51:41,110910, 143771, 100, 62
2026-06-29T23:51:42,110910, 143771, 100, 64
2026-06-29T23:51:43,110910, 143771, 100, 64
2026-06-29T23:51:44,110910, 143771, 100, 64
2026-06-29T23:51:45,110910, 143771, 100, 68
2026-06-29T23:51:46,110910, 143771, 100, 63
2026-06-29T23:51:47,110910, 143771, 100, 63
2026-06-29T23:51:48,110910, 143771, 100, 64
2026-06-29T23:51:49,110910, 143771, 100, 64
2026-06-29T23:51:50,110910, 143771, 100, 64
2026-06-29T23:51:51,110910, 143771, 100, 63
2026-06-29T23:51:52,110910, 143771, 100, 63
2026-06-29T23:51:53,110910, 143771, 100, 62
2026-06-29T23:51:54,110910, 143771, 100, 63
2026-06-29T23:51:56,110910, 143771, 100, 65
2026-06-29T23:51:57,110910, 143771, 100, 65
2026-06-29T23:51:58,110910, 143771, 100, 65
2026-06-29T23:51:59,110910, 143771, 100, 64
2026-06-29T23:52:00,110910, 143771, 100, 68
2026-06-29T23:52:01,110910, 143771, 100, 63
2026-06-29T23:52:02,110910, 143771, 100, 63
2026-06-29T23:52:03,110910, 143771, 100, 64
2026-06-29T23:52:04,110910, 143771, 100, 65
2026-06-29T23:52:05,110910, 143771, 100, 63
2026-06-29T23:52:06,110910, 143771, 100, 64
2026-06-29T23:52:07,110910, 143771, 100, 63
2026-06-29T23:52:08,110910, 143771, 100, 63
2026-06-29T23:52:09,110910, 143771, 100, 64
2026-06-29T23:52:10,110910, 143771, 100, 65
2026-06-29T23:52:11,110910, 143771, 100, 65
2026-06-29T23:52:12,110910, 143771, 96, 65
2026-06-29T23:52:13,110910, 143771, 100, 63
2026-06-29T23:52:14,110910, 143771, 100, 68
2026-06-29T23:52:15,110910, 143771, 100, 64
2026-06-29T23:52:16,110910, 143771, 100, 65
2026-06-29T23:52:17,110910, 143771, 100, 64
2026-06-29T23:52:18,110910, 143771, 100, 65
2026-06-29T23:52:19,110910, 143771, 100, 63
2026-06-29T23:52:20,110910, 143771, 100, 65
2026-06-29T23:52:21,110910, 143771, 100, 63
2026-06-29T23:52:22,110910, 143771, 100, 62
2026-06-29T23:52:23,110910, 143771, 100, 63
2026-06-29T23:52:24,110910, 143771, 100, 65
2026-06-29T23:52:25,110910, 143771, 100, 66
2026-06-29T23:52:26,110910, 143771, 97, 64
2026-06-29T23:52:27,110910, 143771, 100, 63
2026-06-29T23:52:28,110910, 143771, 100, 68
2026-06-29T23:52:30,110910, 143771, 100, 65
2026-06-29T23:52:31,110910, 143771, 100, 65
2026-06-29T23:52:32,110910, 143771, 100, 65
2026-06-29T23:52:33,110910, 143771, 100, 65
2026-06-29T23:52:34,110910, 143771, 100, 63
2026-06-29T23:52:35,110910, 143771, 100, 65
2026-06-29T23:52:36,110910, 143771, 100, 64
2026-06-29T23:52:37,110910, 143771, 100, 65
2026-06-29T23:52:38,110910, 143771, 100, 64
2026-06-29T23:52:39,110910, 143771, 100, 65
2026-06-29T23:52:40,110910, 143771, 100, 63
2026-06-29T23:52:41,110910, 143771, 97, 64
2026-06-29T23:52:42,110910, 143771, 100, 64
2026-06-29T23:52:43,110910, 143771, 100, 68
2026-06-29T23:52:44,110910, 143771, 100, 65
2026-06-29T23:52:45,110910, 143771, 100, 65
2026-06-29T23:52:46,110910, 143771, 100, 64
2026-06-29T23:52:47,110910, 143771, 100, 64
2026-06-29T23:52:48,110910, 143771, 100, 64
2026-06-29T23:52:49,110910, 143771, 100, 65
2026-06-29T23:52:50,110910, 143771, 100, 65
2026-06-29T23:52:51,110910, 143771, 100, 64
2026-06-29T23:52:52,110910, 143771, 100, 64
2026-06-29T23:52:53,110910, 143771, 100, 66
2026-06-29T23:52:54,110910, 143771, 100, 63
2026-06-29T23:52:55,110910, 143771, 97, 64
2026-06-29T23:52:56,110910, 143771, 100, 64
2026-06-29T23:52:57,110910, 143771, 100, 66
2026-06-29T23:52:58,110910, 143771, 100, 64
2026-06-29T23:52:59,110910, 143771, 100, 63
2026-06-29T23:53:00,110910, 143771, 100, 66
2026-06-29T23:53:01,110910, 143771, 100, 65
2026-06-29T23:53:02,110910, 143771, 100, 65
2026-06-29T23:53:04,110910, 143771, 100, 65
2026-06-29T23:53:05,110910, 143771, 100, 64
2026-06-29T23:53:06,110910, 143771, 100, 64
2026-06-29T23:53:07,110910, 143771, 100, 64
2026-06-29T23:53:08,110910, 143771, 100, 66
2026-06-29T23:53:09,110910, 143771, 100, 64
2026-06-29T23:53:10,110910, 143771, 100, 62
2026-06-29T23:53:11,110910, 143771, 100, 64
2026-06-29T23:53:12,110910, 143771, 100, 66
2026-06-29T23:53:13,110910, 143771, 100, 64
2026-06-29T23:53:14,110910, 143771, 100, 63
2026-06-29T23:53:15,110910, 143771, 100, 66
2026-06-29T23:53:16,110910, 143771, 100, 65
2026-06-29T23:53:17,110910, 143771, 100, 65
2026-06-29T23:53:18,110910, 143771, 100, 64
2026-06-29T23:53:19,110910, 143771, 100, 64
2026-06-29T23:53:20,110910, 143771, 100, 63
2026-06-29T23:53:21,110910, 143771, 100, 64
2026-06-29T23:53:22,110910, 143771, 100, 64
2026-06-29T23:53:23,110910, 143771, 100, 64
2026-06-29T23:53:24,110910, 143771, 97, 65
2026-06-29T23:53:25,110910, 143771, 100, 66
2026-06-29T23:53:26,110910, 143771, 100, 61
2026-06-29T23:53:27,110910, 143771, 99, 66
2026-06-29T23:53:28,110910, 143771, 100, 63
2026-06-29T23:53:29,110910, 143771, 100, 65
2026-06-29T23:53:30,110910, 143771, 100, 64
2026-06-29T23:53:31,110910, 143771, 100, 65
2026-06-29T23:53:32,110910, 143771, 100, 65
2026-06-29T23:53:33,110910, 143771, 100, 63
2026-06-29T23:53:34,110910, 143771, 100, 65
2026-06-29T23:53:35,110910, 143771, 100, 65
2026-06-29T23:53:36,110910, 143771, 100, 66
2026-06-29T23:53:38,110910, 143771, 100, 63
2026-06-29T23:53:39,110910, 143771, 97, 65
2026-06-29T23:53:40,110910, 143771, 100, 64
2026-06-29T23:53:41,110910, 143771, 100, 63
2026-06-29T23:53:42,110910, 143771, 100, 61
2026-06-29T23:53:43,110910, 143771, 100, 65
2026-06-29T23:53:44,110910, 143771, 100, 65
2026-06-29T23:53:45,110910, 143771, 100, 64
2026-06-29T23:53:46,110910, 143771, 100, 63
2026-06-29T23:53:47,110910, 143771, 100, 64
2026-06-29T23:53:48,110910, 143771, 100, 64
2026-06-29T23:53:49,110910, 143771, 100, 66
2026-06-29T23:53:50,110910, 143771, 100, 64
2026-06-29T23:53:51,110910, 143771, 100, 66
2026-06-29T23:53:52,110910, 143771, 100, 63
2026-06-29T23:53:53,110910, 143771, 97, 65
2026-06-29T23:53:54,110910, 143771, 100, 64
2026-06-29T23:53:55,110910, 143771, 100, 65
2026-06-29T23:53:56,110910, 143771, 100, 61
2026-06-29T23:53:57,110910, 143771, 100, 66
2026-06-29T23:53:58,110910, 143771, 100, 63
2026-06-29T23:53:59,110910, 143771, 100, 64
2026-06-29T23:54:00,110910, 143771, 100, 64
2026-06-29T23:54:01,110910, 143771, 100, 64
2026-06-29T23:54:02,110910, 143771, 100, 65
2026-06-29T23:54:03,110910, 143771, 100, 65
2026-06-29T23:54:04,110910, 143771, 100, 64
2026-06-29T23:54:05,110910, 143771, 100, 64
2026-06-29T23:54:06,110910, 143771, 100, 63
2026-06-29T23:54:07,110910, 143771, 100, 65
2026-06-29T23:54:08,110910, 143771, 100, 66
2026-06-29T23:54:09,110910, 143771, 100, 65
2026-06-29T23:54:10,110910, 143771, 100, 61
2026-06-29T23:54:12,110910, 143771, 100, 65
2026-06-29T23:54:13,110910, 143771, 100, 63
2026-06-29T23:54:14,110910, 143771, 100, 65
2026-06-29T23:54:15,110910, 143771, 100, 64
2026-06-29T23:54:16,110910, 143771, 100, 65
2026-06-29T23:54:17,110910, 143771, 100, 66
2026-06-29T23:54:18,110910, 143771, 100, 65
2026-06-29T23:54:19,110910, 143771, 100, 64
2026-06-29T23:54:20,110910, 143771, 100, 64
2026-06-29T23:54:21,110910, 143771, 100, 64
2026-06-29T23:54:22,110910, 143771, 100, 65
2026-06-29T23:54:23,110910, 143771, 100, 66
2026-06-29T23:54:24,110910, 143771, 100, 65
2026-06-29T23:54:25,110910, 143771, 97, 61
2026-06-29T23:54:26,110910, 143771, 100, 64
2026-06-29T23:54:27,110910, 143771, 100, 64
2026-06-29T23:54:28,110910, 143771, 100, 65
2026-06-29T23:54:29,110910, 143771, 100, 65
2026-06-29T23:54:30,110910, 143771, 100, 66
2026-06-29T23:54:31,110910, 143771, 100, 66
2026-06-29T23:54:32,110910, 143771, 100, 64
2026-06-29T23:54:33,110910, 143771, 100, 64
2026-06-29T23:54:34,110910, 143771, 100, 64
2026-06-29T23:54:35,110910, 143771, 100, 63
2026-06-29T23:54:36,110910, 143771, 100, 65
2026-06-29T23:54:37,110910, 143771, 100, 66
2026-06-29T23:54:38,110910, 143771, 100, 65
2026-06-29T23:54:39,110910, 143771, 97, 65
2026-06-29T23:54:40,110910, 143771, 100, 64
2026-06-29T23:54:41,110910, 143771, 100, 65
2026-06-29T23:54:42,110910, 143771, 100, 61
2026-06-29T23:54:43,110910, 143771, 100, 65
2026-06-29T23:54:44,110910, 143771, 100, 66
2026-06-29T23:54:46,110910, 143771, 100, 66
2026-06-29T23:54:47,110910, 143771, 100, 64
2026-06-29T23:54:48,110910, 143771, 100, 64
2026-06-29T23:54:49,110910, 143771, 100, 64
2026-06-29T23:54:50,110910, 143771, 100, 64
2026-06-29T23:54:51,110910, 143771, 100, 64
2026-06-29T23:54:52,110910, 143771, 100, 63
2026-06-29T23:54:53,110910, 143771, 100, 64
2026-06-29T23:54:54,110910, 143771, 97, 63
2026-06-29T23:54:55,110910, 143771, 100, 62
2026-06-29T23:54:56,110910, 143771, 100, 65
2026-06-29T23:54:57,110910, 143771, 100, 66
2026-06-29T23:54:58,110910, 143771, 100, 65
2026-06-29T23:54:59,110910, 143771, 100, 65
2026-06-29T23:55:00,110910, 143771, 100, 64
2026-06-29T23:55:01,110910, 143771, 100, 64
2026-06-29T23:55:02,110910, 143771, 100, 65
2026-06-29T23:55:03,110910, 143771, 100, 66
2026-06-29T23:55:04,110910, 143771, 100, 66
2026-06-29T23:55:05,110910, 143771, 100, 64
2026-06-29T23:55:06,110910, 143771, 100, 64
2026-06-29T23:55:07,110910, 143771, 100, 62
2026-06-29T23:55:08,110910, 143771, 97, 64
2026-06-29T23:55:09,110910, 143771, 100, 64
2026-06-29T23:55:10,110910, 143771, 100, 66
2026-06-29T23:55:11,110910, 143771, 100, 65
2026-06-29T23:55:12,110910, 143771, 100, 65
2026-06-29T23:55:13,110910, 143771, 100, 69
2026-06-29T23:55:14,110910, 143771, 100, 64
2026-06-29T23:55:15,110910, 143771, 100, 64
2026-06-29T23:55:16,110910, 143771, 100, 64
2026-06-29T23:55:17,110910, 143771, 100, 66
2026-06-29T23:55:18,110910, 143771, 100, 65
2026-06-29T23:55:20,110910, 143771, 100, 64
2026-06-29T23:55:21,110910, 143771, 100, 64
2026-06-29T23:55:22,110910, 143771, 100, 63
2026-06-29T23:55:23,110910, 143771, 100, 64
2026-06-29T23:55:24,110910, 143771, 100, 66
2026-06-29T23:55:25,110910, 143771, 100, 67
2026-06-29T23:55:26,110910, 143771, 97, 66
2026-06-29T23:55:27,110910, 143771, 100, 64
2026-06-29T23:55:28,110910, 143771, 100, 69
2026-06-29T23:55:29,110910, 143771, 100, 64
2026-06-29T23:55:30,110910, 143771, 100, 66
2026-06-29T23:55:31,110910, 143771, 100, 65
2026-06-29T23:55:32,110910, 143771, 100, 64
2026-06-29T23:55:33,110910, 143771, 100, 65
2026-06-29T23:55:34,110910, 143771, 100, 65
2026-06-29T23:55:35,110910, 143771, 100, 64
2026-06-29T23:55:36,110910, 143771, 100, 63
2026-06-29T23:55:37,110910, 143771, 97, 64
2026-06-29T23:55:38,110910, 143771, 100, 66
2026-06-29T23:55:39,110910, 143771, 100, 61
2026-06-29T23:55:40,110910, 143771, 100, 61
2026-06-29T23:55:41,110910, 143771, 100, 63
2026-06-29T23:55:42,110910, 143771, 100, 65
2026-06-29T23:55:43,110910, 143771, 100, 64
2026-06-29T23:55:44,110910, 143771, 100, 66
2026-06-29T23:55:45,110910, 143771, 100, 64
2026-06-29T23:55:46,110910, 143771, 100, 64
2026-06-29T23:55:47,110910, 143771, 100, 64
2026-06-29T23:55:48,110910, 143771, 100, 64
2026-06-29T23:55:49,110910, 143771, 100, 66
2026-06-29T23:55:50,110910, 143771, 100, 63
2026-06-29T23:55:51,110910, 143771, 97, 65
2026-06-29T23:55:52,110910, 143771, 100, 64
2026-06-29T23:55:54,110910, 143771, 100, 65
2026-06-29T23:55:55,110910, 143771, 100, 60
2026-06-29T23:55:56,110910, 143771, 100, 65
2026-06-29T23:55:57,110910, 143771, 38, 66
2026-06-29T23:55:58,110910, 143771, 100, 65
2026-06-29T23:55:59,110910, 143771, 100, 66
2026-06-29T23:56:00,110910, 143771, 100, 64
2026-06-29T23:56:01,110910, 143771, 100, 64
2026-06-29T23:56:02,110910, 143771, 100, 63
2026-06-29T23:56:03,110910, 143771, 100, 64
2026-06-29T23:56:04,110910, 143771, 100, 66
2026-06-29T23:56:05,110910, 143771, 100, 66
2026-06-29T23:56:06,110910, 143771, 100, 65
2026-06-29T23:56:07,110910, 143771, 100, 65
2026-06-29T23:56:08,110910, 143771, 100, 69
2026-06-29T23:56:09,110910, 143771, 100, 64
2026-06-29T23:56:10,110910, 143771, 100, 64
2026-06-29T23:56:11,110910, 143771, 100, 64
2026-06-29T23:56:12,110910, 143771, 100, 66
2026-06-29T23:56:13,110910, 143771, 100, 65
2026-06-29T23:56:14,110910, 143771, 100, 65
2026-06-29T23:56:15,110910, 143771, 100, 64
2026-06-29T23:56:16,110910, 143771, 100, 63
2026-06-29T23:56:17,110910, 143771, 100, 64
2026-06-29T23:56:18,110910, 143771, 100, 66
2026-06-29T23:56:19,110910, 143771, 100, 66
2026-06-29T23:56:20,110910, 143771, 97, 65
2026-06-29T23:56:21,110910, 143771, 100, 64
2026-06-29T23:56:22,110910, 143771, 100, 69
2026-06-29T23:56:23,110910, 143771, 100, 64
2026-06-29T23:56:24,110910, 143771, 100, 65
2026-06-29T23:56:25,110910, 143771, 100, 65
2026-06-29T23:56:26,110910, 143771, 100, 66
2026-06-29T23:56:28,110910, 143771, 100, 64
2026-06-29T23:56:29,110910, 143771, 100, 65
2026-06-29T23:56:30,110910, 143771, 100, 64
2026-06-29T23:56:31,110910, 143771, 100, 63
2026-06-29T23:56:32,110910, 143771, 100, 64
2026-06-29T23:56:33,110910, 143771, 100, 65
2026-06-29T23:56:34,110910, 143771, 100, 66
2026-06-29T23:56:35,110910, 143771, 97, 64
2026-06-29T23:56:36,110910, 143771, 100, 63
2026-06-29T23:56:37,110910, 143771, 100, 69
2026-06-29T23:56:38,110910, 143771, 100, 65
2026-06-29T23:56:39,110910, 143771, 100, 65
2026-06-29T23:56:40,110910, 143771, 100, 64
2026-06-29T23:56:41,110910, 143771, 100, 66
2026-06-29T23:56:42,110910, 143771, 100, 64
2026-06-29T23:56:43,110910, 143771, 100, 65
2026-06-29T23:56:44,110910, 143771, 100, 64
2026-06-29T23:56:45,110910, 143771, 100, 65
2026-06-29T23:56:46,110910, 143771, 100, 64
2026-06-29T23:56:47,110910, 143771, 100, 66
2026-06-29T23:56:48,110910, 143771, 100, 63
2026-06-29T23:56:49,110910, 143771, 97, 64
2026-06-29T23:56:50,110910, 143771, 100, 64
2026-06-29T23:56:51,110910, 143771, 100, 69
2026-06-29T23:56:52,110910, 143771, 100, 66
2026-06-29T23:56:53,110910, 143771, 100, 65
2026-06-29T23:56:54,110910, 143771, 100, 64
2026-06-29T23:56:55,110910, 143771, 100, 64
2026-06-29T23:56:56,110910, 143771, 100, 64
2026-06-29T23:56:57,110910, 143771, 100, 65
2026-06-29T23:56:58,110910, 143771, 100, 66
2026-06-29T23:56:59,110910, 143771, 100, 64
2026-06-29T23:57:00,110910, 143771, 100, 64
2026-06-29T23:57:02,110910, 143771, 100, 64
2026-06-29T23:57:03,110910, 143771, 100, 63
2026-06-29T23:57:04,110910, 143771, 97, 64
2026-06-29T23:57:05,110910, 143771, 100, 64
2026-06-29T23:57:06,110910, 143771, 100, 66
2026-06-29T23:57:07,110910, 143771, 100, 65
2026-06-29T23:57:08,110910, 143771, 100, 65
2026-06-29T23:57:09,110910, 143771, 100, 69
2026-06-29T23:57:10,110910, 143771, 100, 64
2026-06-29T23:57:11,110910, 143771, 100, 63
2026-06-29T23:57:12,110910, 143771, 100, 65
2026-06-29T23:57:13,110910, 143771, 100, 66
2026-06-29T23:57:14,110910, 143771, 100, 66
2026-06-29T23:57:15,110910, 143771, 100, 64
2026-06-29T23:57:16,110910, 143771, 100, 64
2026-06-29T23:57:17,110910, 143771, 100, 63
2026-06-29T23:57:18,110910, 143771, 100, 64
2026-06-29T23:57:19,110910, 143771, 100, 66
2026-06-29T23:57:20,110910, 143771, 100, 66
2026-06-29T23:57:21,110910, 143771, 97, 66
2026-06-29T23:57:22,110910, 143771, 100, 64
2026-06-29T23:57:23,110910, 143771, 100, 69
2026-06-29T23:57:24,110910, 143771, 100, 64
2026-06-29T23:57:25,110910, 143771, 100, 65
2026-06-29T23:57:26,110910, 143771, 100, 65
2026-06-29T23:57:27,110910, 143771, 100, 66
2026-06-29T23:57:28,110910, 143771, 100, 66
2026-06-29T23:57:29,110910, 143771, 100, 65
2026-06-29T23:57:30,110910, 143771, 100, 64
2026-06-29T23:57:31,110910, 143771, 100, 63
2026-06-29T23:57:32,110910, 143771, 100, 64
2026-06-29T23:57:33,110910, 143771, 100, 66
2026-06-29T23:57:34,110910, 143771, 100, 66
2026-06-29T23:57:36,110910, 143771, 97, 64
2026-06-29T23:57:37,110910, 143771, 100, 63
2026-06-29T23:57:38,110910, 143771, 100, 69
2026-06-29T23:57:39,110910, 143771, 100, 64
2026-06-29T23:57:40,110910, 143771, 100, 66
2026-06-29T23:57:41,110910, 143771, 100, 65
2026-06-29T23:57:42,110910, 143771, 100, 66
2026-06-29T23:57:43,110910, 143771, 100, 64
2026-06-29T23:57:44,110910, 143771, 100, 65
2026-06-29T23:57:45,110910, 143771, 100, 64
2026-06-29T23:57:46,110910, 143771, 100, 65
2026-06-29T23:57:47,110910, 143771, 100, 64
2026-06-29T23:57:48,110910, 143771, 100, 66
2026-06-29T23:57:49,110910, 143771, 100, 67
2026-06-29T23:57:50,110910, 143771, 97, 64
2026-06-29T23:57:51,110910, 143771, 100, 64
2026-06-29T23:57:52,110910, 143771, 100, 69
2026-06-29T23:57:53,110910, 143771, 100, 66
2026-06-29T23:57:54,110910, 143771, 100, 65
2026-06-29T23:57:55,110910, 143771, 100, 65
2026-06-29T23:57:56,110910, 143771, 100, 65
2026-06-29T23:57:57,110910, 143771, 100, 65
2026-06-29T23:57:58,110910, 143771, 100, 65
2026-06-29T23:57:59,110910, 143771, 100, 65
2026-06-29T23:58:00,110910, 143771, 100, 66
2026-06-29T23:58:01,110910, 143771, 100, 64
2026-06-29T23:58:02,110910, 143771, 100, 66
2026-06-29T23:58:03,110910, 143771, 100, 63
2026-06-29T23:58:04,110910, 143771, 97, 64
2026-06-29T23:58:05,110910, 143771, 100, 63
2026-06-29T23:58:06,110910, 143771, 100, 66
2026-06-29T23:58:07,110910, 143771, 100, 66
2026-06-29T23:58:08,110910, 143771, 100, 65
2026-06-29T23:58:10,110910, 143771, 100, 69
2026-06-29T23:58:11,110910, 143771, 100, 64
2026-06-29T23:58:12,110910, 143771, 100, 64
2026-06-29T23:58:13,110910, 143771, 100, 65
2026-06-29T23:58:14,110910, 143771, 100, 65
2026-06-29T23:58:15,110910, 143771, 100, 66
2026-06-29T23:58:16,110910, 143771, 100, 64
2026-06-29T23:58:17,110910, 143771, 100, 64
2026-06-29T23:58:18,110910, 143771, 100, 63
2026-06-29T23:58:19,110910, 143771, 100, 64
2026-06-29T23:58:20,110910, 143771, 100, 66
2026-06-29T23:58:21,110910, 143771, 100, 66
2026-06-29T23:58:22,110910, 143771, 97, 66
2026-06-29T23:58:23,110910, 143771, 100, 64
2026-06-29T23:58:24,110910, 143771, 100, 68
2026-06-29T23:58:25,110910, 143771, 100, 64
2026-06-29T23:58:26,110910, 143771, 100, 64
2026-06-29T23:58:27,110910, 143771, 100, 64
2026-06-29T23:58:28,110910, 143771, 100, 66
2026-06-29T23:58:29,110910, 143771, 100, 65
2026-06-29T23:58:30,110910, 143771, 100, 65
2026-06-29T23:58:31,110910, 143771, 100, 64
2026-06-29T23:58:32,110910, 143771, 100, 63
2026-06-29T23:58:33,110910, 143771, 100, 65
2026-06-29T23:58:34,110910, 143771, 100, 64
2026-06-29T23:58:35,110910, 143771, 100, 66
2026-06-29T23:58:36,110910, 143771, 97, 63
2026-06-29T23:58:37,110910, 143771, 100, 66
2026-06-29T23:58:38,110910, 143771, 100, 66
2026-06-29T23:58:39,110910, 143771, 100, 66
2026-06-29T23:58:40,110910, 143771, 100, 63
2026-06-29T23:58:41,110910, 143771, 100, 64
2026-06-29T23:58:42,110910, 143771, 100, 64
2026-06-29T23:58:44,110910, 143771, 100, 64
2026-06-29T23:58:45,110910, 143771, 100, 65
2026-06-29T23:58:46,110910, 143771, 100, 66
2026-06-29T23:58:47,110910, 143771, 100, 64
2026-06-29T23:58:48,110910, 143771, 100, 64
2026-06-29T23:58:49,110910, 143771, 100, 64
2026-06-29T23:58:50,110910, 143771, 100, 67
2026-06-29T23:58:51,110910, 143771, 97, 63
2026-06-29T23:58:52,110910, 143771, 100, 66
2026-06-29T23:58:53,110910, 143771, 100, 66
2026-06-29T23:58:54,110910, 143771, 100, 64
2026-06-29T23:58:55,110910, 143771, 100, 63
2026-06-29T23:58:56,110910, 143771, 100, 64
2026-06-29T23:58:57,110910, 143771, 100, 66
2026-06-29T23:58:58,110910, 143771, 100, 66
2026-06-29T23:58:59,110910, 143771, 100, 65
2026-06-29T23:59:00,110910, 143771, 100, 66
2026-06-29T23:59:01,110910, 143771, 100, 64
2026-06-29T23:59:02,110910, 143771, 100, 64
2026-06-29T23:59:03,110910, 143771, 100, 63
2026-06-29T23:59:04,110910, 143771, 100, 63
2026-06-29T23:59:05,110910, 143771, 97, 64
2026-06-29T23:59:06,110910, 143771, 100, 66
2026-06-29T23:59:07,110910, 143771, 100, 67
2026-06-29T23:59:08,110910, 143771, 100, 64
2026-06-29T23:59:09,110910, 143771, 100, 64
2026-06-29T23:59:10,110910, 143771, 100, 66
2026-06-29T23:59:11,110910, 143771, 100, 65
2026-06-29T23:59:12,110910, 143771, 100, 65
2026-06-29T23:59:13,110910, 143771, 100, 65
2026-06-29T23:59:14,110910, 143771, 100, 64
2026-06-29T23:59:15,110910, 143771, 100, 63
2026-06-29T23:59:17,110910, 143771, 100, 64
2026-06-29T23:59:18,110910, 143771, 100, 65
2026-06-29T23:59:19,110910, 143771, 100, 65
2026-06-29T23:59:20,110910, 143771, 100, 63
2026-06-29T23:59:21,110910, 143771, 100, 63
2026-06-29T23:59:22,110910, 143771, 100, 66
2026-06-29T23:59:23,110910, 143771, 99, 64
2026-06-29T23:59:24,110910, 143771, 100, 63
2026-06-29T23:59:25,110910, 143771, 100, 65
2026-06-29T23:59:26,110910, 143771, 100, 65
2026-06-29T23:59:27,110910, 143771, 100, 64
2026-06-29T23:59:28,110910, 143771, 100, 64
2026-06-29T23:59:29,110910, 143771, 100, 66
2026-06-29T23:59:30,110910, 143771, 100, 65
2026-06-29T23:59:31,110910, 143771, 100, 65
2026-06-29T23:59:32,110910, 143771, 100, 64
2026-06-29T23:59:33,110910, 143771, 100, 64
2026-06-29T23:59:34,110910, 143771, 97, 65
2026-06-29T23:59:35,110910, 143771, 100, 66
2026-06-29T23:59:36,110910, 143771, 100, 62
2026-06-29T23:59:37,110910, 143771, 100, 66
2026-06-29T23:59:38,110910, 143771, 100, 63
2026-06-29T23:59:39,110910, 143771, 100, 65
2026-06-29T23:59:40,110910, 143771, 100, 64
2026-06-29T23:59:41,110910, 143771, 100, 66
2026-06-29T23:59:42,110910, 143771, 100, 65
2026-06-29T23:59:43,110910, 143771, 100, 65
2026-06-29T23:59:44,110910, 143771, 100, 64
2026-06-29T23:59:45,110910, 143771, 100, 65
2026-06-29T23:59:46,110910, 143771, 100, 66
2026-06-29T23:59:47,110910, 143771, 100, 64
2026-06-29T23:59:48,110910, 143771, 97, 65
2026-06-29T23:59:49,110910, 143771, 100, 63
2026-06-29T23:59:51,110910, 143771, 100, 63
2026-06-29T23:59:52,110910, 143771, 100, 61
2026-06-29T23:59:53,110910, 143771, 100, 64
2026-06-29T23:59:54,110910, 143771, 100, 65
2026-06-29T23:59:55,110910, 143771, 100, 65
2026-06-29T23:59:56,110910, 143771, 100, 66
2026-06-29T23:59:57,110910, 143771, 100, 64
2026-06-29T23:59:58,110910, 143771, 100, 66
2026-06-29T23:59:59,110910, 143771, 100, 66
2026-06-30T00:00:00,110910, 143771, 100, 64
2026-06-30T00:00:01,110910, 143771, 100, 66
2026-06-30T00:00:02,110910, 143771, 100, 63
2026-06-30T00:00:03,110910, 143771, 97, 64
2026-06-30T00:00:04,110910, 143771, 100, 64
2026-06-30T00:00:05,110910, 143771, 100, 66
2026-06-30T00:00:06,110910, 143771, 100, 66
2026-06-30T00:00:07,110910, 143771, 100, 65
2026-06-30T00:00:08,110910, 143771, 100, 69
2026-06-30T00:00:09,110910, 143771, 100, 64
2026-06-30T00:00:10,110910, 143771, 100, 64
2026-06-30T00:00:11,110910, 143771, 100, 64
2026-06-30T00:00:12,110910, 143771, 100, 66
2026-06-30T00:00:13,110910, 143771, 100, 64
2026-06-30T00:00:14,110910, 143771, 100, 64
2026-06-30T00:00:15,110910, 143771, 100, 64
2026-06-30T00:00:16,110910, 143771, 100, 63
2026-06-30T00:00:17,110910, 143771, 100, 64
2026-06-30T00:00:18,110910, 143771, 100, 66
2026-06-30T00:00:19,110910, 143771, 100, 66
2026-06-30T00:00:20,110910, 143771, 100, 65
2026-06-30T00:00:21,110910, 143771, 100, 64
2026-06-30T00:00:22,110910, 143771, 100, 69
2026-06-30T00:00:23,110910, 143771, 100, 65
2026-06-30T00:00:25,110910, 143771, 100, 65
2026-06-30T00:00:26,110910, 143771, 100, 64
2026-06-30T00:00:27,110910, 143771, 100, 66
2026-06-30T00:00:28,110910, 143771, 100, 66
2026-06-30T00:00:29,110910, 143771, 100, 65
2026-06-30T00:00:30,110910, 143771, 100, 63
2026-06-30T00:00:31,110910, 143771, 100, 63
2026-06-30T00:00:32,110910, 143771, 100, 64
2026-06-30T00:00:33,110910, 143771, 100, 63
2026-06-30T00:00:34,110910, 143771, 100, 67
2026-06-30T00:00:35,110910, 143771, 97, 63
2026-06-30T00:00:36,110910, 143771, 100, 66
2026-06-30T00:00:37,110910, 143771, 100, 66
2026-06-30T00:00:38,110910, 143771, 100, 64
2026-06-30T00:00:39,110910, 143771, 100, 63
2026-06-30T00:00:40,110910, 143771, 100, 64
2026-06-30T00:00:41,110910, 143771, 100, 64
2026-06-30T00:00:42,110910, 143771, 100, 66
2026-06-30T00:00:43,110910, 143771, 100, 66
2026-06-30T00:00:44,110910, 143771, 100, 64
2026-06-30T00:00:45,110910, 143771, 100, 63
2026-06-30T00:00:46,110910, 143771, 97, 64
2026-06-30T00:00:47,110910, 143771, 100, 66
2026-06-30T00:00:48,110910, 143771, 100, 64
2026-06-30T00:00:49,110910, 143771, 99, 63
2026-06-30T00:00:50,110910, 143771, 100, 64
2026-06-30T00:00:51,110910, 143771, 100, 62
2026-06-30T00:00:52,110910, 143771, 100, 66
2026-06-30T00:00:53,110910, 143771, 100, 65
2026-06-30T00:00:54,110910, 143771, 100, 64
2026-06-30T00:00:55,110910, 143771, 100, 64
2026-06-30T00:00:56,110910, 143771, 100, 64
2026-06-30T00:00:58,110910, 143771, 100, 65
2026-06-30T00:00:59,110910, 143771, 100, 66
2026-06-30T00:01:00,110910, 143771, 100, 66
2026-06-30T00:01:01,110910, 143771, 100, 65
2026-06-30T00:01:02,110910, 143771, 100, 64
2026-06-30T00:01:03,110910, 143771, 100, 64
2026-06-30T00:01:04,110910, 143771, 100, 62
2026-06-30T00:01:05,110910, 143771, 100, 63
2026-06-30T00:01:06,110910, 143771, 100, 64
2026-06-30T00:01:07,110910, 143771, 100, 66
2026-06-30T00:01:08,110910, 143771, 100, 66
2026-06-30T00:01:09,110910, 143771, 100, 65
2026-06-30T00:01:10,110910, 143771, 100, 64
2026-06-30T00:01:11,110910, 143771, 100, 64
2026-06-30T00:01:12,110910, 143771, 100, 64
2026-06-30T00:01:13,110910, 143771, 100, 66
2026-06-30T00:01:14,110910, 143771, 100, 65
2026-06-30T00:01:15,110910, 143771, 100, 65
2026-06-30T00:01:16,110910, 143771, 100, 64
2026-06-30T00:01:17,110910, 143771, 100, 64
2026-06-30T00:01:18,110910, 143771, 97, 62
2026-06-30T00:01:19,110910, 143771, 100, 66
2026-06-30T00:01:20,110910, 143771, 100, 62
2026-06-30T00:01:21,110910, 143771, 99, 66
2026-06-30T00:01:22,110910, 143771, 100, 64
2026-06-30T00:01:23,110910, 143771, 100, 65
2026-06-30T00:01:24,110910, 143771, 100, 64
2026-06-30T00:01:25,110910, 143771, 100, 65
2026-06-30T00:01:26,110910, 143771, 100, 64
2026-06-30T00:01:27,110910, 143771, 100, 66
2026-06-30T00:01:28,110910, 143771, 100, 65
2026-06-30T00:01:29,110910, 143771, 100, 65
2026-06-30T00:01:30,110910, 143771, 100, 64
2026-06-30T00:01:32,110910, 143771, 100, 64
2026-06-30T00:01:33,110910, 143771, 97, 65
2026-06-30T00:01:34,110910, 143771, 100, 66
2026-06-30T00:01:35,110910, 143771, 100, 62
2026-06-30T00:01:36,110910, 143771, 100, 62
2026-06-30T00:01:37,110910, 143771, 100, 63
2026-06-30T00:01:38,110910, 143771, 100, 65
2026-06-30T00:01:39,110910, 143771, 100, 65
2026-06-30T00:01:40,110910, 143771, 100, 65
2026-06-30T00:01:41,110910, 143771, 100, 66
2026-06-30T00:01:42,110910, 143771, 100, 64
2026-06-30T00:01:43,110910, 143771, 100, 65
2026-06-30T00:01:44,110910, 143771, 100, 65
2026-06-30T00:01:45,110910, 143771, 100, 66
2026-06-30T00:01:46,110910, 143771, 100, 63
2026-06-30T00:01:47,110910, 143771, 97, 65
2026-06-30T00:01:48,110910, 143771, 100, 64
2026-06-30T00:01:49,110910, 143771, 100, 63
2026-06-30T00:01:50,110910, 143771, 100, 61
2026-06-30T00:01:51,110910, 143771, 100, 65
2026-06-30T00:01:52,110910, 143771, 100, 66
2026-06-30T00:01:53,110910, 143771, 100, 65
2026-06-30T00:01:54,110910, 143771, 100, 64
2026-06-30T00:01:55,110910, 143771, 100, 64
2026-06-30T00:01:56,110910, 143771, 100, 66
2026-06-30T00:01:57,110910, 143771, 100, 66
2026-06-30T00:01:58,110910, 143771, 100, 65
2026-06-30T00:01:59,110910, 143771, 100, 64
2026-06-30T00:02:00,110910, 143771, 100, 63
2026-06-30T00:02:01,110910, 143771, 97, 65
2026-06-30T00:02:02,110910, 143771, 100, 64
2026-06-30T00:02:03,110910, 143771, 100, 65
2026-06-30T00:02:04,110910, 143771, 100, 61
2026-06-30T00:02:06,110910, 143771, 100, 66
2026-06-30T00:02:07,110910, 143771, 100, 64
2026-06-30T00:02:08,110910, 143771, 100, 64
2026-06-30T00:02:09,110910, 143771, 100, 63
2026-06-30T00:02:10,110910, 143771, 100, 66
2026-06-30T00:02:11,110910, 143771, 100, 66
2026-06-30T00:02:12,110910, 143771, 100, 66
2026-06-30T00:02:13,110910, 143771, 100, 64
2026-06-30T00:02:14,110910, 143771, 100, 64
2026-06-30T00:02:15,110910, 143771, 100, 64
2026-06-30T00:02:16,110910, 143771, 100, 64
2026-06-30T00:02:17,110910, 143771, 100, 65
2026-06-30T00:02:18,110910, 143771, 100, 65
2026-06-30T00:02:19,110910, 143771, 97, 61
2026-06-30T00:02:20,110910, 143771, 100, 64
2026-06-30T00:02:21,110910, 143771, 100, 63
2026-06-30T00:02:22,110910, 143771, 100, 64
2026-06-30T00:02:23,110910, 143771, 100, 66
2026-06-30T00:02:24,110910, 143771, 100, 66
2026-06-30T00:02:25,110910, 143771, 100, 66
2026-06-30T00:02:26,110910, 143771, 100, 63
2026-06-30T00:02:27,110910, 143771, 100, 64
2026-06-30T00:02:28,110910, 143771, 100, 64
2026-06-30T00:02:29,110910, 143771, 100, 63
2026-06-30T00:02:30,110910, 143771, 100, 64
2026-06-30T00:02:31,110910, 143771, 100, 66
2026-06-30T00:02:32,110910, 143771, 100, 65
2026-06-30T00:02:33,110910, 143771, 97, 65
2026-06-30T00:02:34,110910, 143771, 100, 64
2026-06-30T00:02:35,110910, 143771, 100, 63
2026-06-30T00:02:36,110910, 143771, 100, 61
2026-06-30T00:02:37,110910, 143771, 100, 65
2026-06-30T00:02:38,110910, 143771, 100, 65
2026-06-30T00:02:40,110910, 143771, 100, 66
2026-06-30T00:02:41,110910, 143771, 100, 64
2026-06-30T00:02:42,110910, 143771, 100, 64
2026-06-30T00:02:43,110910, 143771, 100, 64
2026-06-30T00:02:44,110910, 143771, 100, 66
2026-06-30T00:02:45,110910, 143771, 100, 64
2026-06-30T00:02:46,110910, 143771, 100, 66
2026-06-30T00:02:47,110910, 143771, 100, 64
2026-06-30T00:02:48,110910, 143771, 97, 65
2026-06-30T00:02:49,110910, 143771, 100, 64
2026-06-30T00:02:50,110910, 143771, 100, 65
2026-06-30T00:02:51,110910, 143771, 100, 61
2026-06-30T00:02:52,110910, 143771, 100, 66
2026-06-30T00:02:53,110910, 143771, 100, 66
2026-06-30T00:02:54,110910, 143771, 100, 65
2026-06-30T00:02:55,110910, 143771, 100, 64
2026-06-30T00:02:56,110910, 143771, 100, 64
2026-06-30T00:02:57,110910, 143771, 100, 66
2026-06-30T00:02:58,110910, 143771, 100, 65
2026-06-30T00:02:59,110910, 143771, 100, 65
2026-06-30T00:03:00,110910, 143771, 100, 66
2026-06-30T00:03:01,110910, 143771, 100, 63
2026-06-30T00:03:02,110910, 143771, 97, 65
2026-06-30T00:03:03,110910, 143771, 100, 64
2026-06-30T00:03:04,110910, 143771, 100, 65
2026-06-30T00:03:05,110910, 143771, 100, 61
2026-06-30T00:03:06,110910, 143771, 100, 66
2026-06-30T00:03:07,110910, 143771, 100, 63
2026-06-30T00:03:08,110910, 143771, 100, 64
2026-06-30T00:03:09,110910, 143771, 100, 64
2026-06-30T00:03:10,110910, 143771, 100, 65
2026-06-30T00:03:11,110910, 143771, 100, 66
2026-06-30T00:03:12,110910, 143771, 100, 65
2026-06-30T00:03:14,110910, 143771, 100, 65
2026-06-30T00:03:15,110910, 143771, 100, 64
2026-06-30T00:03:16,110910, 143771, 100, 64
2026-06-30T00:03:17,110910, 143771, 100, 65
2026-06-30T00:03:18,110910, 143771, 100, 66
2026-06-30T00:03:19,110910, 143771, 100, 65
2026-06-30T00:03:20,110910, 143771, 97, 61
2026-06-30T00:03:21,110910, 143771, 100, 64
2026-06-30T00:03:22,110910, 143771, 100, 64
2026-06-30T00:03:23,110910, 143771, 100, 64
2026-06-30T00:03:24,110910, 143771, 100, 65
2026-06-30T00:03:25,110910, 143771, 100, 64
2026-06-30T00:03:26,110910, 143771, 100, 66
2026-06-30T00:03:27,110910, 143771, 100, 66
2026-06-30T00:03:28,110910, 143771, 100, 65
2026-06-30T00:03:29,110910, 143771, 100, 64
2026-06-30T00:03:30,110910, 143771, 100, 63
2026-06-30T00:03:31,110910, 143771, 100, 64
2026-06-30T00:03:32,110910, 143771, 100, 65
2026-06-30T00:03:33,110910, 143771, 100, 66
2026-06-30T00:03:34,110910, 143771, 96, 65
2026-06-30T00:03:35,110910, 143771, 100, 64
2026-06-30T00:03:36,110910, 143771, 100, 64
2026-06-30T00:03:37,110910, 143771, 100, 61
2026-06-30T00:03:38,110910, 143771, 100, 65
2026-06-30T00:03:39,110910, 143771, 100, 65
2026-06-30T00:03:40,110910, 143771, 100, 66
2026-06-30T00:03:41,110910, 143771, 100, 63
2026-06-30T00:03:42,110910, 143771, 100, 64
2026-06-30T00:03:43,110910, 143771, 100, 64
2026-06-30T00:03:44,110910, 143771, 100, 65
2026-06-30T00:03:45,110910, 143771, 100, 64
2026-06-30T00:03:46,110910, 143771, 100, 65
2026-06-30T00:03:48,110910, 143771, 100, 63
2026-06-30T00:03:49,110910, 143771, 97, 65
2026-06-30T00:03:50,110910, 143771, 100, 64
2026-06-30T00:03:51,110910, 143771, 100, 64
2026-06-30T00:03:52,110910, 143771, 100, 61
2026-06-30T00:03:53,110910, 143771, 100, 66
2026-06-30T00:03:54,110910, 143771, 100, 65
2026-06-30T00:03:55,110910, 143771, 100, 64
2026-06-30T00:03:56,110910, 143771, 100, 63
2026-06-30T00:03:57,110910, 143771, 100, 65
2026-06-30T00:03:58,110910, 143771, 100, 64
2026-06-30T00:03:59,110910, 143771, 100, 64
2026-06-30T00:04:00,110910, 143771, 100, 64
2026-06-30T00:04:01,110910, 143771, 100, 66
2026-06-30T00:04:02,110910, 143771, 100, 65
2026-06-30T00:04:03,110910, 143771, 97, 65
2026-06-30T00:04:04,110910, 143771, 100, 65
2026-06-30T00:04:05,110910, 143771, 100, 65
2026-06-30T00:04:06,110910, 143771, 100, 65
2026-06-30T00:04:07,110910, 143771, 100, 65
2026-06-30T00:04:08,110910, 143771, 100, 69
2026-06-30T00:04:09,110910, 143771, 100, 64
2026-06-30T00:04:10,110910, 143771, 100, 64
2026-06-30T00:04:11,110910, 143771, 100, 65
2026-06-30T00:04:12,110910, 143771, 100, 66
2026-06-30T00:04:13,110910, 143771, 100, 66
2026-06-30T00:04:14,110910, 143771, 100, 64
2026-06-30T00:04:15,110910, 143771, 100, 65
2026-06-30T00:04:16,110910, 143771, 100, 63
2026-06-30T00:04:17,110910, 143771, 100, 64
2026-06-30T00:04:18,110910, 143771, 100, 66
2026-06-30T00:04:19,110910, 143771, 100, 67
2026-06-30T00:04:20,110910, 143771, 97, 66
2026-06-30T00:04:22,110910, 143771, 100, 64
2026-06-30T00:04:23,110910, 143771, 100, 69
2026-06-30T00:04:24,110910, 143771, 100, 64
2026-06-30T00:04:25,110910, 143771, 100, 64
2026-06-30T00:04:26,110910, 143771, 100, 65
2026-06-30T00:04:27,110910, 143771, 100, 66
2026-06-30T00:04:28,110910, 143771, 100, 65
2026-06-30T00:04:29,110910, 143771, 100, 65
2026-06-30T00:04:30,110910, 143771, 100, 64
2026-06-30T00:04:31,110910, 143771, 100, 64
2026-06-30T00:04:32,110910, 143771, 100, 64
2026-06-30T00:04:33,110910, 143771, 100, 66
2026-06-30T00:04:34,110910, 143771, 100, 67
2026-06-30T00:04:35,110910, 143771, 97, 64
2026-06-30T00:04:36,110910, 143771, 100, 64
2026-06-30T00:04:37,110910, 143771, 100, 69
2026-06-30T00:04:38,110910, 143771, 100, 64
2026-06-30T00:04:39,110910, 143771, 100, 65
2026-06-30T00:04:40,110910, 143771, 100, 65
2026-06-30T00:04:41,110910, 143771, 100, 66
2026-06-30T00:04:42,110910, 143771, 100, 64
2026-06-30T00:04:43,110910, 143771, 100, 65
2026-06-30T00:04:44,110910, 143771, 100, 64
2026-06-30T00:04:45,110910, 143771, 100, 66
2026-06-30T00:04:46,110910, 143771, 100, 64
2026-06-30T00:04:47,110910, 143771, 100, 66
2026-06-30T00:04:48,110910, 143771, 100, 63
2026-06-30T00:04:49,110910, 143771, 97, 65
2026-06-30T00:04:50,110910, 143771, 100, 64
2026-06-30T00:04:51,110910, 143771, 100, 69
2026-06-30T00:04:52,110910, 143771, 100, 66
2026-06-30T00:04:53,110910, 143771, 100, 65
2026-06-30T00:04:55,110910, 143771, 100, 65
2026-06-30T00:04:56,110910, 143771, 100, 64
2026-06-30T00:04:57,110910, 143771, 100, 64
2026-06-30T00:04:58,110910, 143771, 100, 65
2026-06-30T00:04:59,110910, 143771, 100, 66
2026-06-30T00:05:00,110910, 143771, 100, 64
2026-06-30T00:05:01,110910, 143771, 100, 64
2026-06-30T00:05:02,110910, 143771, 100, 66
2026-06-30T00:05:03,110910, 143771, 100, 63
2026-06-30T00:05:04,110910, 143771, 97, 64
2026-06-30T00:05:05,110910, 143771, 100, 64
2026-06-30T00:05:06,110910, 143771, 100, 66
2026-06-30T00:05:07,110910, 143771, 100, 66
2026-06-30T00:05:08,110910, 143771, 100, 66
2026-06-30T00:05:09,110910, 143771, 100, 65
2026-06-30T00:05:10,110910, 143771, 100, 64
2026-06-30T00:05:11,110910, 143771, 100, 64
2026-06-30T00:05:12,110910, 143771, 100, 65
2026-06-30T00:05:13,110910, 143771, 100, 66
2026-06-30T00:05:14,110910, 143771, 100, 66
2026-06-30T00:05:15,110910, 143771, 100, 64
2026-06-30T00:05:16,110910, 143771, 100, 64
2026-06-30T00:05:17,110910, 143771, 100, 63
2026-06-30T00:05:18,110910, 143771, 100, 64
2026-06-30T00:05:19,110910, 143771, 100, 66
2026-06-30T00:05:20,110910, 143771, 100, 66
2026-06-30T00:05:21,110910, 143771, 97, 66
2026-06-30T00:05:22,110910, 143771, 100, 64
2026-06-30T00:05:23,110910, 143771, 100, 69
2026-06-30T00:05:24,110910, 143771, 100, 65
2026-06-30T00:05:25,110910, 143771, 100, 66
2026-06-30T00:05:26,110910, 143771, 100, 65
2026-06-30T00:05:27,110910, 143771, 100, 65
2026-06-30T00:05:29,110910, 143771, 100, 64
2026-06-30T00:05:30,110910, 143771, 100, 66
2026-06-30T00:05:31,110910, 143771, 100, 66
2026-06-30T00:05:32,110910, 143771, 100, 64
2026-06-30T00:05:33,110910, 143771, 100, 64
2026-06-30T00:05:34,110910, 143771, 100, 64
2026-06-30T00:05:35,110910, 143771, 100, 66
2026-06-30T00:05:36,110910, 143771, 97, 64
2026-06-30T00:05:37,110910, 143771, 100, 66
2026-06-30T00:05:38,110910, 143771, 100, 66
2026-06-30T00:05:39,110910, 143771, 100, 64
2026-06-30T00:05:40,110910, 143771, 100, 64
2026-06-30T00:05:41,110910, 143771, 100, 64
2026-06-30T00:05:42,110910, 143771, 100, 64
2026-06-30T00:05:43,110910, 143771, 100, 66
2026-06-30T00:05:44,110910, 143771, 100, 66
2026-06-30T00:05:45,110910, 143771, 100, 66
2026-06-30T00:05:46,110910, 143771, 100, 64
2026-06-30T00:05:47,110910, 143771, 100, 65
2026-06-30T00:05:48,110910, 143771, 100, 64
2026-06-30T00:05:49,110910, 143771, 100, 64
2026-06-30T00:05:50,110910, 143771, 97, 63
2026-06-30T00:05:51,110910, 143771, 100, 66
2026-06-30T00:05:52,110910, 143771, 100, 67
2026-06-30T00:05:53,110910, 143771, 100, 64
2026-06-30T00:05:54,110910, 143771, 100, 64
2026-06-30T00:05:55,110910, 143771, 100, 64
2026-06-30T00:05:56,110910, 143771, 100, 66
2026-06-30T00:05:57,110910, 143771, 100, 66
2026-06-30T00:05:58,110910, 143771, 100, 66
2026-06-30T00:05:59,110910, 143771, 100, 64
2026-06-30T00:06:00,110910, 143771, 100, 64
2026-06-30T00:06:02,110910, 143771, 100, 65
2026-06-30T00:06:03,110910, 143771, 100, 64
2026-06-30T00:06:04,110910, 143771, 100, 64
2026-06-30T00:06:05,110910, 143771, 97, 61
2026-06-30T00:06:06,110910, 143771, 100, 64
2026-06-30T00:06:07,110910, 143771, 100, 62
2026-06-30T00:06:08,110910, 143771, 100, 64
2026-06-30T00:06:09,110910, 143771, 100, 66
2026-06-30T00:06:10,110910, 143771, 100, 66
2026-06-30T00:06:11,110910, 143771, 100, 66
2026-06-30T00:06:12,110910, 143771, 100, 66
2026-06-30T00:06:13,110910, 143771, 100, 64
2026-06-30T00:06:14,110910, 143771, 100, 64
2026-06-30T00:06:15,110910, 143771, 100, 64
2026-06-30T00:06:16,110910, 143771, 100, 64
2026-06-30T00:06:17,110910, 143771, 100, 63
2026-06-30T00:06:18,110910, 143771, 100, 65
2026-06-30T00:06:19,110910, 143771, 97, 65
2026-06-30T00:06:20,110910, 143771, 100, 65
2026-06-30T00:06:21,110910, 143771, 100, 67
2026-06-30T00:06:22,110910, 143771, 100, 63
2026-06-30T00:06:23,110910, 143771, 100, 64
2026-06-30T00:06:24,110910, 143771, 100, 65
2026-06-30T00:06:25,110910, 143771, 100, 65
2026-06-30T00:06:26,110910, 143771, 100, 64
2026-06-30T00:06:27,110910, 143771, 100, 64
2026-06-30T00:06:28,110910, 143771, 100, 66
2026-06-30T00:06:29,110910, 143771, 100, 64
2026-06-30T00:06:30,110910, 143771, 100, 64
2026-06-30T00:06:31,110910, 143771, 100, 64
2026-06-30T00:06:32,110910, 143771, 100, 64
2026-06-30T00:06:33,110910, 143771, 97, 63
2026-06-30T00:06:34,110910, 143771, 100, 65
2026-06-30T00:06:36,110910, 143771, 100, 65
2026-06-30T00:06:37,110910, 143771, 100, 65
2026-06-30T00:06:38,110910, 143771, 100, 65
2026-06-30T00:06:39,110910, 143771, 100, 64
2026-06-30T00:06:40,110910, 143771, 100, 63
2026-06-30T00:06:41,110910, 143771, 100, 64
2026-06-30T00:06:42,110910, 143771, 100, 64
2026-06-30T00:06:43,110910, 143771, 100, 64
2026-06-30T00:06:44,110910, 143771, 100, 63
2026-06-30T00:06:45,110910, 143771, 100, 65
2026-06-30T00:06:46,110910, 143771, 100, 66
2026-06-30T00:06:47,110910, 143771, 100, 65
2026-06-30T00:06:48,110910, 143771, 100, 61
2026-06-30T00:06:49,110910, 143771, 100, 66
2026-06-30T00:06:50,110910, 143771, 100, 63
2026-06-30T00:06:51,110910, 143771, 100, 65
2026-06-30T00:06:52,110910, 143771, 100, 63
2026-06-30T00:06:53,110910, 143771, 100, 64
2026-06-30T00:06:54,110910, 143771, 100, 64
2026-06-30T00:06:55,110910, 143771, 100, 64
2026-06-30T00:06:56,110910, 143771, 100, 65
2026-06-30T00:06:57,110910, 143771, 100, 64
2026-06-30T00:06:58,110910, 143771, 100, 63
2026-06-30T00:06:59,110910, 143771, 100, 64
2026-06-30T00:07:00,110910, 143771, 100, 66
2026-06-30T00:07:01,110910, 143771, 100, 66
2026-06-30T00:07:02,110910, 143771, 96, 66
2026-06-30T00:07:03,110910, 143771, 100, 64
2026-06-30T00:07:04,110910, 143771, 100, 69
2026-06-30T00:07:05,110910, 143771, 100, 64
2026-06-30T00:07:06,110910, 143771, 100, 66
2026-06-30T00:07:07,110910, 143771, 100, 64
2026-06-30T00:07:09,110910, 143771, 100, 66
2026-06-30T00:07:10,110910, 143771, 100, 64
2026-06-30T00:07:11,110910, 143771, 100, 65
2026-06-30T00:07:12,110910, 143771, 100, 63
2026-06-30T00:07:13,110910, 143771, 100, 65
2026-06-30T00:07:14,110910, 143771, 100, 64
2026-06-30T00:07:15,110910, 143771, 100, 64
2026-06-30T00:07:16,110910, 143771, 100, 68
2026-06-30T00:07:17,110910, 143771, 97, 63
2026-06-30T00:07:18,110910, 143771, 100, 63
2026-06-30T00:07:19,110910, 143771, 100, 65
2026-06-30T00:07:20,110910, 143771, 100, 66
2026-06-30T00:07:21,110910, 143771, 100, 66
2026-06-30T00:07:22,110910, 143771, 100, 64
2026-06-30T00:07:23,110910, 143771, 100, 64
2026-06-30T00:07:24,110910, 143771, 100, 64
2026-06-30T00:07:25,110910, 143771, 100, 64
2026-06-30T00:07:26,110910, 143771, 100, 63
2026-06-30T00:07:27,110910, 143771, 100, 63
2026-06-30T00:07:28,110910, 143771, 100, 65
2026-06-30T00:07:29,110910, 143771, 100, 66
2026-06-30T00:07:30,110910, 143771, 100, 65
2026-06-30T00:07:31,110910, 143771, 100, 61
2026-06-30T00:07:32,110910, 143771, 100, 66
2026-06-30T00:07:33,110910, 143771, 100, 63
2026-06-30T00:07:34,110910, 143771, 100, 64
2026-06-30T00:07:35,110910, 143771, 100, 63
2026-06-30T00:07:36,110910, 143771, 100, 66
2026-06-30T00:07:37,110910, 143771, 100, 66
2026-06-30T00:07:38,110910, 143771, 100, 66
2026-06-30T00:07:39,110910, 143771, 100, 65
2026-06-30T00:07:40,110910, 143771, 100, 64
2026-06-30T00:07:41,110910, 143771, 100, 63
2026-06-30T00:07:43,110910, 143771, 100, 65
2026-06-30T00:07:44,110910, 143771, 100, 65
2026-06-30T00:07:45,110910, 143771, 100, 65
2026-06-30T00:07:46,110910, 143771, 97, 62
2026-06-30T00:07:47,110910, 143771, 100, 64
2026-06-30T00:07:48,110910, 143771, 100, 63
2026-06-30T00:07:49,110910, 143771, 100, 65
2026-06-30T00:07:50,110910, 143771, 100, 66
2026-06-30T00:07:51,110910, 143771, 100, 65
2026-06-30T00:07:52,110910, 143771, 100, 65
2026-06-30T00:07:53,110910, 143771, 100, 65
2026-06-30T00:07:54,110910, 143771, 100, 64
2026-06-30T00:07:55,110910, 143771, 100, 65
2026-06-30T00:07:56,110910, 143771, 100, 63
2026-06-30T00:07:57,110910, 143771, 100, 65
2026-06-30T00:07:58,110910, 143771, 100, 66
2026-06-30T00:07:59,110910, 143771, 100, 65
2026-06-30T00:08:00,110910, 143771, 97, 65
2026-06-30T00:08:01,110910, 143771, 100, 64
2026-06-30T00:08:02,110910, 143771, 100, 63
2026-06-30T00:08:03,110910, 143771, 100, 65
2026-06-30T00:08:04,110910, 143771, 100, 66
2026-06-30T00:08:05,110910, 143771, 100, 66
2026-06-30T00:08:06,110910, 143771, 100, 66
2026-06-30T00:08:07,110910, 143771, 100, 64
2026-06-30T00:08:08,110910, 143771, 100, 64
2026-06-30T00:08:09,110910, 143771, 100, 64
2026-06-30T00:08:10,110910, 143771, 100, 65
2026-06-30T00:08:11,110910, 143771, 100, 65
2026-06-30T00:08:12,110910, 143771, 100, 66
2026-06-30T00:08:13,110910, 143771, 100, 63
2026-06-30T00:08:14,110910, 143771, 97, 65
2026-06-30T00:08:15,110910, 143771, 100, 64
2026-06-30T00:08:17,110910, 143771, 100, 64
2026-06-30T00:08:18,110910, 143771, 100, 61
2026-06-30T00:08:19,110910, 143771, 100, 65
2026-06-30T00:08:20,110910, 143771, 100, 66
2026-06-30T00:08:21,110910, 143771, 100, 64
2026-06-30T00:08:22,110910, 143771, 100, 64
2026-06-30T00:08:23,110910, 143771, 100, 64
2026-06-30T00:08:24,110910, 143771, 100, 66
2026-06-30T00:08:25,110910, 143771, 100, 66
2026-06-30T00:08:26,110910, 143771, 100, 64
2026-06-30T00:08:27,110910, 143771, 100, 66
2026-06-30T00:08:28,110910, 143771, 100, 64
2026-06-30T00:08:29,110910, 143771, 97, 65
2026-06-30T00:08:30,110910, 143771, 100, 64
2026-06-30T00:08:31,110910, 143771, 100, 66
2026-06-30T00:08:32,110910, 143771, 100, 61
2026-06-30T00:08:33,110910, 143771, 100, 66
2026-06-30T00:08:34,110910, 143771, 100, 63
2026-06-30T00:08:35,110910, 143771, 100, 64
2026-06-30T00:08:36,110910, 143771, 100, 64
2026-06-30T00:08:37,110910, 143771, 100, 66
2026-06-30T00:08:38,110910, 143771, 100, 66
2026-06-30T00:08:39,110910, 143771, 100, 65
2026-06-30T00:08:40,110910, 143771, 100, 64
2026-06-30T00:08:41,110910, 143771, 100, 64
2026-06-30T00:08:42,110910, 143771, 100, 64
2026-06-30T00:08:43,110910, 143771, 100, 65
2026-06-30T00:08:44,110910, 143771, 100, 66
2026-06-30T00:08:45,110910, 143771, 100, 65
2026-06-30T00:08:46,110910, 143771, 97, 61
2026-06-30T00:08:47,110910, 143771, 100, 64
2026-06-30T00:08:48,110910, 143771, 100, 63
2026-06-30T00:08:49,110910, 143771, 100, 64
2026-06-30T00:08:51,110910, 143771, 100, 66
2026-06-30T00:08:52,110910, 143771, 100, 65
2026-06-30T00:08:53,110910, 143771, 100, 66
2026-06-30T00:08:54,110910, 143771, 100, 66
2026-06-30T00:08:55,110910, 143771, 100, 64
2026-06-30T00:08:56,110910, 143771, 100, 64
2026-06-30T00:08:57,110910, 143771, 100, 63
2026-06-30T00:08:58,110910, 143771, 100, 64
2026-06-30T00:08:59,110910, 143771, 100, 66
2026-06-30T00:09:00,110910, 143771, 100, 65
2026-06-30T00:09:01,110910, 143771, 97, 65
2026-06-30T00:09:02,110910, 143771, 100, 64
2026-06-30T00:09:03,110910, 143771, 100, 65
2026-06-30T00:09:04,110910, 143771, 100, 61
2026-06-30T00:09:05,110910, 143771, 100, 65
2026-06-30T00:09:06,110910, 143771, 100, 66
2026-06-30T00:09:07,110910, 143771, 100, 65
2026-06-30T00:09:08,110910, 143771, 100, 64
2026-06-30T00:09:09,110910, 143771, 100, 64
2026-06-30T00:09:10,110910, 143771, 100, 66
2026-06-30T00:09:11,110910, 143771, 100, 63
2026-06-30T00:09:12,110910, 143771, 100, 64
2026-06-30T00:09:13,110910, 143771, 100, 64
2026-06-30T00:09:14,110910, 143771, 100, 64
2026-06-30T00:09:15,110910, 143771, 97, 64
2026-06-30T00:09:16,110910, 143771, 100, 66
2026-06-30T00:09:17,110910, 143771, 100, 67
2026-06-30T00:09:18,110910, 143771, 100, 64
2026-06-30T00:09:19,110910, 143771, 100, 63
2026-06-30T00:09:20,110910, 143771, 100, 65
2026-06-30T00:09:21,110910, 143771, 100, 66
2026-06-30T00:09:22,110910, 143771, 100, 66
2026-06-30T00:09:23,110910, 143771, 100, 65
2026-06-30T00:09:25,110910, 143771, 100, 65
2026-06-30T00:09:26,110910, 143771, 100, 64
2026-06-30T00:09:27,110910, 143771, 100, 64
2026-06-30T00:09:28,110910, 143771, 100, 64
2026-06-30T00:09:29,110910, 143771, 100, 65
2026-06-30T00:09:30,110910, 143771, 97, 65
2026-06-30T00:09:31,110910, 143771, 100, 66
2026-06-30T00:09:32,110910, 143771, 100, 65
2026-06-30T00:09:33,110910, 143771, 100, 64
2026-06-30T00:09:34,110910, 143771, 100, 63
2026-06-30T00:09:35,110910, 143771, 100, 67
2026-06-30T00:09:36,110910, 143771, 100, 66
2026-06-30T00:09:37,110910, 143771, 100, 66
2026-06-30T00:09:38,110910, 143771, 100, 65
2026-06-30T00:09:39,110910, 143771, 100, 64
2026-06-30T00:09:40,110910, 143771, 100, 64
2026-06-30T00:09:41,110910, 143771, 100, 64
2026-06-30T00:09:42,110910, 143771, 100, 65
2026-06-30T00:09:43,110910, 143771, 100, 65
2026-06-30T00:09:44,110910, 143771, 100, 64
2026-06-30T00:09:45,110910, 143771, 100, 66
2026-06-30T00:09:46,110910, 143771, 100, 66
2026-06-30T00:09:47,110910, 143771, 100, 66
2026-06-30T00:09:48,110910, 143771, 100, 64
2026-06-30T00:09:49,110910, 143771, 100, 69
2026-06-30T00:09:50,110910, 143771, 100, 64
2026-06-30T00:09:51,110910, 143771, 100, 64
2026-06-30T00:09:52,110910, 143771, 100, 65
2026-06-30T00:09:53,110910, 143771, 100, 66
2026-06-30T00:09:54,110910, 143771, 100, 65
2026-06-30T00:09:55,110910, 143771, 100, 65
2026-06-30T00:09:56,110910, 143771, 100, 64
2026-06-30T00:09:58,110910, 143771, 100, 63
2026-06-30T00:09:59,110910, 143771, 100, 64
2026-06-30T00:10:00,110910, 143771, 100, 65
2026-06-30T00:10:01,110910, 143771, 100, 66
2026-06-30T00:10:02,110910, 143771, 97, 66
2026-06-30T00:10:03,110910, 143771, 100, 64
2026-06-30T00:10:04,110910, 143771, 100, 69
2026-06-30T00:10:05,110910, 143771, 100, 64
2026-06-30T00:10:06,110910, 143771, 100, 66
2026-06-30T00:10:07,110910, 143771, 100, 65
2026-06-30T00:10:08,110910, 143771, 100, 66
2026-06-30T00:10:09,110910, 143771, 100, 64
2026-06-30T00:10:10,110910, 143771, 100, 65
2026-06-30T00:10:11,110910, 143771, 100, 64
2026-06-30T00:10:12,110910, 143771, 100, 66
2026-06-30T00:10:13,110910, 143771, 100, 64
2026-06-30T00:10:14,110910, 143771, 100, 66
2026-06-30T00:10:15,110910, 143771, 100, 66
2026-06-30T00:10:16,110910, 143771, 97, 63
2026-06-30T00:10:17,110910, 143771, 100, 64
2026-06-30T00:10:18,110910, 143771, 100, 68
2026-06-30T00:10:19,110910, 143771, 100, 65
2026-06-30T00:10:20,110910, 143771, 100, 63
2026-06-30T00:10:21,110910, 143771, 100, 64
2026-06-30T00:10:22,110910, 143771, 100, 66
2026-06-30T00:10:23,110910, 143771, 100, 66
2026-06-30T00:10:24,110910, 143771, 100, 65
2026-06-30T00:10:25,110910, 143771, 100, 64
2026-06-30T00:10:26,110910, 143771, 100, 64
2026-06-30T00:10:27,110910, 143771, 100, 64
2026-06-30T00:10:28,110910, 143771, 100, 64
2026-06-30T00:10:29,110910, 143771, 100, 64
2026-06-30T00:10:30,110910, 143771, 97, 62
2026-06-30T00:10:32,110910, 143771, 100, 64
2026-06-30T00:10:33,110910, 143771, 100, 62
2026-06-30T00:10:34,110910, 143771, 100, 66
2026-06-30T00:10:35,110910, 143771, 100, 66
2026-06-30T00:10:36,110910, 143771, 100, 65
2026-06-30T00:10:37,110910, 143771, 100, 64
2026-06-30T00:10:38,110910, 143771, 100, 64
2026-06-30T00:10:39,110910, 143771, 100, 65
2026-06-30T00:10:40,110910, 143771, 100, 66
2026-06-30T00:10:41,110910, 143771, 100, 66
2026-06-30T00:10:42,110910, 143771, 100, 64
2026-06-30T00:10:43,110910, 143771, 100, 64
2026-06-30T00:10:44,110910, 143771, 100, 65
2026-06-30T00:10:45,110910, 143771, 100, 62
2026-06-30T00:10:46,110910, 143771, 100, 65
2026-06-30T00:10:47,110910, 143771, 100, 62
2026-06-30T00:10:48,110910, 143771, 100, 66
2026-06-30T00:10:49,110910, 143771, 100, 66
2026-06-30T00:10:50,110910, 143771, 100, 66
2026-06-30T00:10:51,110910, 143771, 100, 65
2026-06-30T00:10:52,110910, 143771, 100, 64
2026-06-30T00:10:53,110910, 143771, 100, 64
2026-06-30T00:10:54,110910, 143771, 100, 66
2026-06-30T00:10:55,110910, 143771, 100, 65
2026-06-30T00:10:56,110910, 143771, 100, 65
2026-06-30T00:10:57,110910, 143771, 100, 64
2026-06-30T00:10:58,110910, 143771, 100, 64
2026-06-30T00:10:59,110910, 143771, 100, 61
2026-06-30T00:11:00,110910, 143771, 100, 66
2026-06-30T00:11:01,110910, 143771, 100, 62
2026-06-30T00:11:02,110910, 143771, 100, 66
2026-06-30T00:11:03,110910, 143771, 100, 64
2026-06-30T00:11:04,110910, 143771, 100, 65
2026-06-30T00:11:05,110910, 143771, 100, 64
2026-06-30T00:11:07,110910, 143771, 100, 66
2026-06-30T00:11:08,110910, 143771, 100, 65
2026-06-30T00:11:09,110910, 143771, 100, 64
2026-06-30T00:11:10,110910, 143771, 100, 63
2026-06-30T00:11:11,110910, 143771, 100, 64
2026-06-30T00:11:12,110910, 143771, 100, 66
2026-06-30T00:11:13,110910, 143771, 100, 65
2026-06-30T00:11:14,110910, 143771, 97, 65
2026-06-30T00:11:15,110910, 143771, 100, 64
2026-06-30T00:11:16,110910, 143771, 100, 63
2026-06-30T00:11:17,110910, 143771, 100, 61
2026-06-30T00:11:18,110910, 143771, 100, 66
2026-06-30T00:11:19,110910, 143771, 100, 65
2026-06-30T00:11:20,110910, 143771, 100, 66
2026-06-30T00:11:21,110910, 143771, 100, 64
2026-06-30T00:11:22,110910, 143771, 100, 64
2026-06-30T00:11:23,110910, 143771, 100, 64
2026-06-30T00:11:24,110910, 143771, 100, 66
2026-06-30T00:11:25,110910, 143771, 100, 65
2026-06-30T00:11:26,110910, 143771, 100, 66
2026-06-30T00:11:27,110910, 143771, 100, 63
2026-06-30T00:11:28,110910, 143771, 97, 65
2026-06-30T00:11:29,110910, 143771, 100, 64
2026-06-30T00:11:30,110910, 143771, 100, 65
2026-06-30T00:11:31,110910, 143771, 100, 61
2026-06-30T00:11:32,110910, 143771, 100, 66
2026-06-30T00:11:33,110910, 143771, 100, 66
2026-06-30T00:11:34,110910, 143771, 100, 65
2026-06-30T00:11:35,110910, 143771, 100, 63
2026-06-30T00:11:36,110910, 143771, 100, 64
2026-06-30T00:11:37,110910, 143771, 100, 66
2026-06-30T00:11:38,110910, 143771, 100, 65
2026-06-30T00:11:40,110910, 143771, 100, 65
2026-06-30T00:11:41,110910, 143771, 100, 64
2026-06-30T00:11:42,110910, 143771, 100, 63
2026-06-30T00:11:43,110910, 143771, 97, 65
2026-06-30T00:11:44,110910, 143771, 100, 64
2026-06-30T00:11:45,110910, 143771, 100, 65
2026-06-30T00:11:46,110910, 143771, 100, 61
2026-06-30T00:11:47,110910, 143771, 100, 65
2026-06-30T00:11:48,110910, 143771, 100, 63
2026-06-30T00:11:49,110910, 143771, 100, 65
2026-06-30T00:11:50,110910, 143771, 100, 64
2026-06-30T00:11:51,110910, 143771, 100, 65
2026-06-30T00:11:52,110910, 143771, 100, 66
2026-06-30T00:11:53,110910, 143771, 100, 66
2026-06-30T00:11:54,110910, 143771, 100, 65
2026-06-30T00:11:55,110910, 143771, 100, 63
2026-06-30T00:11:56,110910, 143771, 100, 63
2026-06-30T00:11:57,110910, 143771, 100, 64
2026-06-30T00:11:58,110910, 143771, 100, 64
2026-06-30T00:11:59,110910, 143771, 100, 66
2026-06-30T00:12:00,110910, 143771, 97, 65
2026-06-30T00:12:01,110910, 143771, 100, 64
2026-06-30T00:12:02,110910, 143771, 100, 69
2026-06-30T00:12:03,110910, 143771, 100, 64
2026-06-30T00:12:04,110910, 143771, 100, 65
2026-06-30T00:12:05,110910, 143771, 100, 65
2026-06-30T00:12:06,110910, 143771, 100, 66
2026-06-30T00:12:07,110910, 143771, 100, 64
2026-06-30T00:12:08,110910, 143771, 100, 65
2026-06-30T00:12:09,110910, 143771, 100, 64
2026-06-30T00:12:10,110910, 143771, 100, 63
2026-06-30T00:12:11,110910, 143771, 100, 64
2026-06-30T00:12:12,110910, 143771, 100, 66
2026-06-30T00:12:14,110910, 143771, 100, 66
2026-06-30T00:12:15,110910, 143771, 97, 64
2026-06-30T00:12:16,110910, 143771, 100, 64
2026-06-30T00:12:17,110910, 143771, 100, 69
2026-06-30T00:12:18,110910, 143771, 100, 65
2026-06-30T00:12:19,110910, 143771, 100, 66
2026-06-30T00:12:20,110910, 143771, 100, 64
2026-06-30T00:12:21,110910, 143771, 100, 66
2026-06-30T00:12:22,110910, 143771, 100, 64
2026-06-30T00:12:23,110910, 143771, 100, 65
2026-06-30T00:12:24,110910, 143771, 100, 64
2026-06-30T00:12:25,110910, 143771, 100, 65
2026-06-30T00:12:26,110910, 143771, 100, 64
2026-06-30T00:12:27,110910, 143771, 100, 66
2026-06-30T00:12:28,110910, 143771, 100, 63
2026-06-30T00:12:29,110910, 143771, 97, 63
2026-06-30T00:12:30,110910, 143771, 100, 64
2026-06-30T00:12:31,110910, 143771, 100, 67
2026-06-30T00:12:32,110910, 143771, 100, 64
2026-06-30T00:12:33,110910, 143771, 100, 65
2026-06-30T00:12:34,110910, 143771, 100, 64
2026-06-30T00:12:35,110910, 143771, 100, 64
2026-06-30T00:12:36,110910, 143771, 100, 64
2026-06-30T00:12:37,110910, 143771, 100, 65
2026-06-30T00:12:38,110910, 143771, 100, 66
2026-06-30T00:12:39,110910, 143771, 100, 65
2026-06-30T00:12:40,110910, 143771, 100, 64
2026-06-30T00:12:41,110910, 143771, 100, 64
2026-06-30T00:12:42,110910, 143771, 100, 65
2026-06-30T00:12:43,110910, 143771, 100, 61
2026-06-30T00:12:44,110910, 143771, 100, 64
2026-06-30T00:12:45,110910, 143771, 100, 62
2026-06-30T00:12:46,110910, 143771, 100, 64
2026-06-30T00:12:48,110910, 143771, 100, 64
2026-06-30T00:12:49,110910, 143771, 100, 65
2026-06-30T00:12:50,110910, 143771, 100, 65
2026-06-30T00:12:51,110910, 143771, 100, 65
2026-06-30T00:12:52,110910, 143771, 100, 64
2026-06-30T00:12:53,110910, 143771, 100, 64
2026-06-30T00:12:54,110910, 143771, 100, 64
2026-06-30T00:12:55,110910, 143771, 100, 65
2026-06-30T00:12:56,110910, 143771, 100, 66
2026-06-30T00:12:57,110910, 143771, 100, 65
2026-06-30T00:12:58,110910, 143771, 97, 61
2026-06-30T00:12:59,110910, 143771, 100, 64
2026-06-30T00:13:00,110910, 143771, 100, 64
2026-06-30T00:13:01,110910, 143771, 100, 65
2026-06-30T00:13:02,110910, 143771, 100, 66
2026-06-30T00:13:03,110910, 143771, 100, 66
2026-06-30T00:13:04,110910, 143771, 100, 66
2026-06-30T00:13:05,110910, 143771, 100, 66
2026-06-30T00:13:06,110910, 143771, 100, 64
2026-06-30T00:13:07,110910, 143771, 100, 64
2026-06-30T00:13:08,110910, 143771, 100, 63
2026-06-30T00:13:09,110910, 143771, 100, 65
2026-06-30T00:13:10,110910, 143771, 100, 65
2026-06-30T00:13:11,110910, 143771, 100, 65
2026-06-30T00:13:12,110910, 143771, 97, 65
2026-06-30T00:13:13,110910, 143771, 100, 63
2026-06-30T00:13:14,110910, 143771, 100, 64
2026-06-30T00:13:15,110910, 143771, 100, 64
2026-06-30T00:13:16,110910, 143771, 100, 63
2026-06-30T00:13:17,110910, 143771, 100, 64
2026-06-30T00:13:18,110910, 143771, 100, 65
2026-06-30T00:13:19,110910, 143771, 100, 64
2026-06-30T00:13:20,110910, 143771, 100, 65
2026-06-30T00:13:22,110910, 143771, 100, 64
2026-06-30T00:13:23,110910, 143771, 100, 66
2026-06-30T00:13:24,110910, 143771, 100, 65
2026-06-30T00:13:25,110910, 143771, 100, 64
2026-06-30T00:13:26,110910, 143771, 100, 64
2026-06-30T00:13:27,110910, 143771, 97, 63
2026-06-30T00:13:28,110910, 143771, 100, 65
2026-06-30T00:13:29,110910, 143771, 100, 66
2026-06-30T00:13:30,110910, 143771, 100, 64
2026-06-30T00:13:31,110910, 143771, 100, 63
2026-06-30T00:13:32,110910, 143771, 100, 65
2026-06-30T00:13:33,110910, 143771, 100, 66
2026-06-30T00:13:34,110910, 143771, 100, 66
2026-06-30T00:13:35,110910, 143771, 100, 66
2026-06-30T00:13:36,110910, 143771, 100, 64
2026-06-30T00:13:37,110910, 143771, 100, 64
2026-06-30T00:13:38,110910, 143771, 100, 64
2026-06-30T00:13:39,110910, 143771, 100, 64
2026-06-30T00:13:40,110910, 143771, 100, 64
2026-06-30T00:13:41,110910, 143771, 97, 63
2026-06-30T00:13:42,110910, 143771, 100, 66
2026-06-30T00:13:43,110910, 143771, 100, 67
2026-06-30T00:13:44,110910, 143771, 100, 64
2026-06-30T00:13:45,110910, 143771, 100, 64
2026-06-30T00:13:46,110910, 143771, 100, 67
2026-06-30T00:13:47,110910, 143771, 100, 66
2026-06-30T00:13:48,110910, 143771, 100, 65
2026-06-30T00:13:49,110910, 143771, 100, 64
2026-06-30T00:13:50,110910, 143771, 100, 64
2026-06-30T00:13:51,110910, 143771, 100, 64
2026-06-30T00:13:52,110910, 143771, 100, 65
2026-06-30T00:13:53,110910, 143771, 100, 65
2026-06-30T00:13:54,110910, 143771, 100, 64
2026-06-30T00:13:56,110910, 143771, 97, 60
2026-06-30T00:13:57,110910, 143771, 100, 64
2026-06-30T00:13:58,110910, 143771, 100, 65
2026-06-30T00:13:59,110910, 143771, 100, 64
2026-06-30T00:14:00,110910, 143771, 100, 66
2026-06-30T00:14:01,110910, 143771, 100, 65
2026-06-30T00:14:02,110910, 143771, 100, 66
2026-06-30T00:14:03,110910, 143771, 100, 66
2026-06-30T00:14:04,110910, 143771, 100, 64
2026-06-30T00:14:05,110910, 143771, 100, 64
2026-06-30T00:14:06,110910, 143771, 100, 63
2026-06-30T00:14:07,110910, 143771, 100, 65
2026-06-30T00:14:08,110910, 143771, 100, 64
2026-06-30T00:14:09,110910, 143771, 100, 65
2026-06-30T00:14:10,110910, 143771, 97, 65
2026-06-30T00:14:11,110910, 143771, 100, 66
2026-06-30T00:14:12,110910, 143771, 100, 70
2026-06-30T00:14:13,110910, 143771, 100, 63
2026-06-30T00:14:14,110910, 143771, 100, 64
2026-06-30T00:14:15,110910, 143771, 100, 65
2026-06-30T00:14:16,110910, 143771, 100, 66
2026-06-30T00:14:17,110910, 143771, 100, 65
2026-06-30T00:14:18,110910, 143771, 100, 65
2026-06-30T00:14:19,110910, 143771, 100, 65
2026-06-30T00:14:20,110910, 143771, 100, 66
2026-06-30T00:14:21,110910, 143771, 100, 64
2026-06-30T00:14:22,110910, 143771, 100, 66
2026-06-30T00:14:23,110910, 143771, 100, 63
2026-06-30T00:14:24,110910, 143771, 97, 64
2026-06-30T00:14:25,110910, 143771, 100, 64
2026-06-30T00:14:26,110910, 143771, 100, 69
2026-06-30T00:14:27,110910, 143771, 100, 66
2026-06-30T00:14:28,110910, 143771, 100, 66
2026-06-30T00:14:30,110910, 143771, 100, 65
2026-06-30T00:14:31,110910, 143771, 100, 65
2026-06-30T00:14:32,110910, 143771, 100, 64
2026-06-30T00:14:33,110910, 143771, 100, 64
2026-06-30T00:14:34,110910, 143771, 100, 64
2026-06-30T00:14:35,110910, 143771, 100, 64
2026-06-30T00:14:36,110910, 143771, 100, 65
2026-06-30T00:14:37,110910, 143771, 100, 64
2026-06-30T00:14:38,110910, 143771, 100, 64
2026-06-30T00:14:39,110910, 143771, 97, 64
2026-06-30T00:14:40,110910, 143771, 100, 66
2026-06-30T00:14:41,110910, 143771, 100, 68
2026-06-30T00:14:42,110910, 143771, 100, 64
2026-06-30T00:14:43,110910, 143771, 100, 63
2026-06-30T00:14:44,110910, 143771, 100, 66
2026-06-30T00:14:45,110910, 143771, 100, 66
2026-06-30T00:14:46,110910, 143771, 100, 66
2026-06-30T00:14:47,110910, 143771, 100, 66
2026-06-30T00:14:48,110910, 143771, 100, 64
2026-06-30T00:14:49,110910, 143771, 100, 64
2026-06-30T00:14:50,110910, 143771, 100, 64
2026-06-30T00:14:51,110910, 143771, 100, 66
2026-06-30T00:14:52,110910, 143771, 100, 64
2026-06-30T00:14:53,110910, 143771, 100, 63
2026-06-30T00:14:54,110910, 143771, 100, 64
2026-06-30T00:14:55,110910, 143771, 100, 67
2026-06-30T00:14:56,110910, 143771, 100, 64
2026-06-30T00:14:57,110910, 143771, 100, 64
2026-06-30T00:14:58,110910, 143771, 100, 67
2026-06-30T00:14:59,110910, 143771, 100, 66
2026-06-30T00:15:00,110910, 143771, 100, 66
2026-06-30T00:15:01,110910, 143771, 100, 64
2026-06-30T00:15:02,110910, 143771, 100, 64
2026-06-30T00:15:04,110910, 143771, 100, 64
2026-06-30T00:15:05,110910, 143771, 100, 66
2026-06-30T00:15:06,110910, 143771, 100, 66
2026-06-30T00:15:07,110910, 143771, 100, 65
2026-06-30T00:15:08,110910, 143771, 100, 64
2026-06-30T00:15:09,110910, 143771, 100, 64
2026-06-30T00:15:10,110910, 143771, 100, 67
2026-06-30T00:15:11,110910, 143771, 97, 64
2026-06-30T00:15:12,110910, 143771, 100, 66
2026-06-30T00:15:13,110910, 143771, 100, 67
2026-06-30T00:15:14,110910, 143771, 100, 66
2026-06-30T00:15:15,110910, 143771, 100, 63
2026-06-30T00:15:16,110910, 143771, 100, 65
2026-06-30T00:15:17,110910, 143771, 100, 65
2026-06-30T00:15:18,110910, 143771, 100, 66
2026-06-30T00:15:19,110910, 143771, 100, 66
2026-06-30T00:15:20,110910, 143771, 100, 65
2026-06-30T00:15:21,110910, 143771, 100, 64
2026-06-30T00:15:22,110910, 143771, 97, 65
2026-06-30T00:15:23,110910, 143771, 100, 64
2026-06-30T00:15:24,110910, 143771, 100, 62
2026-06-30T00:15:25,110910, 143771, 100, 61
2026-06-30T00:15:26,110910, 143771, 100, 66
2026-06-30T00:15:27,110910, 143771, 100, 65
2026-06-30T00:15:28,110910, 143771, 100, 65
2026-06-30T00:15:29,110910, 143771, 100, 64
2026-06-30T00:15:30,110910, 143771, 100, 65
2026-06-30T00:15:31,110910, 143771, 100, 66
2026-06-30T00:15:32,110910, 143771, 100, 66
2026-06-30T00:15:33,110910, 143771, 100, 65
2026-06-30T00:15:34,110910, 143771, 100, 66
2026-06-30T00:15:35,110910, 143771, 100, 63
2026-06-30T00:15:36,110910, 143771, 97, 65
2026-06-30T00:15:38,110910, 143771, 100, 64
2026-06-30T00:15:39,110910, 143771, 100, 65
2026-06-30T00:15:40,110910, 143771, 100, 61
2026-06-30T00:15:41,110910, 143771, 100, 65
2026-06-30T00:15:42,110910, 143771, 100, 65
2026-06-30T00:15:43,110910, 143771, 100, 65
2026-06-30T00:15:44,110910, 143771, 100, 64
2026-06-30T00:15:45,110910, 143771, 100, 66
2026-06-30T00:15:46,110910, 143771, 100, 66
2026-06-30T00:15:47,110910, 143771, 100, 66
2026-06-30T00:15:48,110910, 143771, 100, 65
2026-06-30T00:15:49,110910, 143771, 100, 64
2026-06-30T00:15:50,110910, 143771, 100, 63
2026-06-30T00:15:51,110910, 143771, 100, 65
2026-06-30T00:15:52,110910, 143771, 100, 64
2026-06-30T00:15:53,110910, 143771, 100, 66
2026-06-30T00:15:54,110910, 143771, 97, 64
2026-06-30T00:15:55,110910, 143771, 100, 66
2026-06-30T00:15:56,110910, 143771, 100, 70
2026-06-30T00:15:57,110910, 143771, 100, 66
2026-06-30T00:15:58,110910, 143771, 100, 64
2026-06-30T00:15:59,110910, 143771, 100, 65
2026-06-30T00:16:00,110910, 143771, 100, 64
2026-06-30T00:16:01,110910, 143771, 100, 64
2026-06-30T00:16:02,110910, 143771, 100, 65
2026-06-30T00:16:03,110910, 143771, 100, 66
2026-06-30T00:16:04,110910, 143771, 100, 65
2026-06-30T00:16:05,110910, 143771, 100, 64
2026-06-30T00:16:06,110910, 143771, 100, 64
2026-06-30T00:16:07,110910, 143771, 100, 66
2026-06-30T00:16:08,110910, 143771, 97, 65
2026-06-30T00:16:09,110910, 143771, 100, 65
2026-06-30T00:16:10,110910, 143771, 100, 68
2026-06-30T00:16:12,110910, 143771, 100, 64
2026-06-30T00:16:13,110910, 143771, 100, 66
2026-06-30T00:16:14,110910, 143771, 100, 65
2026-06-30T00:16:15,110910, 143771, 100, 66
2026-06-30T00:16:16,110910, 143771, 100, 64
2026-06-30T00:16:17,110910, 143771, 100, 66
2026-06-30T00:16:18,110910, 143771, 100, 64
2026-06-30T00:16:19,110910, 143771, 100, 66
2026-06-30T00:16:20,110910, 143771, 100, 64
2026-06-30T00:16:21,110910, 143771, 100, 66
2026-06-30T00:16:22,110910, 143771, 100, 63
2026-06-30T00:16:23,110910, 143771, 97, 63
2026-06-30T00:16:24,110910, 143771, 100, 63
2026-06-30T00:16:25,110910, 143771, 100, 67
2026-06-30T00:16:26,110910, 143771, 100, 64
2026-06-30T00:16:27,110910, 143771, 100, 64
2026-06-30T00:16:28,110910, 143771, 100, 64
2026-06-30T00:16:29,110910, 143771, 100, 65
2026-06-30T00:16:30,110910, 143771, 100, 64
2026-06-30T00:16:31,110910, 143771, 100, 66
2026-06-30T00:16:32,110910, 143771, 100, 66
2026-06-30T00:16:33,110910, 143771, 100, 65
2026-06-30T00:16:34,110910, 143771, 97, 65
2026-06-30T00:16:35,110910, 143771, 100, 66
2026-06-30T00:16:36,110910, 143771, 100, 64
2026-06-30T00:16:37,110910, 143771, 99, 62
2026-06-30T00:16:38,110910, 143771, 100, 64
2026-06-30T00:16:39,110910, 143771, 100, 63
2026-06-30T00:16:40,110910, 143771, 100, 66
2026-06-30T00:16:41,110910, 143771, 100, 66
2026-06-30T00:16:42,110910, 143771, 100, 66
2026-06-30T00:16:43,110910, 143771, 100, 65
2026-06-30T00:16:44,110910, 143771, 100, 64
2026-06-30T00:16:46,110910, 143771, 100, 66
2026-06-30T00:16:47,110910, 143771, 100, 66
2026-06-30T00:16:48,110910, 143771, 100, 66
2026-06-30T00:16:49,110910, 143771, 100, 65
2026-06-30T00:16:50,110910, 143771, 100, 64
2026-06-30T00:16:51,110910, 143771, 100, 65
2026-06-30T00:16:52,110910, 143771, 97, 62
2026-06-30T00:16:53,110910, 143771, 100, 66
2026-06-30T00:16:54,110910, 143771, 100, 62
2026-06-30T00:16:55,110910, 143771, 100, 66
2026-06-30T00:16:56,110910, 143771, 100, 63
2026-06-30T00:16:57,110910, 143771, 100, 65
2026-06-30T00:16:58,110910, 143771, 100, 65
2026-06-30T00:16:59,110910, 143771, 100, 65
2026-06-30T00:17:00,110910, 143771, 100, 65
2026-06-30T00:17:01,110910, 143771, 100, 65
2026-06-30T00:17:02,110910, 143771, 100, 66
2026-06-30T00:17:03,110910, 143771, 100, 65
2026-06-30T00:17:04,110910, 143771, 100, 65
2026-06-30T00:17:05,110910, 143771, 100, 65
2026-06-30T00:17:06,110910, 143771, 97, 65
2026-06-30T00:17:07,110910, 143771, 100, 66
2026-06-30T00:17:08,110910, 143771, 100, 62
2026-06-30T00:17:09,110910, 143771, 100, 66
2026-06-30T00:17:10,110910, 143771, 100, 64
2026-06-30T00:17:11,110910, 143771, 100, 66
2026-06-30T00:17:12,110910, 143771, 100, 64
2026-06-30T00:17:13,110910, 143771, 100, 66
2026-06-30T00:17:14,110910, 143771, 100, 66
2026-06-30T00:17:15,110910, 143771, 100, 65
2026-06-30T00:17:16,110910, 143771, 100, 65
2026-06-30T00:17:17,110910, 143771, 100, 65
2026-06-30T00:17:19,110910, 143771, 100, 66
2026-06-30T00:17:20,110910, 143771, 100, 64
2026-06-30T00:17:21,110910, 143771, 97, 65
2026-06-30T00:17:22,110910, 143771, 100, 64
2026-06-30T00:17:23,110910, 143771, 100, 64
2026-06-30T00:17:24,110910, 143771, 100, 62
2026-06-30T00:17:25,110910, 143771, 100, 66
2026-06-30T00:17:26,110910, 143771, 100, 66
2026-06-30T00:17:27,110910, 143771, 100, 65
2026-06-30T00:17:28,110910, 143771, 100, 64
2026-06-30T00:17:29,110910, 143771, 100, 66
2026-06-30T00:17:30,110910, 143771, 100, 64
2026-06-30T00:17:31,110910, 143771, 100, 64
2026-06-30T00:17:32,110910, 143771, 100, 64
2026-06-30T00:17:33,110910, 143771, 100, 64
2026-06-30T00:17:34,110910, 143771, 100, 65
2026-06-30T00:17:35,110910, 143771, 97, 65
2026-06-30T00:17:36,110910, 143771, 100, 66
2026-06-30T00:17:37,110910, 143771, 100, 66
2026-06-30T00:17:38,110910, 143771, 100, 64
2026-06-30T00:17:39,110910, 143771, 100, 64
2026-06-30T00:17:40,110910, 143771, 100, 68
2026-06-30T00:17:41,110910, 143771, 100, 66
2026-06-30T00:17:42,110910, 143771, 100, 66
2026-06-30T00:17:43,110910, 143771, 100, 65
2026-06-30T00:17:44,110910, 143771, 100, 65
2026-06-30T00:17:45,110910, 143771, 100, 64
2026-06-30T00:17:46,110910, 143771, 100, 65
2026-06-30T00:17:47,110910, 143771, 100, 66
2026-06-30T00:17:48,110910, 143771, 100, 65
2026-06-30T00:17:49,110910, 143771, 100, 65
2026-06-30T00:17:50,110910, 143771, 100, 65
2026-06-30T00:17:51,110910, 143771, 100, 66
2026-06-30T00:17:52,110910, 143771, 100, 64
2026-06-30T00:17:54,110910, 143771, 100, 64
2026-06-30T00:17:55,110910, 143771, 100, 70
2026-06-30T00:17:56,110910, 143771, 100, 65
2026-06-30T00:17:57,110910, 143771, 100, 65
2026-06-30T00:17:58,110910, 143771, 100, 64
2026-06-30T00:17:59,110910, 143771, 100, 66
2026-06-30T00:18:00,110910, 143771, 100, 66
2026-06-30T00:18:01,110910, 143771, 100, 65
2026-06-30T00:18:02,110910, 143771, 100, 65
2026-06-30T00:18:03,110910, 143771, 100, 64
2026-06-30T00:18:04,110910, 143771, 100, 64
2026-06-30T00:18:05,110910, 143771, 100, 65
2026-06-30T00:18:06,110910, 143771, 100, 68
2026-06-30T00:18:07,110910, 143771, 97, 63
2026-06-30T00:18:08,110910, 143771, 100, 66
2026-06-30T00:18:09,110910, 143771, 100, 67
2026-06-30T00:18:10,110910, 143771, 100, 66
2026-06-30T00:18:11,110910, 143771, 100, 64
2026-06-30T00:18:12,110910, 143771, 100, 65
2026-06-30T00:18:13,110910, 143771, 100, 64
2026-06-30T00:18:14,110910, 143771, 100, 66
2026-06-30T00:18:15,110910, 143771, 100, 66
2026-06-30T00:18:16,110910, 143771, 100, 65
2026-06-30T00:18:17,110910, 143771, 100, 64
2026-06-30T00:18:18,110910, 143771, 100, 65
2026-06-30T00:18:19,110910, 143771, 100, 64
2026-06-30T00:18:20,110910, 143771, 100, 67
2026-06-30T00:18:21,110910, 143771, 97, 64
2026-06-30T00:18:22,110910, 143771, 100, 66
2026-06-30T00:18:23,110910, 143771, 100, 66
2026-06-30T00:18:24,110910, 143771, 100, 65
2026-06-30T00:18:25,110910, 143771, 100, 63
2026-06-30T00:18:27,110910, 143771, 100, 66
2026-06-30T00:18:28,110910, 143771, 100, 65
2026-06-30T00:18:29,110910, 143771, 100, 64
2026-06-30T00:18:30,110910, 143771, 100, 65
2026-06-30T00:18:31,110910, 143771, 100, 64
2026-06-30T00:18:32,110910, 143771, 100, 64
2026-06-30T00:18:33,110910, 143771, 97, 65
2026-06-30T00:18:34,110910, 143771, 100, 64
2026-06-30T00:18:35,110910, 143771, 100, 65
2026-06-30T00:18:36,110910, 143771, 100, 61
2026-06-30T00:18:37,110910, 143771, 100, 66
2026-06-30T00:18:38,110910, 143771, 100, 63
2026-06-30T00:18:39,110910, 143771, 100, 65
2026-06-30T00:18:40,110910, 143771, 100, 64
2026-06-30T00:18:41,110910, 143771, 100, 66
2026-06-30T00:18:42,110910, 143771, 100, 66
2026-06-30T00:18:43,110910, 143771, 100, 65
2026-06-30T00:18:44,110910, 143771, 100, 65
2026-06-30T00:18:45,110910, 143771, 100, 64
2026-06-30T00:18:46,110910, 143771, 100, 64
2026-06-30T00:18:47,110910, 143771, 100, 65
2026-06-30T00:18:48,110910, 143771, 100, 66
2026-06-30T00:18:49,110910, 143771, 100, 66
2026-06-30T00:18:50,110910, 143771, 97, 62
2026-06-30T00:18:51,110910, 143771, 100, 63
2026-06-30T00:18:52,110910, 143771, 100, 65
2026-06-30T00:18:53,110910, 143771, 100, 66
2026-06-30T00:18:54,110910, 143771, 100, 64
2026-06-30T00:18:55,110910, 143771, 100, 66
2026-06-30T00:18:56,110910, 143771, 100, 65
2026-06-30T00:18:57,110910, 143771, 100, 64
2026-06-30T00:18:58,110910, 143771, 100, 65
2026-06-30T00:18:59,110910, 143771, 100, 65
2026-06-30T00:19:01,110910, 143771, 100, 64
2026-06-30T00:19:02,110910, 143771, 100, 64
2026-06-30T00:19:03,110910, 143771, 100, 66
2026-06-30T00:19:04,110910, 143771, 100, 66
2026-06-30T00:19:05,110910, 143771, 97, 64
2026-06-30T00:19:06,110910, 143771, 100, 64
2026-06-30T00:19:07,110910, 143771, 100, 69
2026-06-30T00:19:08,110910, 143771, 100, 64
2026-06-30T00:19:09,110910, 143771, 100, 66
2026-06-30T00:19:10,110910, 143771, 100, 64
2026-06-30T00:19:11,110910, 143771, 100, 66
2026-06-30T00:19:12,110910, 143771, 100, 65
2026-06-30T00:19:13,110910, 143771, 100, 65
2026-06-30T00:19:14,110910, 143771, 100, 64
2026-06-30T00:19:15,110910, 143771, 100, 66
2026-06-30T00:19:16,110910, 143771, 100, 64
2026-06-30T00:19:17,110910, 143771, 100, 66
2026-06-30T00:19:18,110910, 143771, 100, 64
2026-06-30T00:19:19,110910, 143771, 97, 64
2026-06-30T00:19:20,110910, 143771, 100, 64
2026-06-30T00:19:21,110910, 143771, 100, 68
2026-06-30T00:19:22,110910, 143771, 100, 66
2026-06-30T00:19:23,110910, 143771, 100, 66
2026-06-30T00:19:24,110910, 143771, 100, 65
2026-06-30T00:19:25,110910, 143771, 100, 65
2026-06-30T00:19:26,110910, 143771, 100, 65
2026-06-30T00:19:27,110910, 143771, 100, 65
2026-06-30T00:19:28,110910, 143771, 100, 66
2026-06-30T00:19:29,110910, 143771, 100, 66
2026-06-30T00:19:30,110910, 143771, 100, 64
2026-06-30T00:19:31,110910, 143771, 100, 65
2026-06-30T00:19:32,110910, 143771, 100, 63
2026-06-30T00:19:33,110910, 143771, 97, 64
2026-06-30T00:19:35,110910, 143771, 100, 64
2026-06-30T00:19:36,110910, 143771, 100, 67
2026-06-30T00:19:37,110910, 143771, 100, 66
2026-06-30T00:19:38,110910, 143771, 100, 66
2026-06-30T00:19:39,110910, 143771, 100, 69
2026-06-30T00:19:40,110910, 143771, 100, 65
2026-06-30T00:19:41,110910, 143771, 100, 64
2026-06-30T00:19:42,110910, 143771, 100, 66
2026-06-30T00:19:43,110910, 143771, 100, 66
2026-06-30T00:19:44,110910, 143771, 100, 66
2026-06-30T00:19:45,110910, 143771, 100, 64
2026-06-30T00:19:46,110910, 143771, 100, 65
2026-06-30T00:19:47,110910, 143771, 100, 63
2026-06-30T00:19:48,110910, 143771, 100, 64
2026-06-30T00:19:49,110910, 143771, 100, 66
2026-06-30T00:19:50,110910, 143771, 100, 66
2026-06-30T00:19:51,110910, 143771, 100, 66
2026-06-30T00:19:52,110910, 143771, 100, 66
2026-06-30T00:19:53,110910, 143771, 100, 69
2026-06-30T00:19:54,110910, 143771, 100, 65
2026-06-30T00:19:55,110910, 143771, 100, 63
2026-06-30T00:19:56,110910, 143771, 100, 65
2026-06-30T00:19:57,110910, 143771, 100, 66
2026-06-30T00:19:58,110910, 143771, 100, 66
2026-06-30T00:19:59,110910, 143771, 100, 66
2026-06-30T00:20:00,110910, 143771, 100, 64
2026-06-30T00:20:01,110910, 143771, 100, 63
2026-06-30T00:20:02,110910, 143771, 100, 64
2026-06-30T00:20:03,110910, 143771, 100, 63
2026-06-30T00:20:04,110910, 143771, 100, 64
2026-06-30T00:20:05,110910, 143771, 100, 66
2026-06-30T00:20:06,110910, 143771, 100, 64
2026-06-30T00:20:07,110910, 143771, 100, 66
2026-06-30T00:20:09,110910, 143771, 100, 64
2026-06-30T00:20:10,110910, 143771, 100, 66
2026-06-30T00:20:11,110910, 143771, 100, 65
2026-06-30T00:20:12,110910, 143771, 100, 64
2026-06-30T00:20:13,110910, 143771, 100, 64
2026-06-30T00:20:14,110910, 143771, 100, 65
2026-06-30T00:20:15,110910, 143771, 100, 66
2026-06-30T00:20:16,110910, 143771, 100, 63
2026-06-30T00:20:17,110910, 143771, 97, 65
2026-06-30T00:20:18,110910, 143771, 100, 64
2026-06-30T00:20:19,110910, 143771, 100, 63
2026-06-30T00:20:20,110910, 143771, 100, 61
2026-06-30T00:20:21,110910, 143771, 100, 63
2026-06-30T00:20:22,110910, 143771, 100, 66
2026-06-30T00:20:23,110910, 143771, 100, 65
2026-06-30T00:20:24,110910, 143771, 100, 66
2026-06-30T00:20:25,110910, 143771, 100, 66
2026-06-30T00:20:26,110910, 143771, 100, 64
2026-06-30T00:20:27,110910, 143771, 100, 65
2026-06-30T00:20:28,110910, 143771, 100, 64
2026-06-30T00:20:29,110910, 143771, 100, 66
2026-06-30T00:20:30,110910, 143771, 100, 64
2026-06-30T00:20:31,110910, 143771, 97, 65
2026-06-30T00:20:32,110910, 143771, 100, 64
2026-06-30T00:20:33,110910, 143771, 100, 67
2026-06-30T00:20:34,110910, 143771, 100, 66
2026-06-30T00:20:35,110910, 143771, 100, 66
2026-06-30T00:20:36,110910, 143771, 100, 69
2026-06-30T00:20:37,110910, 143771, 100, 64
2026-06-30T00:20:38,110910, 143771, 100, 65
2026-06-30T00:20:39,110910, 143771, 100, 66
2026-06-30T00:20:40,110910, 143771, 100, 66
2026-06-30T00:20:41,110910, 143771, 100, 66
2026-06-30T00:20:43,110910, 143771, 100, 65
2026-06-30T00:20:44,110910, 143771, 100, 65
2026-06-30T00:20:45,110910, 143771, 100, 64
2026-06-30T00:20:46,110910, 143771, 100, 64
2026-06-30T00:20:47,110910, 143771, 100, 64
2026-06-30T00:20:48,110910, 143771, 100, 67
2026-06-30T00:20:49,110910, 143771, 97, 64
2026-06-30T00:20:50,110910, 143771, 100, 65
2026-06-30T00:20:51,110910, 143771, 100, 66
2026-06-30T00:20:52,110910, 143771, 100, 66
2026-06-30T00:20:53,110910, 143771, 100, 66
2026-06-30T00:20:54,110910, 143771, 100, 64
2026-06-30T00:20:55,110910, 143771, 100, 64
2026-06-30T00:20:56,110910, 143771, 100, 64
2026-06-30T00:20:57,110910, 143771, 100, 65
2026-06-30T00:20:58,110910, 143771, 100, 64
2026-06-30T00:20:59,110910, 143771, 100, 64
2026-06-30T00:21:00,110910, 143771, 97, 65
2026-06-30T00:21:01,110910, 143771, 100, 66
2026-06-30T00:21:02,110910, 143771, 100, 64
2026-06-30T00:21:03,110910, 143771, 100, 65
2026-06-30T00:21:04,110910, 143771, 100, 64
2026-06-30T00:21:05,110910, 143771, 100, 66
2026-06-30T00:21:06,110910, 143771, 100, 64
2026-06-30T00:21:07,110910, 143771, 100, 66
2026-06-30T00:21:08,110910, 143771, 100, 64
2026-06-30T00:21:09,110910, 143771, 100, 66
2026-06-30T00:21:10,110910, 143771, 100, 64
2026-06-30T00:21:11,110910, 143771, 100, 64
2026-06-30T00:21:12,110910, 143771, 100, 63
2026-06-30T00:21:13,110910, 143771, 100, 64
2026-06-30T00:21:14,110910, 143771, 97, 65
2026-06-30T00:21:15,110910, 143771, 100, 64
2026-06-30T00:21:17,110910, 143771, 100, 63
2026-06-30T00:21:18,110910, 143771, 100, 62
2026-06-30T00:21:19,110910, 143771, 100, 66
2026-06-30T00:21:20,110910, 143771, 100, 66
2026-06-30T00:21:21,110910, 143771, 100, 64
2026-06-30T00:21:22,110910, 143771, 100, 64
2026-06-30T00:21:23,110910, 143771, 100, 64
2026-06-30T00:21:24,110910, 143771, 100, 66
2026-06-30T00:21:25,110910, 143771, 100, 65
2026-06-30T00:21:26,110910, 143771, 100, 65
2026-06-30T00:21:27,110910, 143771, 100, 64
2026-06-30T00:21:28,110910, 143771, 100, 63
2026-06-30T00:21:29,110910, 143771, 97, 65
2026-06-30T00:21:30,110910, 143771, 100, 66
2026-06-30T00:21:31,110910, 143771, 100, 66
2026-06-30T00:21:32,110910, 143771, 100, 64
2026-06-30T00:21:33,110910, 143771, 100, 63
2026-06-30T00:21:34,110910, 143771, 100, 67
2026-06-30T00:21:35,110910, 143771, 100, 66
2026-06-30T00:21:36,110910, 143771, 100, 65
2026-06-30T00:21:37,110910, 143771, 100, 65
2026-06-30T00:21:38,110910, 143771, 100, 65
2026-06-30T00:21:39,110910, 143771, 100, 64
2026-06-30T00:21:40,110910, 143771, 100, 64
2026-06-30T00:21:41,110910, 143771, 100, 66
2026-06-30T00:21:42,110910, 143771, 100, 64
2026-06-30T00:21:43,110910, 143771, 100, 65
2026-06-30T00:21:44,110910, 143771, 100, 64
2026-06-30T00:21:45,110910, 143771, 100, 66
2026-06-30T00:21:46,110910, 143771, 100, 63
2026-06-30T00:21:47,110910, 143771, 100, 63
2026-06-30T00:21:48,110910, 143771, 100, 68
2026-06-30T00:21:49,110910, 143771, 100, 64
2026-06-30T00:21:51,110910, 143771, 100, 64
2026-06-30T00:21:52,110910, 143771, 100, 65
2026-06-30T00:21:53,110910, 143771, 100, 66
2026-06-30T00:21:54,110910, 143771, 100, 66
2026-06-30T00:21:55,110910, 143771, 100, 65
2026-06-30T00:21:56,110910, 143771, 100, 65
2026-06-30T00:21:57,110910, 143771, 100, 63
2026-06-30T00:21:58,110910, 143771, 100, 64
2026-06-30T00:21:59,110910, 143771, 100, 66
2026-06-30T00:22:00,110910, 143771, 100, 67
2026-06-30T00:22:01,110910, 143771, 97, 66
2026-06-30T00:22:02,110910, 143771, 100, 63
2026-06-30T00:22:03,110910, 143771, 100, 69
2026-06-30T00:22:04,110910, 143771, 100, 64
2026-06-30T00:22:05,110910, 143771, 100, 65
2026-06-30T00:22:06,110910, 143771, 100, 65
2026-06-30T00:22:07,110910, 143771, 100, 65
2026-06-30T00:22:08,110910, 143771, 100, 64
2026-06-30T00:22:09,110910, 143771, 100, 66
2026-06-30T00:22:10,110910, 143771, 100, 64
2026-06-30T00:22:11,110910, 143771, 100, 65
2026-06-30T00:22:12,110910, 143771, 100, 65
2026-06-30T00:22:13,110910, 143771, 100, 66
2026-06-30T00:22:14,110910, 143771, 100, 66
2026-06-30T00:22:15,110910, 143771, 97, 64
2026-06-30T00:22:16,110910, 143771, 100, 64
2026-06-30T00:22:17,110910, 143771, 100, 69
2026-06-30T00:22:18,110910, 143771, 100, 64
2026-06-30T00:22:19,110910, 143771, 100, 63
2026-06-30T00:22:20,110910, 143771, 100, 64
2026-06-30T00:22:21,110910, 143771, 100, 66
2026-06-30T00:22:22,110910, 143771, 100, 66
2026-06-30T00:22:24,110910, 143771, 100, 66
2026-06-30T00:22:25,110910, 143771, 100, 66
2026-06-30T00:22:26,110910, 143771, 100, 64
2026-06-30T00:22:27,110910, 143771, 100, 64
2026-06-30T00:22:28,110910, 143771, 100, 64
2026-06-30T00:22:29,110910, 143771, 100, 65
2026-06-30T00:22:30,110910, 143771, 97, 63
2026-06-30T00:22:31,110910, 143771, 100, 65
2026-06-30T00:22:32,110910, 143771, 100, 66
2026-06-30T00:22:33,110910, 143771, 100, 64
2026-06-30T00:22:34,110910, 143771, 100, 64
2026-06-30T00:22:35,110910, 143771, 100, 65
2026-06-30T00:22:36,110910, 143771, 100, 66
2026-06-30T00:22:37,110910, 143771, 100, 66
2026-06-30T00:22:38,110910, 143771, 100, 66
2026-06-30T00:22:39,110910, 143771, 100, 64
2026-06-30T00:22:40,110910, 143771, 100, 64
2026-06-30T00:22:41,110910, 143771, 100, 64
2026-06-30T00:22:42,110910, 143771, 100, 66
2026-06-30T00:22:43,110910, 143771, 100, 64
2026-06-30T00:22:44,110910, 143771, 100, 63
2026-06-30T00:22:45,110910, 143771, 100, 65
2026-06-30T00:22:46,110910, 143771, 100, 65
2026-06-30T00:22:47,110910, 143771, 100, 65
2026-06-30T00:22:48,110910, 143771, 100, 64
2026-06-30T00:22:49,110910, 143771, 100, 65
2026-06-30T00:22:50,110910, 143771, 100, 65
2026-06-30T00:22:51,110910, 143771, 100, 64
2026-06-30T00:22:52,110910, 143771, 100, 65
2026-06-30T00:22:53,110910, 143771, 100, 66
2026-06-30T00:22:54,110910, 143771, 100, 65
2026-06-30T00:22:55,110910, 143771, 100, 64
2026-06-30T00:22:56,110910, 143771, 100, 64
2026-06-30T00:22:58,110910, 143771, 100, 66
2026-06-30T00:22:59,110910, 143771, 97, 63
2026-06-30T00:23:00,110910, 143771, 100, 64
2026-06-30T00:23:01,110910, 143771, 100, 69
2026-06-30T00:23:02,110910, 143771, 100, 64
2026-06-30T00:23:03,110910, 143771, 100, 65
2026-06-30T00:23:04,110910, 143771, 100, 65
2026-06-30T00:23:05,110910, 143771, 100, 64
2026-06-30T00:23:06,110910, 143771, 100, 66
2026-06-30T00:23:07,110910, 143771, 100, 65
2026-06-30T00:23:08,110910, 143771, 100, 66
2026-06-30T00:23:09,110910, 143771, 100, 64
2026-06-30T00:23:10,110910, 143771, 100, 64
2026-06-30T00:23:11,110910, 143771, 100, 63
2026-06-30T00:23:12,110910, 143771, 100, 68
2026-06-30T00:23:13,110910, 143771, 97, 63
2026-06-30T00:23:14,110910, 143771, 100, 65
2026-06-30T00:23:15,110910, 143771, 100, 66
2026-06-30T00:23:16,110910, 143771, 100, 64
2026-06-30T00:23:17,110910, 143771, 100, 63
2026-06-30T00:23:18,110910, 143771, 100, 64
2026-06-30T00:23:19,110910, 143771, 100, 66
2026-06-30T00:23:20,110910, 143771, 100, 66
2026-06-30T00:23:21,110910, 143771, 100, 66
2026-06-30T00:23:22,110910, 143771, 100, 64
2026-06-30T00:23:23,110910, 143771, 100, 64
2026-06-30T00:23:24,110910, 143771, 100, 64
2026-06-30T00:23:25,110910, 143771, 100, 64
2026-06-30T00:23:26,110910, 143771, 100, 64
2026-06-30T00:23:27,110910, 143771, 97, 63
2026-06-30T00:23:28,110910, 143771, 100, 66
2026-06-30T00:23:29,110910, 143771, 100, 67
2026-06-30T00:23:30,110910, 143771, 100, 64
2026-06-30T00:23:32,110910, 143771, 100, 63
2026-06-30T00:23:33,110910, 143771, 100, 67
2026-06-30T00:23:34,110910, 143771, 100, 66
2026-06-30T00:23:35,110910, 143771, 100, 65
2026-06-30T00:23:36,110910, 143771, 100, 65
2026-06-30T00:23:37,110910, 143771, 100, 64
2026-06-30T00:23:38,110910, 143771, 100, 64
2026-06-30T00:23:39,110910, 143771, 100, 64
2026-06-30T00:23:40,110910, 143771, 100, 66
2026-06-30T00:23:41,110910, 143771, 100, 65
2026-06-30T00:23:42,110910, 143771, 100, 63
2026-06-30T00:23:43,110910, 143771, 100, 64
2026-06-30T00:23:44,110910, 143771, 100, 67
2026-06-30T00:23:45,110910, 143771, 97, 64
2026-06-30T00:23:46,110910, 143771, 100, 66
2026-06-30T00:23:47,110910, 143771, 100, 67
2026-06-30T00:23:48,110910, 143771, 100, 66
2026-06-30T00:23:49,110910, 143771, 100, 65
2026-06-30T00:23:50,110910, 143771, 100, 64
2026-06-30T00:23:51,110910, 143771, 100, 64
2026-06-30T00:23:52,110910, 143771, 100, 64
2026-06-30T00:23:53,110910, 143771, 100, 65
2026-06-30T00:23:54,110910, 143771, 100, 65
2026-06-30T00:23:55,110910, 143771, 100, 64
2026-06-30T00:23:56,110910, 143771, 100, 64
2026-06-30T00:23:57,110910, 143771, 100, 64
2026-06-30T00:23:58,110910, 143771, 100, 66
2026-06-30T00:23:59,110910, 143771, 97, 64
2026-06-30T00:24:00,110910, 143771, 100, 66
2026-06-30T00:24:01,110910, 143771, 100, 66
2026-06-30T00:24:02,110910, 143771, 100, 66
2026-06-30T00:24:03,110910, 143771, 100, 63
2026-06-30T00:24:04,110910, 143771, 100, 64
2026-06-30T00:24:06,110910, 143771, 100, 64
2026-06-30T00:24:07,110910, 143771, 100, 65
2026-06-30T00:24:08,110910, 143771, 100, 66
2026-06-30T00:24:09,110910, 143771, 100, 66
2026-06-30T00:24:10,110910, 143771, 100, 64
2026-06-30T00:24:11,110910, 143771, 100, 64
2026-06-30T00:24:12,110910, 143771, 100, 63
2026-06-30T00:24:13,110910, 143771, 100, 64
2026-06-30T00:24:14,110910, 143771, 97, 63
2026-06-30T00:24:15,110910, 143771, 100, 66
2026-06-30T00:24:16,110910, 143771, 100, 66
2026-06-30T00:24:17,110910, 143771, 100, 65
2026-06-30T00:24:18,110910, 143771, 100, 64
2026-06-30T00:24:19,110910, 143771, 100, 64
2026-06-30T00:24:20,110910, 143771, 100, 65
2026-06-30T00:24:21,110910, 143771, 100, 65
2026-06-30T00:24:22,110910, 143771, 100, 65
2026-06-30T00:24:23,110910, 143771, 100, 66
2026-06-30T00:24:24,110910, 143771, 100, 64
2026-06-30T00:24:25,110910, 143771, 97, 65
2026-06-30T00:24:26,110910, 143771, 100, 65
2026-06-30T00:24:27,110910, 143771, 100, 64
2026-06-30T00:24:28,110910, 143771, 100, 62
2026-06-30T00:24:29,110910, 143771, 100, 63
2026-06-30T00:24:30,110910, 143771, 100, 62
2026-06-30T00:24:31,110910, 143771, 100, 66
2026-06-30T00:24:32,110910, 143771, 100, 65
2026-06-30T00:24:33,110910, 143771, 100, 65
2026-06-30T00:24:34,110910, 143771, 100, 64
2026-06-30T00:24:35,110910, 143771, 100, 64
2026-06-30T00:24:36,110910, 143771, 100, 64
2026-06-30T00:24:37,110910, 143771, 100, 65
2026-06-30T00:24:39,110910, 143771, 100, 65
2026-06-30T00:24:40,110910, 143771, 100, 65
2026-06-30T00:24:41,110910, 143771, 100, 64
2026-06-30T00:24:42,110910, 143771, 100, 64
2026-06-30T00:24:43,110910, 143771, 97, 61
2026-06-30T00:24:44,110910, 143771, 100, 65
2026-06-30T00:24:45,110910, 143771, 100, 64
2026-06-30T00:24:46,110910, 143771, 100, 66
2026-06-30T00:24:47,110910, 143771, 100, 64
2026-06-30T00:24:48,110910, 143771, 100, 66
2026-06-30T00:24:49,110910, 143771, 100, 64
2026-06-30T00:24:50,110910, 143771, 100, 65
2026-06-30T00:24:51,110910, 143771, 100, 64
2026-06-30T00:24:52,110910, 143771, 100, 66
2026-06-30T00:24:53,110910, 143771, 100, 65
2026-06-30T00:24:54,110910, 143771, 100, 65
2026-06-30T00:24:55,110910, 143771, 100, 64
2026-06-30T00:24:56,110910, 143771, 100, 65
2026-06-30T00:24:57,110910, 143771, 96, 64
2026-06-30T00:24:58,110910, 143771, 100, 63
2026-06-30T00:24:59,110910, 143771, 100, 64
2026-06-30T00:25:00,110910, 143771, 100, 61
2026-06-30T00:25:01,110910, 143771, 100, 66
2026-06-30T00:25:02,110910, 143771, 100, 65
2026-06-30T00:25:03,110910, 143771, 100, 66
2026-06-30T00:25:04,110910, 143771, 100, 64
2026-06-30T00:25:05,110910, 143771, 100, 65
2026-06-30T00:25:06,110910, 143771, 100, 64
2026-06-30T00:25:07,110910, 143771, 100, 66
2026-06-30T00:25:08,110910, 143771, 100, 64
2026-06-30T00:25:09,110910, 143771, 100, 66
2026-06-30T00:25:10,110910, 143771, 100, 63
2026-06-30T00:25:11,110910, 143771, 97, 65
2026-06-30T00:25:13,110910, 143771, 100, 64
2026-06-30T00:25:14,110910, 143771, 100, 65
2026-06-30T00:25:15,110910, 143771, 100, 61
2026-06-30T00:25:16,110910, 143771, 100, 66
2026-06-30T00:25:17,110910, 143771, 100, 65
2026-06-30T00:25:18,110910, 143771, 100, 65
2026-06-30T00:25:19,110910, 143771, 100, 64
2026-06-30T00:25:20,110910, 143771, 100, 65
2026-06-30T00:25:21,110910, 143771, 100, 64
2026-06-30T00:25:22,110910, 143771, 100, 65
2026-06-30T00:25:23,110910, 143771, 100, 64
2026-06-30T00:25:24,110910, 143771, 100, 66
2026-06-30T00:25:25,110910, 143771, 100, 65
2026-06-30T00:25:26,110910, 143771, 100, 65
2026-06-30T00:25:27,110910, 143771, 100, 63
2026-06-30T00:25:28,110910, 143771, 100, 65
2026-06-30T00:25:29,110910, 143771, 100, 64
2026-06-30T00:25:30,110910, 143771, 100, 64
2026-06-30T00:25:31,110910, 143771, 100, 65
2026-06-30T00:25:32,110910, 143771, 100, 65
2026-06-30T00:25:33,110910, 143771, 100, 64
2026-06-30T00:25:34,110910, 143771, 100, 64
2026-06-30T00:25:35,110910, 143771, 100, 66
2026-06-30T00:25:36,110910, 143771, 100, 65
2026-06-30T00:25:37,110910, 143771, 100, 65
2026-06-30T00:25:38,110910, 143771, 100, 64
2026-06-30T00:25:39,110910, 143771, 100, 64
2026-06-30T00:25:40,110910, 143771, 98, 61
2026-06-30T00:25:41,110910, 143771, 100, 66
2026-06-30T00:25:42,110910, 143771, 100, 62
2026-06-30T00:25:43,110910, 143771, 100, 65
2026-06-30T00:25:44,110910, 143771, 100, 64
2026-06-30T00:25:45,110910, 143771, 100, 66
2026-06-30T00:25:47,110910, 143771, 100, 66
2026-06-30T00:25:48,110910, 143771, 100, 63
2026-06-30T00:25:49,110910, 143771, 100, 64
2026-06-30T00:25:50,110910, 143771, 100, 64
2026-06-30T00:25:51,110910, 143771, 100, 65
2026-06-30T00:25:52,110910, 143771, 100, 65
2026-06-30T00:25:53,110910, 143771, 100, 66
2026-06-30T00:25:54,110910, 143771, 100, 65
2026-06-30T00:25:55,110910, 143771, 97, 65
2026-06-30T00:25:56,110910, 143771, 100, 64
2026-06-30T00:25:57,110910, 143771, 100, 64
2026-06-30T00:25:58,110910, 143771, 100, 61
2026-06-30T00:25:59,110910, 143771, 100, 65
2026-06-30T00:26:00,110910, 143771, 100, 66
2026-06-30T00:26:01,110910, 143771, 100, 64
2026-06-30T00:26:02,110910, 143771, 100, 64
2026-06-30T00:26:03,110910, 143771, 100, 65
2026-06-30T00:26:04,110910, 143771, 100, 64
2026-06-30T00:26:05,110910, 143771, 100, 66
2026-06-30T00:26:06,110910, 143771, 100, 65
2026-06-30T00:26:07,110910, 143771, 100, 63
2026-06-30T00:26:08,110910, 143771, 100, 65
2026-06-30T00:26:09,110910, 143771, 97, 64
2026-06-30T00:26:10,110910, 143771, 100, 64
2026-06-30T00:26:11,110910, 143771, 100, 67
2026-06-30T00:26:12,110910, 143771, 100, 66
2026-06-30T00:26:13,110910, 143771, 100, 66
2026-06-30T00:26:14,110910, 143771, 100, 69
2026-06-30T00:26:15,110910, 143771, 100, 64
2026-06-30T00:26:16,110910, 143771, 100, 64
2026-06-30T00:26:17,110910, 143771, 100, 64
2026-06-30T00:26:18,110910, 143771, 100, 66
2026-06-30T00:26:19,110910, 143771, 100, 65
2026-06-30T00:26:21,110910, 143771, 100, 64
2026-06-30T00:26:22,110910, 143771, 100, 64
2026-06-30T00:26:23,110910, 143771, 100, 64
2026-06-30T00:26:24,110910, 143771, 100, 64
2026-06-30T00:26:25,110910, 143771, 100, 66
2026-06-30T00:26:26,110910, 143771, 100, 67
2026-06-30T00:26:27,110910, 143771, 97, 66
2026-06-30T00:26:28,110910, 143771, 100, 64
2026-06-30T00:26:29,110910, 143771, 100, 69
2026-06-30T00:26:30,110910, 143771, 100, 65
2026-06-30T00:26:31,110910, 143771, 100, 66
2026-06-30T00:26:32,110910, 143771, 100, 65
2026-06-30T00:26:33,110910, 143771, 100, 66
2026-06-30T00:26:34,110910, 143771, 100, 65
2026-06-30T00:26:35,110910, 143771, 100, 66
2026-06-30T00:26:36,110910, 143771, 100, 64
2026-06-30T00:26:37,110910, 143771, 100, 64
2026-06-30T00:26:38,110910, 143771, 100, 64
2026-06-30T00:26:39,110910, 143771, 100, 64
2026-06-30T00:26:40,110910, 143771, 100, 67
2026-06-30T00:26:41,110910, 143771, 97, 63
2026-06-30T00:26:42,110910, 143771, 100, 65
2026-06-30T00:26:43,110910, 143771, 100, 66
2026-06-30T00:26:44,110910, 143771, 100, 64
2026-06-30T00:26:45,110910, 143771, 100, 64
2026-06-30T00:26:46,110910, 143771, 100, 64
2026-06-30T00:26:47,110910, 143771, 100, 63
2026-06-30T00:26:48,110910, 143771, 100, 64
2026-06-30T00:26:49,110910, 143771, 100, 65
2026-06-30T00:26:50,110910, 143771, 100, 64
2026-06-30T00:26:51,110910, 143771, 100, 65
2026-06-30T00:26:52,110910, 143771, 97, 64
2026-06-30T00:26:54,110910, 143771, 100, 64
2026-06-30T00:26:55,110910, 143771, 100, 66
2026-06-30T00:26:56,110910, 143771, 100, 61
2026-06-30T00:26:57,110910, 143771, 100, 66
2026-06-30T00:26:58,110910, 143771, 100, 63
2026-06-30T00:26:59,110910, 143771, 100, 65
2026-06-30T00:27:00,110910, 143771, 100, 63
2026-06-30T00:27:01,110910, 143771, 100, 65
2026-06-30T00:27:02,110910, 143771, 100, 66
2026-06-30T00:27:03,110910, 143771, 100, 66
2026-06-30T00:27:04,110910, 143771, 100, 65
2026-06-30T00:27:05,110910, 143771, 100, 64
2026-06-30T00:27:06,110910, 143771, 100, 63
2026-06-30T00:27:07,110910, 143771, 100, 65
2026-06-30T00:27:08,110910, 143771, 100, 66
2026-06-30T00:27:09,110910, 143771, 100, 65
2026-06-30T00:27:10,110910, 143771, 100, 61
2026-06-30T00:27:11,110910, 143771, 100, 66
2026-06-30T00:27:12,110910, 143771, 100, 65
2026-06-30T00:27:13,110910, 143771, 100, 64
2026-06-30T00:27:14,110910, 143771, 100, 64
2026-06-30T00:27:15,110910, 143771, 100, 66
2026-06-30T00:27:16,110910, 143771, 100, 65
2026-06-30T00:27:17,110910, 143771, 100, 66
2026-06-30T00:27:18,110910, 143771, 100, 64
2026-06-30T00:27:19,110910, 143771, 100, 64
2026-06-30T00:27:20,110910, 143771, 100, 63
2026-06-30T00:27:21,110910, 143771, 100, 65
2026-06-30T00:27:22,110910, 143771, 100, 66
2026-06-30T00:27:23,110910, 143771, 100, 65
2026-06-30T00:27:24,110910, 143771, 97, 61
2026-06-30T00:27:25,110910, 143771, 100, 64
2026-06-30T00:27:26,110910, 143771, 100, 63
2026-06-30T00:27:28,110910, 143771, 100, 64
2026-06-30T00:27:29,110910, 143771, 100, 66
2026-06-30T00:27:30,110910, 143771, 100, 66
2026-06-30T00:27:31,110910, 143771, 100, 66
2026-06-30T00:27:32,110910, 143771, 100, 66
2026-06-30T00:27:33,110910, 143771, 100, 64
2026-06-30T00:27:34,110910, 143771, 100, 64
2026-06-30T00:27:35,110910, 143771, 100, 64
2026-06-30T00:27:36,110910, 143771, 100, 65
2026-06-30T00:27:37,110910, 143771, 100, 66
2026-06-30T00:27:38,110910, 143771, 100, 66
2026-06-30T00:27:39,110910, 143771, 97, 65
2026-06-30T00:27:40,110910, 143771, 100, 63
2026-06-30T00:27:41,110910, 143771, 100, 66
2026-06-30T00:27:42,110910, 143771, 100, 63
2026-06-30T00:27:43,110910, 143771, 100, 63
2026-06-30T00:27:44,110910, 143771, 100, 65
2026-06-30T00:27:45,110910, 143771, 100, 66
2026-06-30T00:27:46,110910, 143771, 100, 64
2026-06-30T00:27:47,110910, 143771, 100, 65
2026-06-30T00:27:48,110910, 143771, 100, 64
2026-06-30T00:27:49,110910, 143771, 100, 64
2026-06-30T00:27:50,110910, 143771, 100, 64
2026-06-30T00:27:51,110910, 143771, 100, 64
2026-06-30T00:27:52,110910, 143771, 100, 64
2026-06-30T00:27:53,110910, 143771, 97, 63
2026-06-30T00:27:54,110910, 143771, 100, 65
2026-06-30T00:27:55,110910, 143771, 100, 64
2026-06-30T00:27:56,110910, 143771, 100, 66
2026-06-30T00:27:57,110910, 143771, 100, 66
2026-06-30T00:27:58,110910, 143771, 100, 64
2026-06-30T00:27:59,110910, 143771, 100, 65
2026-06-30T00:28:00,110910, 143771, 100, 64
2026-06-30T00:28:02,110910, 143771, 100, 65
2026-06-30T00:28:03,110910, 143771, 100, 64
2026-06-30T00:28:04,110910, 143771, 100, 65
2026-06-30T00:28:05,24250, 143771, 97, 56
2026-06-30T00:28:06,14560, 143771, 0, 51
2026-06-30T00:28:07,14560, 143771, 0, 49
2026-06-30T00:28:08,14560, 143771, 0, 48
2026-06-30T00:28:09,14560, 143771, 0, 48
2026-06-30T00:28:10,14560, 143771, 0, 47
2026-06-30T00:28:11,14560, 143771, 0, 46
2026-06-30T00:28:12,14560, 143771, 0, 46
2026-06-30T00:28:13,14564, 143771, 7, 45
2026-06-30T00:28:14,14570, 143771, 4, 45
2026-06-30T00:28:15,14576, 143771, 4, 44
2026-06-30T00:28:16,14582, 143771, 4, 44
2026-06-30T00:28:17,14584, 143771, 0, 43
2026-06-30T00:28:18,14584, 143771, 0, 43
2026-06-30T00:28:19,14584, 143771, 0, 43
2026-06-30T00:28:20,14584, 143771, 0, 42
2026-06-30T00:28:21,14584, 143771, 0, 42
2026-06-30T00:28:22,14584, 143771, 0, 42
2026-06-30T00:28:23,14584, 143771, 0, 41
2026-06-30T00:28:24,14584, 143771, 0, 41
2026-06-30T00:28:25,14584, 143771, 0, 41
2026-06-30T00:28:26,14584, 143771, 0, 41
2026-06-30T00:28:27,14584, 143771, 0, 40
2026-06-30T00:28:28,14584, 143771, 0, 40
2026-06-30T00:28:29,14584, 143771, 0, 40
2026-06-30T00:28:30,14584, 143771, 0, 40
2026-06-30T00:28:31,14584, 143771, 0, 39
2026-06-30T00:28:32,14584, 143771, 0, 39
2026-06-30T00:28:33,14584, 143771, 0, 39
2026-06-30T00:28:34,14584, 143771, 0, 39
2026-06-30T00:28:35,14584, 143771, 0, 39
2026-06-30T00:28:36,14584, 143771, 0, 39
2026-06-30T00:28:37,14584, 143771, 0, 38
2026-06-30T00:28:38,14584, 143771, 0, 38
2026-06-30T00:28:39,14584, 143771, 0, 38
2026-06-30T00:28:40,14584, 143771, 0, 38
2026-06-30T00:28:42,14584, 143771, 0, 38
2026-06-30T00:28:43,14584, 143771, 0, 38
2026-06-30T00:28:44,14584, 143771, 0, 38
2026-06-30T00:28:45,14584, 143771, 0, 38
2026-06-30T00:28:46,14584, 143771, 0, 37
2026-06-30T00:28:47,14584, 143771, 0, 37
2026-06-30T00:28:48,14584, 143771, 0, 37
2026-06-30T00:28:49,14584, 143771, 0, 37
2026-06-30T00:28:50,14584, 143771, 0, 37
2026-06-30T00:28:51,14584, 143771, 0, 37
2026-06-30T00:28:52,14584, 143771, 0, 37
2026-06-30T00:28:53,14584, 143771, 0, 37
2026-06-30T00:28:54,14584, 143771, 0, 37
2026-06-30T00:28:55,14584, 143771, 0, 37
2026-06-30T00:28:56,14584, 143771, 0, 36
2026-06-30T00:28:57,18366, 143771, 3, 36
2026-06-30T00:28:58,48146, 143771, 100, 52
2026-06-30T00:28:59,46982, 143771, 1, 38
2026-06-30T00:29:00,13032, 143771, 0, 37
2026-06-30T00:29:01,13032, 143771, 0, 37
2026-06-30T00:29:02,13032, 143771, 0, 37
2026-06-30T00:29:03,4, 143771, 0, 37
