2026-06-30T18:50:04,0, 143771, 0, 30
2026-06-30T18:50:05,0, 143771, 0, 30
2026-06-30T18:50:06,4, 143771, 0, 30
2026-06-30T18:50:07,4, 143771, 0, 30
2026-06-30T18:50:08,4, 143771, 0, 30
2026-06-30T18:50:09,4, 143771, 0, 30
2026-06-30T18:50:10,4, 143771, 0, 30
2026-06-30T18:50:11,4, 143771, 0, 30
2026-06-30T18:50:12,4, 143771, 0, 30
2026-06-30T18:50:13,526, 143771, 0, 31
2026-06-30T18:50:14,526, 143771, 0, 31
2026-06-30T18:50:15,526, 143771, 0, 31
2026-06-30T18:50:16,526, 143771, 0, 31
2026-06-30T18:50:17,526, 143771, 0, 31
2026-06-30T18:50:18,526, 143771, 0, 31
2026-06-30T18:50:19,1396, 143771, 0, 31
2026-06-30T18:50:20,1616, 143771, 0, 31
2026-06-30T18:50:21,7236, 143771, 6, 31
2026-06-30T18:50:22,7636, 143771, 0, 31
2026-06-30T18:50:23,8028, 143771, 1, 31
2026-06-30T18:50:24,9290, 143771, 1, 31
2026-06-30T18:50:25,9292, 143771, 3, 31
2026-06-30T18:50:26,36854, 143771, 1, 33
2026-06-30T18:50:27,43642, 143771, 76, 40
2026-06-30T18:50:28,44322, 143771, 100, 46
2026-06-30T18:50:29,44322, 143771, 94, 45
2026-06-30T18:50:30,49620, 143771, 100, 46
2026-06-30T18:50:31,49622, 143771, 96, 46
2026-06-30T18:50:33,49622, 143771, 100, 48
2026-06-30T18:50:34,49622, 143771, 98, 49
2026-06-30T18:50:35,49622, 143771, 100, 49
2026-06-30T18:50:36,49622, 143771, 100, 49
2026-06-30T18:50:37,49622, 143771, 94, 52
2026-06-30T18:50:38,49622, 143771, 100, 50
2026-06-30T18:50:39,49622, 143771, 96, 51
2026-06-30T18:50:40,49622, 143771, 100, 52
2026-06-30T18:50:41,49622, 143771, 81, 50
2026-06-30T18:50:42,49622, 143771, 100, 52
2026-06-30T18:50:43,49622, 143771, 98, 52
2026-06-30T18:50:44,49622, 143771, 99, 53
2026-06-30T18:50:45,49622, 143771, 100, 53
2026-06-30T18:50:46,49622, 143771, 99, 53
2026-06-30T18:50:47,49622, 143771, 100, 54
2026-06-30T18:50:48,49622, 143771, 96, 54
2026-06-30T18:50:49,49622, 143771, 100, 53
2026-06-30T18:50:50,49622, 143771, 93, 54
2026-06-30T18:50:51,49622, 143771, 100, 54
2026-06-30T18:50:52,49622, 143771, 86, 53
2026-06-30T18:50:53,49622, 143771, 100, 55
2026-06-30T18:50:54,49622, 143771, 100, 53
2026-06-30T18:50:55,49622, 143771, 100, 53
2026-06-30T18:50:56,49702, 143771, 100, 55
2026-06-30T18:50:57,49702, 143771, 100, 56
2026-06-30T18:50:58,49702, 143771, 98, 55
2026-06-30T18:50:59,49702, 143771, 100, 56
2026-06-30T18:51:00,49702, 143771, 94, 55
2026-06-30T18:51:01,49702, 143771, 100, 56
2026-06-30T18:51:02,49702, 143771, 80, 56
2026-06-30T18:51:03,49702, 143771, 100, 55
2026-06-30T18:51:04,49702, 143771, 95, 56
2026-06-30T18:51:05,49702, 143771, 100, 56
2026-06-30T18:51:06,49702, 143771, 100, 57
2026-06-30T18:51:07,49702, 143771, 100, 57
2026-06-30T18:51:08,49702, 143771, 100, 57
2026-06-30T18:51:09,49702, 143771, 94, 58
2026-06-30T18:51:11,49702, 143771, 100, 57
2026-06-30T18:51:12,49702, 143771, 93, 56
2026-06-30T18:51:13,49702, 143771, 100, 56
2026-06-30T18:51:14,49702, 143771, 82, 56
2026-06-30T18:51:15,49702, 143771, 100, 57
2026-06-30T18:51:16,49702, 143771, 97, 57
2026-06-30T18:51:17,49702, 143771, 100, 58
2026-06-30T18:51:18,49702, 143771, 100, 57
2026-06-30T18:51:19,49702, 143771, 98, 59
2026-06-30T18:51:20,49702, 143771, 100, 57
2026-06-30T18:51:21,49702, 143771, 96, 58
2026-06-30T18:51:22,49702, 143771, 100, 57
2026-06-30T18:51:23,49702, 143771, 86, 56
2026-06-30T18:51:24,49702, 143771, 100, 58
2026-06-30T18:51:25,49702, 143771, 96, 55
2026-06-30T18:51:26,49702, 143771, 100, 57
2026-06-30T18:51:27,49702, 143771, 97, 58
2026-06-30T18:51:28,49702, 143771, 99, 58
2026-06-30T18:51:29,49702, 143771, 100, 59
2026-06-30T18:51:30,49702, 143771, 95, 58
2026-06-30T18:51:31,49702, 143771, 100, 58
2026-06-30T18:51:32,49702, 143771, 84, 58
2026-06-30T18:51:33,49702, 143771, 100, 59
2026-06-30T18:51:34,49702, 143771, 78, 54
2026-06-30T18:51:35,49702, 143771, 100, 58
2026-06-30T18:51:36,49702, 143771, 100, 58
2026-06-30T18:51:37,49702, 143771, 99, 58
2026-06-30T18:51:38,49702, 143771, 100, 58
2026-06-30T18:51:39,49702, 143771, 98, 58
2026-06-30T18:51:40,49702, 143771, 100, 58
2026-06-30T18:51:41,49702, 143771, 94, 58
2026-06-30T18:51:42,49702, 143771, 100, 59
2026-06-30T18:51:43,49702, 143771, 80, 59
2026-06-30T18:51:44,49702, 143771, 100, 58
2026-06-30T18:51:45,49702, 143771, 82, 58
2026-06-30T18:51:46,49702, 143771, 100, 58
2026-06-30T18:51:47,49702, 143771, 98, 58
2026-06-30T18:51:49,49702, 143771, 98, 59
2026-06-30T18:51:50,49702, 143771, 100, 59
2026-06-30T18:51:51,49702, 143771, 98, 59
2026-06-30T18:51:52,49702, 143771, 100, 59
2026-06-30T18:51:53,49702, 143771, 96, 59
2026-06-30T18:51:54,49702, 143771, 100, 59
2026-06-30T18:51:55,49702, 143771, 82, 59
2026-06-30T18:51:56,49702, 143771, 100, 58
2026-06-30T18:51:57,49702, 143771, 78, 58
2026-06-30T18:51:58,49702, 143771, 100, 59
2026-06-30T18:51:59,49702, 143771, 100, 58
2026-06-30T18:52:00,49702, 143771, 98, 59
2026-06-30T18:52:01,49702, 143771, 100, 58
2026-06-30T18:52:02,49702, 143771, 97, 59
2026-06-30T18:52:03,49702, 143771, 100, 60
2026-06-30T18:52:04,49702, 143771, 93, 59
2026-06-30T18:52:05,49702, 143771, 100, 59
2026-06-30T18:52:06,49702, 143771, 78, 58
2026-06-30T18:52:07,49702, 143771, 100, 59
2026-06-30T18:52:08,49702, 143771, 81, 59
2026-06-30T18:52:09,49702, 143771, 100, 59
2026-06-30T18:52:10,49702, 143771, 100, 59
2026-06-30T18:52:11,49702, 143771, 94, 61
2026-06-30T18:52:12,49702, 143771, 100, 58
2026-06-30T18:52:13,49702, 143771, 96, 62
2026-06-30T18:52:14,49702, 143771, 100, 60
2026-06-30T18:52:15,49702, 143771, 96, 59
2026-06-30T18:52:16,49702, 143771, 100, 59
2026-06-30T18:52:17,49702, 143771, 77, 58
2026-06-30T18:52:18,49702, 143771, 100, 59
2026-06-30T18:52:19,49702, 143771, 97, 59
2026-06-30T18:52:20,49702, 143771, 100, 59
2026-06-30T18:52:21,49702, 143771, 100, 60
2026-06-30T18:52:22,49702, 143771, 96, 62
2026-06-30T18:52:23,49702, 143771, 100, 59
2026-06-30T18:52:24,49702, 143771, 96, 61
2026-06-30T18:52:25,49702, 143771, 100, 59
2026-06-30T18:52:27,49702, 143771, 95, 59
2026-06-30T18:52:28,49702, 143771, 100, 59
2026-06-30T18:52:29,49702, 143771, 95, 58
2026-06-30T18:52:30,49702, 143771, 100, 59
2026-06-30T18:52:31,49702, 143771, 96, 60
2026-06-30T18:52:32,49702, 143771, 99, 62
2026-06-30T18:52:33,49702, 143771, 100, 60
2026-06-30T18:52:34,49702, 143771, 96, 60
2026-06-30T18:52:35,49702, 143771, 100, 60
2026-06-30T18:52:36,49702, 143771, 79, 59
2026-06-30T18:52:37,49702, 143771, 100, 59
2026-06-30T18:52:38,49702, 143771, 96, 59
2026-06-30T18:52:39,49702, 143771, 100, 59
2026-06-30T18:52:40,49702, 143771, 100, 59
2026-06-30T18:52:41,49702, 143771, 97, 60
2026-06-30T18:52:42,49702, 143771, 100, 60
2026-06-30T18:52:43,49702, 143771, 97, 59
2026-06-30T18:52:44,49702, 143771, 100, 60
2026-06-30T18:52:45,49702, 143771, 80, 59
2026-06-30T18:52:46,49702, 143771, 100, 60
2026-06-30T18:52:47,49702, 143771, 79, 59
2026-06-30T18:52:48,49702, 143771, 100, 60
2026-06-30T18:52:49,49702, 143771, 99, 58
2026-06-30T18:52:50,49702, 143771, 100, 59
2026-06-30T18:52:51,49702, 143771, 100, 58
2026-06-30T18:52:52,49702, 143771, 97, 60
2026-06-30T18:52:53,49702, 143771, 100, 60
2026-06-30T18:52:54,49702, 143771, 97, 60
2026-06-30T18:52:55,49702, 143771, 100, 60
2026-06-30T18:52:56,49702, 143771, 72, 59
2026-06-30T18:52:57,49702, 143771, 100, 60
2026-06-30T18:52:58,49702, 143771, 79, 59
2026-06-30T18:52:59,49702, 143771, 100, 59
2026-06-30T18:53:00,49702, 143771, 100, 59
2026-06-30T18:53:01,49702, 143771, 100, 60
2026-06-30T18:53:02,49702, 143771, 100, 60
2026-06-30T18:53:03,49702, 143771, 96, 63
2026-06-30T18:53:05,49702, 143771, 100, 60
2026-06-30T18:53:06,49702, 143771, 96, 60
2026-06-30T18:53:07,49702, 143771, 100, 61
2026-06-30T18:53:08,49702, 143771, 81, 59
2026-06-30T18:53:09,49702, 143771, 100, 60
2026-06-30T18:53:10,49702, 143771, 95, 58
2026-06-30T18:53:11,49702, 143771, 100, 60
2026-06-30T18:53:12,49702, 143771, 100, 60
2026-06-30T18:53:13,49702, 143771, 100, 62
2026-06-30T18:53:14,49702, 143771, 100, 60
2026-06-30T18:53:15,49702, 143771, 93, 61
2026-06-30T18:53:16,49702, 143771, 100, 60
2026-06-30T18:53:17,49702, 143771, 96, 59
2026-06-30T18:53:18,49702, 143771, 100, 60
2026-06-30T18:53:19,49702, 143771, 88, 59
2026-06-30T18:53:20,49702, 143771, 100, 60
2026-06-30T18:53:21,49702, 143771, 97, 57
2026-06-30T18:53:22,49702, 143771, 100, 60
2026-06-30T18:53:23,49702, 143771, 100, 60
2026-06-30T18:53:24,49702, 143771, 99, 63
2026-06-30T18:53:25,49702, 143771, 100, 60
2026-06-30T18:53:26,49702, 143771, 96, 61
2026-06-30T18:53:27,49702, 143771, 100, 60
2026-06-30T18:53:28,49702, 143771, 95, 59
2026-06-30T18:53:29,49702, 143771, 100, 60
2026-06-30T18:53:30,49702, 143771, 98, 57
2026-06-30T18:53:31,49702, 143771, 100, 60
2026-06-30T18:53:32,49702, 143771, 98, 58
2026-06-30T18:53:33,49702, 143771, 100, 60
2026-06-30T18:53:34,49702, 143771, 100, 60
2026-06-30T18:53:35,49702, 143771, 100, 62
2026-06-30T18:53:36,49702, 143771, 100, 60
2026-06-30T18:53:37,49702, 143771, 96, 63
2026-06-30T18:53:38,49702, 143771, 100, 60
2026-06-30T18:53:39,49702, 143771, 96, 59
2026-06-30T18:53:40,49702, 143771, 100, 60
2026-06-30T18:53:41,49702, 143771, 81, 59
2026-06-30T18:53:43,49702, 143771, 100, 61
2026-06-30T18:53:44,49702, 143771, 86, 59
2026-06-30T18:53:45,49702, 143771, 100, 60
2026-06-30T18:53:46,49702, 143771, 100, 59
2026-06-30T18:53:47,49702, 143771, 100, 60
2026-06-30T18:53:48,49702, 143771, 100, 60
2026-06-30T18:53:49,49702, 143771, 96, 62
2026-06-30T18:53:50,49702, 143771, 100, 61
2026-06-30T18:53:51,49702, 143771, 93, 59
2026-06-30T18:53:52,49702, 143771, 100, 60
2026-06-30T18:53:53,49702, 143771, 87, 58
2026-06-30T18:53:54,49702, 143771, 100, 60
2026-06-30T18:53:55,49702, 143771, 98, 60
2026-06-30T18:53:56,49702, 143771, 100, 60
2026-06-30T18:53:57,49702, 143771, 100, 59
2026-06-30T18:53:58,49702, 143771, 99, 62
2026-06-30T18:53:59,49702, 143771, 100, 60
2026-06-30T18:54:00,49702, 143771, 94, 60
2026-06-30T18:54:01,49702, 143771, 100, 60
2026-06-30T18:54:02,49702, 143771, 81, 58
2026-06-30T18:54:03,49702, 143771, 100, 60
2026-06-30T18:54:04,49702, 143771, 98, 57
2026-06-30T18:54:05,49702, 143771, 100, 60
2026-06-30T18:54:06,49702, 143771, 98, 61
2026-06-30T18:54:07,49702, 143771, 99, 60
2026-06-30T18:54:08,49702, 143771, 100, 59
2026-06-30T18:54:09,49702, 143771, 98, 60
2026-06-30T18:54:10,49702, 143771, 100, 59
2026-06-30T18:54:11,49702, 143771, 96, 61
2026-06-30T18:54:12,49702, 143771, 100, 60
2026-06-30T18:54:13,49702, 143771, 73, 57
2026-06-30T18:54:14,49702, 143771, 100, 60
2026-06-30T18:54:15,49702, 143771, 100, 59
2026-06-30T18:54:16,49702, 143771, 98, 59
2026-06-30T18:54:17,49702, 143771, 100, 60
2026-06-30T18:54:18,49702, 143771, 97, 61
2026-06-30T18:54:19,49702, 143771, 100, 59
2026-06-30T18:54:21,49702, 143771, 97, 60
2026-06-30T18:54:22,49702, 143771, 100, 60
2026-06-30T18:54:23,49702, 143771, 93, 60
2026-06-30T18:54:24,49702, 143771, 100, 59
2026-06-30T18:54:25,49702, 143771, 74, 59
2026-06-30T18:54:26,49702, 143771, 100, 60
2026-06-30T18:54:27,49702, 143771, 100, 60
2026-06-30T18:54:28,49702, 143771, 97, 60
2026-06-30T18:54:29,49702, 143771, 100, 60
2026-06-30T18:54:30,49702, 143771, 96, 63
2026-06-30T18:54:31,49702, 143771, 100, 60
2026-06-30T18:54:32,49702, 143771, 92, 59
2026-06-30T18:54:33,49702, 143771, 100, 60
2026-06-30T18:54:34,49702, 143771, 95, 60
2026-06-30T18:54:35,49702, 143771, 100, 60
2026-06-30T18:54:36,49702, 143771, 97, 61
2026-06-30T18:54:37,49702, 143771, 100, 60
2026-06-30T18:54:38,49702, 143771, 100, 60
2026-06-30T18:54:39,49702, 143771, 94, 60
2026-06-30T18:54:40,49702, 143771, 100, 60
2026-06-30T18:54:41,49702, 143771, 92, 63
2026-06-30T18:54:42,49702, 143771, 100, 60
2026-06-30T18:54:43,49702, 143771, 78, 60
2026-06-30T18:54:44,49702, 143771, 100, 60
2026-06-30T18:54:45,49702, 143771, 94, 61
2026-06-30T18:54:46,49702, 143771, 100, 60
2026-06-30T18:54:47,49702, 143771, 75, 58
2026-06-30T18:54:48,49702, 143771, 100, 59
2026-06-30T18:54:49,49702, 143771, 100, 60
2026-06-30T18:54:50,49702, 143771, 93, 63
2026-06-30T18:54:51,49702, 143771, 100, 60
2026-06-30T18:54:52,49702, 143771, 88, 60
2026-06-30T18:54:53,49702, 143771, 100, 60
2026-06-30T18:54:54,49702, 143771, 91, 58
2026-06-30T18:54:55,49702, 143771, 100, 60
2026-06-30T18:54:56,49702, 143771, 96, 59
2026-06-30T18:54:57,49702, 143771, 100, 60
2026-06-30T18:54:59,49702, 143771, 98, 61
2026-06-30T18:55:00,49702, 143771, 99, 60
2026-06-30T18:55:01,49702, 143771, 100, 60
2026-06-30T18:55:02,49702, 143771, 94, 60
2026-06-30T18:55:03,49702, 143771, 100, 60
2026-06-30T18:55:04,49702, 143771, 77, 60
2026-06-30T18:55:05,49702, 143771, 100, 60
2026-06-30T18:55:06,49702, 143771, 82, 58
2026-06-30T18:55:07,49702, 143771, 100, 60
2026-06-30T18:55:08,49702, 143771, 96, 60
2026-06-30T18:55:09,49702, 143771, 99, 60
2026-06-30T18:55:10,49702, 143771, 100, 59
2026-06-30T18:55:11,49702, 143771, 98, 60
2026-06-30T18:55:12,49702, 143771, 100, 60
2026-06-30T18:55:13,49702, 143771, 80, 60
2026-06-30T18:55:14,49702, 143771, 100, 59
2026-06-30T18:55:15,49702, 143771, 79, 60
2026-06-30T18:55:16,49702, 143771, 100, 60
2026-06-30T18:55:17,49702, 143771, 98, 60
2026-06-30T18:55:18,49702, 143771, 100, 60
2026-06-30T18:55:19,49702, 143771, 99, 59
2026-06-30T18:55:20,49702, 143771, 100, 59
2026-06-30T18:55:21,49702, 143771, 100, 60
2026-06-30T18:55:22,49702, 143771, 99, 61
2026-06-30T18:55:23,49702, 143771, 100, 60
2026-06-30T18:55:24,49702, 143771, 93, 60
2026-06-30T18:55:25,49702, 143771, 100, 60
2026-06-30T18:55:26,49702, 143771, 91, 60
2026-06-30T18:55:27,49702, 143771, 100, 60
2026-06-30T18:55:28,49702, 143771, 76, 58
2026-06-30T18:55:29,49702, 143771, 100, 59
2026-06-30T18:55:30,49702, 143771, 97, 60
2026-06-30T18:55:31,49702, 143771, 99, 60
2026-06-30T18:55:32,49702, 143771, 100, 60
2026-06-30T18:55:33,49702, 143771, 99, 60
2026-06-30T18:55:34,49702, 143771, 100, 60
2026-06-30T18:55:36,49702, 143771, 77, 60
2026-06-30T18:55:37,49702, 143771, 100, 61
2026-06-30T18:55:38,49702, 143771, 76, 60
2026-06-30T18:55:39,49702, 143771, 100, 59
2026-06-30T18:55:40,49702, 143771, 100, 59
2026-06-30T18:55:41,49702, 143771, 100, 60
2026-06-30T18:55:42,49702, 143771, 100, 60
2026-06-30T18:55:43,49702, 143771, 96, 60
2026-06-30T18:55:44,49702, 143771, 100, 59
2026-06-30T18:55:45,49702, 143771, 96, 63
2026-06-30T18:55:46,49702, 143771, 100, 60
2026-06-30T18:55:47,49702, 143771, 77, 60
2026-06-30T18:55:48,49702, 143771, 100, 60
2026-06-30T18:55:49,49702, 143771, 82, 59
2026-06-30T18:55:50,49702, 143771, 100, 60
2026-06-30T18:55:51,49702, 143771, 100, 61
2026-06-30T18:55:52,49702, 143771, 100, 62
2026-06-30T18:55:53,49702, 143771, 100, 60
2026-06-30T18:55:54,49702, 143771, 96, 63
2026-06-30T18:55:55,49702, 143771, 100, 59
2026-06-30T18:55:56,49702, 143771, 96, 61
2026-06-30T18:55:57,49702, 143771, 100, 60
2026-06-30T18:55:58,49702, 143771, 81, 60
2026-06-30T18:55:59,49702, 143771, 100, 60
2026-06-30T18:56:00,49702, 143771, 81, 59
2026-06-30T18:56:01,49702, 143771, 100, 60
2026-06-30T18:56:02,49702, 143771, 100, 61
2026-06-30T18:56:03,49702, 143771, 100, 60
2026-06-30T18:56:04,49702, 143771, 100, 60
2026-06-30T18:56:05,49702, 143771, 96, 62
2026-06-30T18:56:06,49702, 143771, 100, 60
2026-06-30T18:56:07,49702, 143771, 93, 60
2026-06-30T18:56:08,49702, 143771, 100, 60
2026-06-30T18:56:09,49702, 143771, 84, 60
2026-06-30T18:56:10,49702, 143771, 100, 60
2026-06-30T18:56:11,49702, 143771, 80, 59
2026-06-30T18:56:12,49702, 143771, 100, 60
2026-06-30T18:56:14,49702, 143771, 100, 60
2026-06-30T18:56:15,49702, 143771, 100, 60
2026-06-30T18:56:16,49702, 143771, 100, 60
2026-06-30T18:56:17,49702, 143771, 96, 61
2026-06-30T18:56:18,49702, 143771, 100, 60
2026-06-30T18:56:19,49702, 143771, 92, 59
2026-06-30T18:56:20,49702, 143771, 100, 60
2026-06-30T18:56:21,49702, 143771, 95, 59
2026-06-30T18:56:22,49702, 143771, 100, 60
2026-06-30T18:56:23,49702, 143771, 97, 61
2026-06-30T18:56:24,49702, 143771, 100, 60
2026-06-30T18:56:25,49702, 143771, 100, 60
2026-06-30T18:56:26,49702, 143771, 100, 63
2026-06-30T18:56:27,49702, 143771, 100, 59
2026-06-30T18:56:28,49702, 143771, 93, 62
2026-06-30T18:56:29,49702, 143771, 100, 59
2026-06-30T18:56:30,49702, 143771, 92, 60
2026-06-30T18:56:31,49702, 143771, 100, 61
2026-06-30T18:56:32,49702, 143771, 92, 59
2026-06-30T18:56:33,49702, 143771, 100, 61
2026-06-30T18:56:34,49702, 143771, 97, 60
2026-06-30T18:56:35,49702, 143771, 100, 60
2026-06-30T18:56:36,49702, 143771, 100, 61
2026-06-30T18:56:37,49702, 143771, 100, 63
2026-06-30T18:56:38,49702, 143771, 100, 60
2026-06-30T18:56:39,49702, 143771, 92, 60
2026-06-30T18:56:40,49702, 143771, 100, 60
2026-06-30T18:56:41,49702, 143771, 96, 60
2026-06-30T18:56:42,49702, 143771, 100, 59
2026-06-30T18:56:43,49702, 143771, 96, 60
2026-06-30T18:56:44,49702, 143771, 100, 60
2026-06-30T18:56:45,49702, 143771, 98, 60
2026-06-30T18:56:46,49702, 143771, 98, 60
2026-06-30T18:56:47,49702, 143771, 100, 60
2026-06-30T18:56:48,49702, 143771, 93, 59
2026-06-30T18:56:49,49702, 143771, 100, 60
2026-06-30T18:56:51,49702, 143771, 77, 59
2026-06-30T18:56:52,49702, 143771, 100, 60
2026-06-30T18:56:53,49702, 143771, 93, 60
2026-06-30T18:56:54,49702, 143771, 100, 59
2026-06-30T18:56:55,49702, 143771, 100, 59
2026-06-30T18:56:56,49702, 143771, 100, 60
2026-06-30T18:56:57,49702, 143771, 100, 60
2026-06-30T18:56:58,49702, 143771, 98, 61
2026-06-30T18:56:59,49702, 143771, 100, 60
2026-06-30T18:57:00,49702, 143771, 96, 62
2026-06-30T18:57:01,49702, 143771, 100, 60
2026-06-30T18:57:02,49702, 143771, 76, 60
2026-06-30T18:57:03,49702, 143771, 100, 60
2026-06-30T18:57:04,49702, 143771, 94, 60
2026-06-30T18:57:05,49702, 143771, 100, 60
2026-06-30T18:57:06,49702, 143771, 100, 59
2026-06-30T18:57:07,49702, 143771, 100, 60
2026-06-30T18:57:08,49702, 143771, 100, 60
2026-06-30T18:57:09,49702, 143771, 93, 63
2026-06-30T18:57:10,49702, 143771, 100, 60
2026-06-30T18:57:11,49702, 143771, 96, 60
2026-06-30T18:57:12,49702, 143771, 100, 60
2026-06-30T18:57:13,49702, 143771, 93, 58
2026-06-30T18:57:14,49702, 143771, 100, 60
2026-06-30T18:57:15,49702, 143771, 98, 59
2026-06-30T18:57:16,49702, 143771, 100, 60
2026-06-30T18:57:17,49702, 143771, 100, 60
2026-06-30T18:57:18,49702, 143771, 97, 60
2026-06-30T18:57:19,49702, 143771, 100, 60
2026-06-30T18:57:20,49702, 143771, 76, 60
2026-06-30T18:57:21,49702, 143771, 100, 60
2026-06-30T18:57:22,49702, 143771, 78, 60
2026-06-30T18:57:23,49702, 143771, 100, 60
2026-06-30T18:57:24,49702, 143771, 100, 60
2026-06-30T18:57:25,49702, 143771, 100, 60
2026-06-30T18:57:26,49702, 143771, 100, 61
2026-06-30T18:57:27,49702, 143771, 92, 63
2026-06-30T18:57:29,49702, 143771, 100, 60
2026-06-30T18:57:30,49702, 143771, 95, 60
2026-06-30T18:57:31,49702, 143771, 100, 60
2026-06-30T18:57:32,49702, 143771, 78, 59
2026-06-30T18:57:33,49702, 143771, 100, 60
2026-06-30T18:57:34,49702, 143771, 96, 60
2026-06-30T18:57:35,49702, 143771, 100, 60
2026-06-30T18:57:36,49702, 143771, 100, 61
2026-06-30T18:57:37,49702, 143771, 99, 63
2026-06-30T18:57:38,49702, 143771, 100, 61
2026-06-30T18:57:39,49702, 143771, 87, 60
2026-06-30T18:57:40,49702, 143771, 100, 59
2026-06-30T18:57:41,49702, 143771, 93, 60
2026-06-30T18:57:42,49702, 143771, 100, 60
2026-06-30T18:57:43,49702, 143771, 100, 58
2026-06-30T18:57:44,49702, 143771, 100, 61
2026-06-30T18:57:45,49702, 143771, 100, 60
2026-06-30T18:57:46,49702, 143771, 96, 62
2026-06-30T18:57:47,49702, 143771, 100, 60
2026-06-30T18:57:48,49702, 143771, 80, 58
2026-06-30T18:57:49,49702, 143771, 100, 60
2026-06-30T18:57:50,49702, 143771, 95, 56
2026-06-30T18:57:51,49702, 143771, 100, 60
2026-06-30T18:57:52,49702, 143771, 96, 59
2026-06-30T18:57:53,49702, 143771, 99, 60
2026-06-30T18:57:54,49702, 143771, 100, 59
2026-06-30T18:57:55,49702, 143771, 98, 60
2026-06-30T18:57:56,49702, 143771, 100, 59
2026-06-30T18:57:57,49702, 143771, 77, 59
2026-06-30T18:57:58,49702, 143771, 100, 60
2026-06-30T18:57:59,49702, 143771, 77, 60
2026-06-30T18:58:00,49702, 143771, 100, 60
2026-06-30T18:58:01,49702, 143771, 100, 59
2026-06-30T18:58:02,49702, 143771, 100, 60
2026-06-30T18:58:03,49702, 143771, 100, 60
2026-06-30T18:58:04,49702, 143771, 92, 62
2026-06-30T18:58:06,49702, 143771, 100, 60
2026-06-30T18:58:07,49702, 143771, 96, 60
2026-06-30T18:58:08,49702, 143771, 100, 60
2026-06-30T18:58:09,49702, 143771, 93, 58
2026-06-30T18:58:10,49702, 143771, 100, 60
2026-06-30T18:58:11,49702, 143771, 97, 58
2026-06-30T18:58:12,49702, 143771, 100, 60
2026-06-30T18:58:13,49702, 143771, 100, 61
2026-06-30T18:58:14,49702, 143771, 96, 60
2026-06-30T18:58:15,49702, 143771, 100, 60
2026-06-30T18:58:16,49702, 143771, 77, 60
2026-06-30T18:58:17,49702, 143771, 100, 60
2026-06-30T18:58:18,49702, 143771, 91, 60
2026-06-30T18:58:19,49702, 143771, 100, 60
2026-06-30T18:58:20,49702, 143771, 100, 58
2026-06-30T18:58:21,49702, 143771, 100, 60
2026-06-30T18:58:22,49702, 143771, 100, 59
2026-06-30T18:58:23,49702, 143771, 96, 63
2026-06-30T18:58:24,49702, 143771, 100, 61
2026-06-30T18:58:25,49702, 143771, 94, 59
2026-06-30T18:58:26,49702, 143771, 100, 60
2026-06-30T18:58:27,49702, 143771, 96, 57
2026-06-30T18:58:28,49702, 143771, 100, 60
2026-06-30T18:58:29,49702, 143771, 96, 59
2026-06-30T18:58:30,49702, 143771, 99, 60
2026-06-30T18:58:31,49702, 143771, 100, 61
2026-06-30T18:58:32,49702, 143771, 98, 60
2026-06-30T18:58:33,49702, 143771, 100, 60
2026-06-30T18:58:34,49702, 143771, 75, 59
2026-06-30T18:58:35,49702, 143771, 100, 60
2026-06-30T18:58:36,49702, 143771, 77, 59
2026-06-30T18:58:37,49702, 143771, 100, 60
2026-06-30T18:58:38,49702, 143771, 100, 61
2026-06-30T18:58:39,49702, 143771, 100, 62
2026-06-30T18:58:40,49702, 143771, 100, 60
2026-06-30T18:58:41,49702, 143771, 93, 60
2026-06-30T18:58:43,49702, 143771, 100, 60
2026-06-30T18:58:44,49702, 143771, 96, 60
2026-06-30T18:58:45,49702, 143771, 100, 60
2026-06-30T18:58:46,49702, 143771, 96, 58
2026-06-30T18:58:47,49702, 143771, 100, 60
2026-06-30T18:58:48,49702, 143771, 100, 60
2026-06-30T18:58:49,49702, 143771, 98, 60
2026-06-30T18:58:50,49702, 143771, 100, 60
2026-06-30T18:58:51,49702, 143771, 98, 60
2026-06-30T18:58:52,49702, 143771, 100, 60
2026-06-30T18:58:53,49702, 143771, 85, 61
2026-06-30T18:58:54,49702, 143771, 100, 60
2026-06-30T18:58:55,49702, 143771, 93, 60
2026-06-30T18:58:56,49702, 143771, 100, 60
2026-06-30T18:58:57,49702, 143771, 98, 60
2026-06-30T18:58:58,49702, 143771, 100, 60
2026-06-30T18:58:59,49702, 143771, 100, 60
2026-06-30T18:59:00,49702, 143771, 99, 60
2026-06-30T18:59:01,49702, 143771, 100, 59
2026-06-30T18:59:02,49702, 143771, 99, 60
2026-06-30T18:59:03,49702, 143771, 100, 61
2026-06-30T18:59:04,49702, 143771, 75, 60
2026-06-30T18:59:05,49702, 143771, 100, 60
2026-06-30T18:59:06,49702, 143771, 92, 60
2026-06-30T18:59:07,49702, 143771, 100, 60
2026-06-30T18:59:08,49702, 143771, 100, 59
2026-06-30T18:59:09,49702, 143771, 100, 60
2026-06-30T18:59:10,49702, 143771, 100, 61
2026-06-30T18:59:11,49702, 143771, 92, 62
2026-06-30T18:59:12,49702, 143771, 100, 60
2026-06-30T18:59:13,49702, 143771, 92, 61
2026-06-30T18:59:14,49702, 143771, 100, 60
2026-06-30T18:59:15,49702, 143771, 77, 59
2026-06-30T18:59:16,49702, 143771, 100, 60
2026-06-30T18:59:17,49702, 143771, 95, 60
2026-06-30T18:59:18,49702, 143771, 100, 60
2026-06-30T18:59:20,49702, 143771, 98, 60
2026-06-30T18:59:21,49702, 143771, 99, 60
2026-06-30T18:59:22,49702, 143771, 100, 60
2026-06-30T18:59:23,49702, 143771, 93, 62
2026-06-30T18:59:24,49702, 143771, 100, 60
2026-06-30T18:59:25,49702, 143771, 85, 60
2026-06-30T18:59:26,49702, 143771, 100, 60
2026-06-30T18:59:27,49702, 143771, 98, 60
2026-06-30T18:59:28,49702, 143771, 100, 60
2026-06-30T18:59:29,49702, 143771, 99, 59
2026-06-30T18:59:30,49702, 143771, 99, 60
2026-06-30T18:59:31,49702, 143771, 100, 60
2026-06-30T18:59:32,49702, 143771, 98, 60
2026-06-30T18:59:33,49702, 143771, 100, 60
2026-06-30T18:59:34,49702, 143771, 79, 60
2026-06-30T18:59:35,49702, 143771, 100, 60
2026-06-30T18:59:36,49702, 143771, 77, 60
2026-06-30T18:59:37,49702, 143771, 100, 60
2026-06-30T18:59:38,49702, 143771, 77, 59
2026-06-30T18:59:39,49702, 143771, 100, 60
2026-06-30T18:59:40,49702, 143771, 100, 60
2026-06-30T18:59:41,49702, 143771, 98, 61
2026-06-30T18:59:42,49702, 143771, 100, 60
2026-06-30T18:59:43,49702, 143771, 97, 61
2026-06-30T18:59:44,49702, 143771, 100, 61
2026-06-30T18:59:45,49702, 143771, 96, 60
2026-06-30T18:59:46,49702, 143771, 100, 61
2026-06-30T18:59:47,49702, 143771, 73, 60
2026-06-30T18:59:48,49702, 143771, 100, 60
2026-06-30T18:59:49,49702, 143771, 85, 59
2026-06-30T18:59:50,49702, 143771, 100, 60
2026-06-30T18:59:51,49702, 143771, 100, 60
2026-06-30T18:59:52,49702, 143771, 96, 61
2026-06-30T18:59:53,49702, 143771, 100, 60
2026-06-30T18:59:54,49702, 143771, 96, 60
2026-06-30T18:59:55,49702, 143771, 100, 60
2026-06-30T18:59:57,49702, 143771, 74, 57
2026-06-30T18:59:58,49702, 143771, 100, 60
2026-06-30T18:59:59,49702, 143771, 98, 60
2026-06-30T19:00:00,49702, 143771, 99, 60
2026-06-30T19:00:01,49702, 143771, 100, 60
2026-06-30T19:00:02,49702, 143771, 99, 60
2026-06-30T19:00:03,49702, 143771, 100, 60
2026-06-30T19:00:04,49702, 143771, 87, 60
2026-06-30T19:00:05,49702, 143771, 100, 60
2026-06-30T19:00:06,49702, 143771, 96, 60
2026-06-30T19:00:07,49702, 143771, 100, 61
2026-06-30T19:00:08,49702, 143771, 78, 60
2026-06-30T19:00:09,49702, 143771, 100, 60
2026-06-30T19:00:10,49702, 143771, 100, 60
2026-06-30T19:00:11,49702, 143771, 99, 60
2026-06-30T19:00:12,49702, 143771, 100, 60
2026-06-30T19:00:13,49702, 143771, 96, 60
2026-06-30T19:00:14,49702, 143771, 100, 61
2026-06-30T19:00:15,49702, 143771, 79, 60
2026-06-30T19:00:16,49702, 143771, 100, 60
2026-06-30T19:00:17,49702, 143771, 96, 60
2026-06-30T19:00:18,49702, 143771, 100, 59
2026-06-30T19:00:19,49702, 143771, 79, 60
2026-06-30T19:00:20,49702, 143771, 100, 60
2026-06-30T19:00:21,49702, 143771, 100, 60
2026-06-30T19:00:22,49702, 143771, 99, 60
2026-06-30T19:00:23,49702, 143771, 100, 60
2026-06-30T19:00:24,49702, 143771, 96, 60
2026-06-30T19:00:25,49702, 143771, 100, 60
2026-06-30T19:00:26,49702, 143771, 72, 59
2026-06-30T19:00:27,49702, 143771, 100, 60
2026-06-30T19:00:28,49702, 143771, 91, 60
2026-06-30T19:00:29,49702, 143771, 100, 60
2026-06-30T19:00:30,49702, 143771, 96, 60
2026-06-30T19:00:31,49702, 143771, 100, 60
2026-06-30T19:00:32,49702, 143771, 100, 60
2026-06-30T19:00:34,49702, 143771, 96, 61
2026-06-30T19:00:35,49702, 143771, 100, 59
2026-06-30T19:00:36,49702, 143771, 96, 63
2026-06-30T19:00:37,49702, 143771, 100, 60
2026-06-30T19:00:38,49702, 143771, 79, 60
2026-06-30T19:00:39,49702, 143771, 100, 59
2026-06-30T19:00:40,49702, 143771, 93, 60
2026-06-30T19:00:41,49702, 143771, 100, 60
2026-06-30T19:00:42,49702, 143771, 100, 60
2026-06-30T19:00:43,49702, 143771, 100, 60
2026-06-30T19:00:44,49702, 143771, 100, 60
2026-06-30T19:00:45,49702, 143771, 94, 60
2026-06-30T19:00:46,49702, 143771, 100, 59
2026-06-30T19:00:47,49702, 143771, 93, 62
2026-06-30T19:00:48,49702, 143771, 100, 59
2026-06-30T19:00:49,49702, 143771, 78, 60
2026-06-30T19:00:50,49702, 143771, 100, 60
2026-06-30T19:00:51,49702, 143771, 94, 60
2026-06-30T19:00:52,49702, 143771, 100, 60
2026-06-30T19:00:53,49702, 143771, 100, 60
2026-06-30T19:00:54,49702, 143771, 100, 60
2026-06-30T19:00:55,49702, 143771, 100, 60
2026-06-30T19:00:56,49702, 143771, 97, 60
2026-06-30T19:00:57,49702, 143771, 100, 60
2026-06-30T19:00:58,49702, 143771, 93, 62
2026-06-30T19:00:59,49702, 143771, 100, 60
2026-06-30T19:01:00,49702, 143771, 76, 60
2026-06-30T19:01:01,49702, 143771, 100, 59
2026-06-30T19:01:02,49702, 143771, 92, 59
2026-06-30T19:01:03,49702, 143771, 100, 59
2026-06-30T19:01:04,49702, 143771, 100, 60
2026-06-30T19:01:05,49702, 143771, 100, 63
2026-06-30T19:01:06,49702, 143771, 100, 60
2026-06-30T19:01:07,49702, 143771, 96, 60
2026-06-30T19:01:08,49702, 143771, 100, 59
2026-06-30T19:01:09,49702, 143771, 90, 60
2026-06-30T19:01:10,49702, 143771, 100, 60
2026-06-30T19:01:12,49702, 143771, 97, 56
2026-06-30T19:01:13,49702, 143771, 100, 60
2026-06-30T19:01:14,49702, 143771, 96, 59
2026-06-30T19:01:15,49702, 143771, 99, 60
2026-06-30T19:01:16,49702, 143771, 100, 60
2026-06-30T19:01:17,49702, 143771, 96, 60
2026-06-30T19:01:18,49702, 143771, 100, 59
2026-06-30T19:01:19,49702, 143771, 86, 60
2026-06-30T19:01:20,49702, 143771, 100, 60
2026-06-30T19:01:21,49702, 143771, 81, 60
2026-06-30T19:01:22,49702, 143771, 100, 59
2026-06-30T19:01:23,49702, 143771, 97, 57
2026-06-30T19:01:24,49702, 143771, 100, 59
2026-06-30T19:01:25,49702, 143771, 100, 58
2026-06-30T19:01:26,49702, 143771, 97, 60
2026-06-30T19:01:27,49702, 143771, 100, 60
2026-06-30T19:01:28,49702, 143771, 96, 60
2026-06-30T19:01:29,49702, 143771, 100, 60
2026-06-30T19:01:30,49702, 143771, 78, 60
2026-06-30T19:01:31,49702, 143771, 100, 60
2026-06-30T19:01:32,49702, 143771, 80, 59
2026-06-30T19:01:33,49702, 143771, 100, 60
2026-06-30T19:01:34,49702, 143771, 100, 59
2026-06-30T19:01:35,49702, 143771, 100, 60
2026-06-30T19:01:36,49702, 143771, 100, 60
2026-06-30T19:01:37,49702, 143771, 95, 60
2026-06-30T19:01:38,49702, 143771, 100, 60
2026-06-30T19:01:39,49702, 143771, 93, 60
2026-06-30T19:01:40,49702, 143771, 100, 60
2026-06-30T19:01:41,49702, 143771, 80, 60
2026-06-30T19:01:42,49702, 143771, 100, 60
2026-06-30T19:01:43,49702, 143771, 74, 59
2026-06-30T19:01:44,49702, 143771, 100, 60
2026-06-30T19:01:45,49702, 143771, 100, 57
2026-06-30T19:01:46,49702, 143771, 100, 60
2026-06-30T19:01:47,49702, 143771, 100, 59
2026-06-30T19:01:48,49702, 143771, 93, 61
2026-06-30T19:01:50,49702, 143771, 100, 60
2026-06-30T19:01:51,49702, 143771, 96, 60
2026-06-30T19:01:52,49702, 143771, 100, 59
2026-06-30T19:01:53,49702, 143771, 80, 60
2026-06-30T19:01:54,49702, 143771, 100, 60
2026-06-30T19:01:55,49702, 143771, 80, 58
2026-06-30T19:01:56,49702, 143771, 100, 60
2026-06-30T19:01:57,49702, 143771, 100, 59
2026-06-30T19:01:58,49702, 143771, 100, 60
2026-06-30T19:01:59,49702, 143771, 100, 60
2026-06-30T19:02:00,49702, 143771, 94, 62
2026-06-30T19:02:01,49702, 143771, 100, 59
2026-06-30T19:02:02,49702, 143771, 93, 60
2026-06-30T19:02:03,49702, 143771, 100, 60
2026-06-30T19:02:04,49702, 143771, 75, 59
2026-06-30T19:02:05,49702, 143771, 100, 60
2026-06-30T19:02:06,49702, 143771, 97, 60
2026-06-30T19:02:07,49702, 143771, 100, 60
2026-06-30T19:02:08,49702, 143771, 100, 61
2026-06-30T19:02:09,49702, 143771, 99, 63
2026-06-30T19:02:10,49702, 143771, 100, 60
2026-06-30T19:02:11,49702, 143771, 96, 61
2026-06-30T19:02:12,49702, 143771, 100, 60
2026-06-30T19:02:13,49702, 143771, 94, 60
2026-06-30T19:02:14,49702, 143771, 100, 60
2026-06-30T19:02:15,49702, 143771, 97, 60
2026-06-30T19:02:16,49702, 143771, 100, 60
2026-06-30T19:02:17,49702, 143771, 100, 60
2026-06-30T19:02:18,49702, 143771, 99, 60
2026-06-30T19:02:19,49702, 143771, 100, 60
2026-06-30T19:02:20,49702, 143771, 80, 60
2026-06-30T19:02:21,49702, 143771, 100, 60
2026-06-30T19:02:22,49702, 143771, 76, 59
2026-06-30T19:02:23,49702, 143771, 100, 60
2026-06-30T19:02:24,49702, 143771, 94, 58
2026-06-30T19:02:25,49702, 143771, 100, 60
2026-06-30T19:02:26,49702, 143771, 100, 59
2026-06-30T19:02:28,49702, 143771, 96, 60
2026-06-30T19:02:29,49702, 143771, 100, 60
2026-06-30T19:02:30,49702, 143771, 97, 60
2026-06-30T19:02:31,49702, 143771, 100, 60
2026-06-30T19:02:32,49702, 143771, 96, 60
2026-06-30T19:02:33,49702, 143771, 100, 60
2026-06-30T19:02:34,49702, 143771, 75, 60
2026-06-30T19:02:35,49702, 143771, 100, 60
2026-06-30T19:02:36,49702, 143771, 95, 58
2026-06-30T19:02:37,49702, 143771, 100, 59
2026-06-30T19:02:38,49702, 143771, 100, 60
2026-06-30T19:02:39,49702, 143771, 93, 61
2026-06-30T19:02:40,49702, 143771, 100, 60
2026-06-30T19:02:41,49702, 143771, 96, 62
2026-06-30T19:02:42,49702, 143771, 100, 60
2026-06-30T19:02:43,49702, 143771, 75, 59
2026-06-30T19:02:44,49702, 143771, 100, 60
2026-06-30T19:02:45,49702, 143771, 91, 59
2026-06-30T19:02:46,49702, 143771, 100, 61
2026-06-30T19:02:47,49702, 143771, 97, 60
2026-06-30T19:02:48,49702, 143771, 100, 60
2026-06-30T19:02:49,49702, 143771, 100, 59
2026-06-30T19:02:50,49702, 143771, 96, 63
2026-06-30T19:02:51,49702, 143771, 100, 60
2026-06-30T19:02:52,49702, 143771, 96, 61
2026-06-30T19:02:53,49702, 143771, 100, 60
2026-06-30T19:02:54,49702, 143771, 86, 59
2026-06-30T19:02:55,49702, 143771, 100, 60
2026-06-30T19:02:56,49702, 143771, 97, 58
2026-06-30T19:02:57,49702, 143771, 100, 60
2026-06-30T19:02:58,49702, 143771, 95, 60
2026-06-30T19:02:59,49702, 143771, 98, 60
2026-06-30T19:03:00,49702, 143771, 100, 59
2026-06-30T19:03:01,49702, 143771, 96, 60
2026-06-30T19:03:02,49702, 143771, 100, 60
2026-06-30T19:03:03,49702, 143771, 92, 60
2026-06-30T19:03:04,49702, 143771, 100, 60
2026-06-30T19:03:06,49702, 143771, 97, 60
2026-06-30T19:03:07,49702, 143771, 100, 60
2026-06-30T19:03:08,49702, 143771, 97, 60
2026-06-30T19:03:09,49702, 143771, 98, 59
2026-06-30T19:03:10,49702, 143771, 100, 60
2026-06-30T19:03:11,49702, 143771, 96, 60
2026-06-30T19:03:12,49702, 143771, 100, 60
2026-06-30T19:03:13,49702, 143771, 92, 60
2026-06-30T19:03:14,49702, 143771, 100, 60
2026-06-30T19:03:15,49702, 143771, 73, 59
2026-06-30T19:03:16,49702, 143771, 100, 60
2026-06-30T19:03:17,49702, 143771, 100, 59
2026-06-30T19:03:18,49702, 143771, 100, 61
2026-06-30T19:03:19,49702, 143771, 100, 60
2026-06-30T19:03:20,49702, 143771, 97, 61
2026-06-30T19:03:21,49702, 143771, 100, 59
2026-06-30T19:03:22,49702, 143771, 96, 62
2026-06-30T19:03:23,49702, 143771, 100, 61
2026-06-30T19:03:24,49702, 143771, 94, 60
2026-06-30T19:03:25,49702, 143771, 100, 60
2026-06-30T19:03:26,49702, 143771, 95, 58
2026-06-30T19:03:27,49702, 143771, 100, 60
2026-06-30T19:03:28,49702, 143771, 100, 59
2026-06-30T19:03:29,49702, 143771, 99, 61
2026-06-30T19:03:30,49702, 143771, 100, 60
2026-06-30T19:03:31,49702, 143771, 91, 60
2026-06-30T19:03:32,49702, 143771, 100, 60
2026-06-30T19:03:33,49702, 143771, 78, 60
2026-06-30T19:03:34,49702, 143771, 100, 60
2026-06-30T19:03:35,49702, 143771, 100, 58
2026-06-30T19:03:36,49702, 143771, 100, 59
2026-06-30T19:03:37,49702, 143771, 100, 58
2026-06-30T19:03:38,49702, 143771, 97, 60
2026-06-30T19:03:39,49702, 143771, 100, 60
2026-06-30T19:03:40,49702, 143771, 97, 60
2026-06-30T19:03:41,49702, 143771, 100, 60
2026-06-30T19:03:42,49702, 143771, 75, 59
2026-06-30T19:03:44,49702, 143771, 100, 60
2026-06-30T19:03:45,49702, 143771, 95, 58
2026-06-30T19:03:46,49702, 143771, 100, 60
2026-06-30T19:03:47,49702, 143771, 100, 60
2026-06-30T19:03:48,49702, 143771, 100, 62
2026-06-30T19:03:49,49702, 143771, 100, 60
2026-06-30T19:03:50,49702, 143771, 94, 60
2026-06-30T19:03:51,49702, 143771, 100, 60
2026-06-30T19:03:52,49702, 143771, 79, 58
2026-06-30T19:03:53,49702, 143771, 100, 59
2026-06-30T19:03:54,49702, 143771, 97, 58
2026-06-30T19:03:55,49702, 143771, 100, 60
2026-06-30T19:03:56,49702, 143771, 100, 60
2026-06-30T19:03:57,49702, 143771, 98, 60
2026-06-30T19:03:58,49702, 143771, 100, 60
2026-06-30T19:03:59,49702, 143771, 92, 60
2026-06-30T19:04:00,49702, 143771, 100, 60
2026-06-30T19:04:01,49702, 143771, 92, 60
2026-06-30T19:04:02,49702, 143771, 100, 60
2026-06-30T19:04:03,49702, 143771, 84, 59
2026-06-30T19:04:04,49702, 143771, 100, 60
2026-06-30T19:04:05,49702, 143771, 100, 59
2026-06-30T19:04:06,49702, 143771, 100, 60
2026-06-30T19:04:07,49702, 143771, 100, 60
2026-06-30T19:04:08,49702, 143771, 100, 59
2026-06-30T19:04:09,49702, 143771, 94, 61
2026-06-30T19:04:10,49702, 143771, 100, 60
2026-06-30T19:04:11,49702, 143771, 96, 62
2026-06-30T19:04:12,49702, 143771, 100, 60
2026-06-30T19:04:13,49702, 143771, 75, 59
2026-06-30T19:04:14,49702, 143771, 100, 59
2026-06-30T19:04:15,49702, 143771, 95, 60
2026-06-30T19:04:16,49702, 143771, 100, 60
2026-06-30T19:04:17,49702, 143771, 100, 60
2026-06-30T19:04:18,49702, 143771, 100, 60
2026-06-30T19:04:19,49702, 143771, 100, 60
2026-06-30T19:04:21,49702, 143771, 94, 61
2026-06-30T19:04:22,49702, 143771, 100, 61
2026-06-30T19:04:23,49702, 143771, 93, 61
2026-06-30T19:04:24,49702, 143771, 100, 59
2026-06-30T19:04:25,49702, 143771, 79, 59
2026-06-30T19:04:26,49702, 143771, 100, 60
2026-06-30T19:04:27,49702, 143771, 96, 59
2026-06-30T19:04:28,49702, 143771, 98, 60
2026-06-30T19:04:29,49702, 143771, 100, 60
2026-06-30T19:04:30,49702, 143771, 98, 60
2026-06-30T19:04:31,49702, 143771, 100, 60
2026-06-30T19:04:32,49702, 143771, 76, 60
2026-06-30T19:04:33,49702, 143771, 100, 60
2026-06-30T19:04:34,49702, 143771, 77, 60
2026-06-30T19:04:35,49702, 143771, 100, 60
2026-06-30T19:04:36,49702, 143771, 100, 58
2026-06-30T19:04:37,49702, 143771, 100, 60
2026-06-30T19:04:38,49702, 143771, 100, 60
2026-06-30T19:04:39,49702, 143771, 91, 60
2026-06-30T19:04:40,49702, 143771, 100, 59
2026-06-30T19:04:41,49702, 143771, 94, 60
2026-06-30T19:04:42,49702, 143771, 100, 60
2026-06-30T19:04:43,49702, 143771, 81, 59
2026-06-30T19:04:44,49702, 143771, 100, 60
2026-06-30T19:04:45,49702, 143771, 97, 58
2026-06-30T19:04:46,49702, 143771, 100, 60
2026-06-30T19:04:47,49702, 143771, 100, 60
2026-06-30T19:04:48,49702, 143771, 97, 59
2026-06-30T19:04:49,49702, 143771, 100, 60
2026-06-30T19:04:50,49702, 143771, 78, 60
2026-06-30T19:04:51,49702, 143771, 100, 60
2026-06-30T19:04:52,49702, 143771, 94, 60
2026-06-30T19:04:53,49702, 143771, 100, 60
2026-06-30T19:04:54,49702, 143771, 100, 58
2026-06-30T19:04:55,49702, 143771, 100, 60
2026-06-30T19:04:56,49702, 143771, 100, 59
2026-06-30T19:04:57,49702, 143771, 97, 60
2026-06-30T19:04:59,49702, 143771, 100, 60
2026-06-30T19:05:00,49702, 143771, 94, 59
2026-06-30T19:05:01,49702, 143771, 100, 60
2026-06-30T19:05:02,49702, 143771, 80, 59
2026-06-30T19:05:03,49702, 143771, 100, 60
2026-06-30T19:05:04,49702, 143771, 95, 60
2026-06-30T19:05:05,49702, 143771, 100, 60
2026-06-30T19:05:06,49702, 143771, 100, 61
2026-06-30T19:05:07,49702, 143771, 100, 63
2026-06-30T19:05:08,49702, 143771, 100, 59
2026-06-30T19:05:09,49702, 143771, 96, 62
2026-06-30T19:05:10,49702, 143771, 100, 60
2026-06-30T19:05:11,49702, 143771, 92, 59
2026-06-30T19:05:12,49702, 143771, 100, 60
2026-06-30T19:05:13,49702, 143771, 81, 58
2026-06-30T19:05:14,49702, 143771, 100, 60
2026-06-30T19:05:15,49702, 143771, 95, 60
2026-06-30T19:05:16,49702, 143771, 100, 60
2026-06-30T19:05:17,49702, 143771, 100, 60
2026-06-30T19:05:18,49702, 143771, 95, 60
2026-06-30T19:05:19,49702, 143771, 100, 59
2026-06-30T19:05:20,49702, 143771, 85, 60
2026-06-30T19:05:21,49702, 143771, 100, 60
2026-06-30T19:05:22,49702, 143771, 81, 60
2026-06-30T19:05:23,49702, 143771, 100, 60
2026-06-30T19:05:24,49702, 143771, 98, 59
2026-06-30T19:05:25,49702, 143771, 100, 60
2026-06-30T19:05:26,49702, 143771, 100, 58
2026-06-30T19:05:27,49702, 143771, 96, 60
2026-06-30T19:05:28,49702, 143771, 100, 60
2026-06-30T19:05:29,49702, 143771, 94, 60
2026-06-30T19:05:30,49702, 143771, 100, 60
2026-06-30T19:05:31,49702, 143771, 77, 59
2026-06-30T19:05:32,49702, 143771, 100, 60
2026-06-30T19:05:33,49702, 143771, 87, 59
2026-06-30T19:05:34,49702, 143771, 100, 60
2026-06-30T19:05:36,49702, 143771, 100, 60
2026-06-30T19:05:37,49702, 143771, 99, 62
2026-06-30T19:05:38,49702, 143771, 100, 60
2026-06-30T19:05:39,49702, 143771, 96, 60
2026-06-30T19:05:40,49702, 143771, 100, 60
2026-06-30T19:05:41,49702, 143771, 96, 60
2026-06-30T19:05:42,49702, 143771, 100, 60
2026-06-30T19:05:43,49702, 143771, 97, 60
2026-06-30T19:05:44,49702, 143771, 100, 60
2026-06-30T19:05:45,49702, 143771, 100, 59
2026-06-30T19:05:46,49702, 143771, 98, 60
2026-06-30T19:05:47,49702, 143771, 100, 60
2026-06-30T19:05:48,49702, 143771, 94, 60
2026-06-30T19:05:49,49702, 143771, 100, 60
2026-06-30T19:05:50,49702, 143771, 76, 60
2026-06-30T19:05:51,49702, 143771, 100, 60
2026-06-30T19:05:52,49702, 143771, 93, 57
2026-06-30T19:05:53,49702, 143771, 100, 60
2026-06-30T19:05:54,49702, 143771, 100, 60
2026-06-30T19:05:55,49702, 143771, 100, 61
2026-06-30T19:05:56,49702, 143771, 100, 60
2026-06-30T19:05:57,49702, 143771, 94, 62
2026-06-30T19:05:58,49702, 143771, 100, 60
2026-06-30T19:05:59,49702, 143771, 89, 59
2026-06-30T19:06:00,49702, 143771, 100, 60
2026-06-30T19:06:01,49702, 143771, 97, 58
2026-06-30T19:06:02,49702, 143771, 99, 60
2026-06-30T19:06:03,49702, 143771, 100, 60
2026-06-30T19:06:04,49702, 143771, 97, 60
2026-06-30T19:06:05,49702, 143771, 100, 59
2026-06-30T19:06:06,49702, 143771, 96, 60
2026-06-30T19:06:07,49702, 143771, 100, 59
2026-06-30T19:06:08,49702, 143771, 79, 59
2026-06-30T19:06:09,49702, 143771, 100, 60
2026-06-30T19:06:10,49702, 143771, 79, 59
2026-06-30T19:06:11,49702, 143771, 100, 60
2026-06-30T19:06:13,49702, 143771, 100, 60
2026-06-30T19:06:14,49702, 143771, 100, 60
2026-06-30T19:06:15,49702, 143771, 100, 60
2026-06-30T19:06:16,49702, 143771, 96, 61
2026-06-30T19:06:17,49702, 143771, 100, 60
2026-06-30T19:06:18,49702, 143771, 92, 59
2026-06-30T19:06:19,49702, 143771, 100, 60
2026-06-30T19:06:20,49702, 143771, 95, 57
2026-06-30T19:06:21,49702, 143771, 100, 60
2026-06-30T19:06:22,49702, 143771, 98, 59
2026-06-30T19:06:23,49702, 143771, 97, 60
2026-06-30T19:06:24,49702, 143771, 100, 60
2026-06-30T19:06:25,49702, 143771, 93, 59
2026-06-30T19:06:26,49702, 143771, 100, 59
2026-06-30T19:06:27,49702, 143771, 74, 59
2026-06-30T19:06:28,49702, 143771, 100, 60
2026-06-30T19:06:29,49702, 143771, 95, 61
2026-06-30T19:06:30,49702, 143771, 100, 60
2026-06-30T19:06:31,49702, 143771, 100, 60
2026-06-30T19:06:32,49702, 143771, 99, 62
2026-06-30T19:06:33,49702, 143771, 100, 60
2026-06-30T19:06:34,49702, 143771, 94, 60
2026-06-30T19:06:35,49702, 143771, 100, 60
2026-06-30T19:06:36,49702, 143771, 82, 58
2026-06-30T19:06:37,49702, 143771, 100, 60
2026-06-30T19:06:38,49702, 143771, 97, 60
2026-06-30T19:06:39,49702, 143771, 100, 60
2026-06-30T19:06:40,49702, 143771, 100, 58
2026-06-30T19:06:41,49702, 143771, 98, 60
2026-06-30T19:06:42,49702, 143771, 100, 60
2026-06-30T19:06:43,49702, 143771, 93, 60
2026-06-30T19:06:44,49702, 143771, 100, 60
2026-06-30T19:06:45,49702, 143771, 79, 60
2026-06-30T19:06:46,49702, 143771, 100, 60
2026-06-30T19:06:47,49702, 143771, 73, 59
2026-06-30T19:06:48,49702, 143771, 100, 60
2026-06-30T19:06:49,49702, 143771, 100, 59
2026-06-30T19:06:51,49702, 143771, 100, 60
2026-06-30T19:06:52,49702, 143771, 100, 60
2026-06-30T19:06:53,49702, 143771, 93, 61
2026-06-30T19:06:54,49702, 143771, 100, 59
2026-06-30T19:06:55,49702, 143771, 95, 60
2026-06-30T19:06:56,49702, 143771, 100, 60
2026-06-30T19:06:57,49702, 143771, 75, 59
2026-06-30T19:06:58,49702, 143771, 100, 60
2026-06-30T19:06:59,49702, 143771, 96, 60
2026-06-30T19:07:00,49702, 143771, 100, 60
2026-06-30T19:07:01,49702, 143771, 100, 60
2026-06-30T19:07:02,49702, 143771, 97, 60
2026-06-30T19:07:03,49702, 143771, 100, 60
2026-06-30T19:07:04,49702, 143771, 75, 60
2026-06-30T19:07:05,49702, 143771, 100, 60
2026-06-30T19:07:06,49702, 143771, 95, 60
2026-06-30T19:07:07,49702, 143771, 100, 60
2026-06-30T19:07:08,49702, 143771, 100, 59
2026-06-30T19:07:09,49702, 143771, 100, 60
2026-06-30T19:07:10,49702, 143771, 100, 59
2026-06-30T19:07:11,49702, 143771, 98, 59
2026-06-30T19:07:12,49702, 143771, 100, 60
2026-06-30T19:07:13,49702, 143771, 97, 60
2026-06-30T19:07:14,49702, 143771, 100, 60
2026-06-30T19:07:15,49702, 143771, 77, 60
2026-06-30T19:07:16,49702, 143771, 100, 60
2026-06-30T19:07:17,49702, 143771, 94, 60
2026-06-30T19:07:18,49702, 143771, 100, 60
2026-06-30T19:07:19,49702, 143771, 100, 58
2026-06-30T19:07:20,49702, 143771, 100, 59
2026-06-30T19:07:21,49702, 143771, 100, 60
2026-06-30T19:07:22,49702, 143771, 97, 60
2026-06-30T19:07:23,49702, 143771, 100, 60
2026-06-30T19:07:24,49702, 143771, 96, 62
2026-06-30T19:07:25,49702, 143771, 100, 60
2026-06-30T19:07:27,49702, 143771, 94, 58
2026-06-30T19:07:28,49702, 143771, 100, 60
2026-06-30T19:07:29,49702, 143771, 95, 60
2026-06-30T19:07:30,49702, 143771, 100, 60
2026-06-30T19:07:31,49702, 143771, 98, 59
2026-06-30T19:07:32,49702, 143771, 96, 59
2026-06-30T19:07:33,49702, 143771, 100, 59
2026-06-30T19:07:34,49702, 143771, 72, 59
2026-06-30T19:07:35,49702, 143771, 100, 60
2026-06-30T19:07:36,49702, 143771, 76, 59
2026-06-30T19:07:37,49702, 143771, 100, 60
2026-06-30T19:07:38,49702, 143771, 79, 59
2026-06-30T19:07:39,49702, 143771, 100, 60
2026-06-30T19:07:40,49702, 143771, 100, 58
2026-06-30T19:07:41,49702, 143771, 97, 60
2026-06-30T19:07:42,49702, 143771, 100, 60
2026-06-30T19:07:43,49702, 143771, 96, 60
2026-06-30T19:07:44,49702, 143771, 100, 60
2026-06-30T19:07:45,49702, 143771, 79, 60
2026-06-30T19:07:46,49702, 143771, 100, 60
2026-06-30T19:07:47,49702, 143771, 79, 59
2026-06-30T19:07:48,49702, 143771, 100, 60
2026-06-30T19:07:49,49702, 143771, 76, 59
2026-06-30T19:07:50,49702, 143771, 100, 60
2026-06-30T19:07:51,49702, 143771, 100, 60
2026-06-30T19:07:52,49702, 143771, 93, 63
2026-06-30T19:07:53,49702, 143771, 100, 60
2026-06-30T19:07:54,49702, 143771, 93, 60
2026-06-30T19:07:55,49702, 143771, 100, 60
2026-06-30T19:07:56,49702, 143771, 84, 59
2026-06-30T19:07:57,49702, 143771, 100, 60
2026-06-30T19:07:58,49702, 143771, 96, 58
2026-06-30T19:07:59,49702, 143771, 100, 59
2026-06-30T19:08:00,49702, 143771, 97, 60
2026-06-30T19:08:01,49702, 143771, 99, 60
2026-06-30T19:08:02,49702, 143771, 100, 60
2026-06-30T19:08:04,49702, 143771, 93, 60
2026-06-30T19:08:05,49702, 143771, 100, 60
2026-06-30T19:08:06,49702, 143771, 93, 60
2026-06-30T19:08:07,49702, 143771, 100, 60
2026-06-30T19:08:08,49702, 143771, 96, 60
2026-06-30T19:08:09,49702, 143771, 100, 60
2026-06-30T19:08:10,49702, 143771, 100, 59
2026-06-30T19:08:11,49702, 143771, 96, 59
2026-06-30T19:08:12,49702, 143771, 100, 60
2026-06-30T19:08:13,49702, 143771, 94, 60
2026-06-30T19:08:14,49702, 143771, 100, 61
2026-06-30T19:08:15,49702, 143771, 76, 59
2026-06-30T19:08:16,49702, 143771, 100, 59
2026-06-30T19:08:17,49702, 143771, 92, 60
2026-06-30T19:08:18,49702, 143771, 100, 60
2026-06-30T19:08:19,49702, 143771, 96, 59
2026-06-30T19:08:20,49702, 143771, 100, 60
2026-06-30T19:08:21,49702, 143771, 100, 60
2026-06-30T19:08:22,49702, 143771, 81, 60
2026-06-30T19:08:23,49702, 143771, 100, 59
2026-06-30T19:08:24,49702, 143771, 76, 60
2026-06-30T19:08:25,49702, 143771, 100, 60
2026-06-30T19:08:26,49702, 143771, 70, 59
2026-06-30T19:08:27,49702, 143771, 100, 60
2026-06-30T19:08:28,49702, 143771, 100, 60
2026-06-30T19:08:29,49702, 143771, 94, 62
2026-06-30T19:08:30,49702, 143771, 100, 59
2026-06-30T19:08:31,49702, 143771, 92, 60
2026-06-30T19:08:32,49702, 143771, 100, 60
2026-06-30T19:08:33,49702, 143771, 74, 57
2026-06-30T19:08:34,49702, 143771, 100, 60
2026-06-30T19:08:35,49702, 143771, 96, 59
2026-06-30T19:08:36,49702, 143771, 98, 60
2026-06-30T19:08:37,49702, 143771, 100, 59
2026-06-30T19:08:38,49702, 143771, 97, 60
2026-06-30T19:08:39,49702, 143771, 100, 60
2026-06-30T19:08:41,49702, 143771, 90, 59
2026-06-30T19:08:42,49702, 143771, 100, 60
2026-06-30T19:08:43,49702, 143771, 93, 60
2026-06-30T19:08:44,49702, 143771, 100, 60
2026-06-30T19:08:45,49702, 143771, 96, 60
2026-06-30T19:08:46,49702, 143771, 100, 60
2026-06-30T19:08:47,49702, 143771, 100, 60
2026-06-30T19:08:48,49702, 143771, 94, 60
2026-06-30T19:08:49,49702, 143771, 100, 60
2026-06-30T19:08:50,49702, 143771, 75, 59
2026-06-30T19:08:51,49702, 143771, 100, 60
2026-06-30T19:08:52,49702, 143771, 77, 60
2026-06-30T19:08:53,49702, 143771, 100, 60
2026-06-30T19:08:54,49702, 143771, 100, 60
2026-06-30T19:08:55,49702, 143771, 97, 61
2026-06-30T19:08:56,49702, 143771, 100, 60
2026-06-30T19:08:57,49702, 143771, 96, 62
2026-06-30T19:08:58,49702, 143771, 100, 60
2026-06-30T19:08:59,49702, 143771, 92, 59
2026-06-30T19:09:00,49702, 143771, 100, 60
2026-06-30T19:09:01,49702, 143771, 97, 57
2026-06-30T19:09:02,49702, 143771, 100, 60
2026-06-30T19:09:03,49702, 143771, 97, 61
2026-06-30T19:09:04,49702, 143771, 99, 61
2026-06-30T19:09:05,49702, 143771, 100, 60
2026-06-30T19:09:06,49702, 143771, 92, 60
2026-06-30T19:09:07,49702, 143771, 100, 60
2026-06-30T19:09:08,49702, 143771, 93, 60
2026-06-30T19:09:09,49702, 143771, 100, 59
2026-06-30T19:09:10,49702, 143771, 83, 60
2026-06-30T19:09:11,49702, 143771, 100, 60
2026-06-30T19:09:12,49702, 143771, 100, 60
2026-06-30T19:09:13,49702, 143771, 99, 60
2026-06-30T19:09:14,49702, 143771, 100, 59
2026-06-30T19:09:15,49702, 143771, 98, 60
2026-06-30T19:09:16,49702, 143771, 100, 60
2026-06-30T19:09:18,49702, 143771, 83, 60
2026-06-30T19:09:19,49702, 143771, 100, 60
2026-06-30T19:09:20,49702, 143771, 94, 60
2026-06-30T19:09:21,49702, 143771, 100, 60
2026-06-30T19:09:22,49702, 143771, 75, 60
2026-06-30T19:09:23,49702, 143771, 100, 60
2026-06-30T19:09:24,49702, 143771, 100, 57
2026-06-30T19:09:25,49702, 143771, 94, 59
2026-06-30T19:09:26,49702, 143771, 100, 61
2026-06-30T19:09:27,49702, 143771, 92, 62
2026-06-30T19:09:28,49702, 143771, 100, 59
2026-06-30T19:09:29,49702, 143771, 80, 60
2026-06-30T19:09:30,49702, 143771, 100, 60
2026-06-30T19:09:31,49702, 143771, 91, 59
2026-06-30T19:09:32,49702, 143771, 100, 60
2026-06-30T19:09:33,49702, 143771, 94, 59
2026-06-30T19:09:34,49702, 143771, 100, 61
2026-06-30T19:09:35,49702, 143771, 100, 60
2026-06-30T19:09:36,49702, 143771, 94, 61
2026-06-30T19:09:37,49702, 143771, 100, 59
2026-06-30T19:09:38,49702, 143771, 94, 59
2026-06-30T19:09:39,49702, 143771, 100, 60
2026-06-30T19:09:40,49702, 143771, 96, 58
2026-06-30T19:09:41,49702, 143771, 100, 59
2026-06-30T19:09:42,49702, 143771, 95, 59
2026-06-30T19:09:43,49702, 143771, 100, 60
2026-06-30T19:09:44,49702, 143771, 98, 60
2026-06-30T19:09:45,49702, 143771, 99, 59
2026-06-30T19:09:46,49702, 143771, 100, 60
2026-06-30T19:09:47,49702, 143771, 96, 62
2026-06-30T19:09:48,49702, 143771, 100, 60
2026-06-30T19:09:49,49702, 143771, 96, 60
2026-06-30T19:09:50,49702, 143771, 100, 59
2026-06-30T19:09:51,49702, 143771, 96, 56
2026-06-30T19:09:52,49702, 143771, 100, 60
2026-06-30T19:09:53,49702, 143771, 96, 59
2026-06-30T19:09:54,49702, 143771, 99, 60
2026-06-30T19:09:56,49702, 143771, 100, 60
2026-06-30T19:09:57,49702, 143771, 96, 59
2026-06-30T19:09:58,49702, 143771, 100, 61
2026-06-30T19:09:59,49702, 143771, 80, 60
2026-06-30T19:10:00,49702, 143771, 100, 60
2026-06-30T19:10:01,49702, 143771, 83, 60
2026-06-30T19:10:02,49702, 143771, 100, 61
2026-06-30T19:10:03,49702, 143771, 98, 60
2026-06-30T19:10:04,49702, 143771, 100, 60
2026-06-30T19:10:05,49702, 143771, 100, 58
2026-06-30T19:10:06,49702, 143771, 96, 59
2026-06-30T19:10:07,49702, 143771, 100, 60
2026-06-30T19:10:08,49702, 143771, 97, 60
2026-06-30T19:10:09,49702, 143771, 100, 59
2026-06-30T19:10:10,49702, 143771, 74, 60
2026-06-30T19:10:11,49702, 143771, 100, 60
2026-06-30T19:10:12,49702, 143771, 78, 59
2026-06-30T19:10:13,49702, 143771, 100, 59
2026-06-30T19:10:14,49702, 143771, 100, 59
2026-06-30T19:10:15,49702, 143771, 100, 60
2026-06-30T19:10:16,49702, 143771, 100, 61
2026-06-30T19:10:17,49702, 143771, 95, 60
2026-06-30T19:10:18,49702, 143771, 100, 59
2026-06-30T19:10:19,49702, 143771, 96, 62
2026-06-30T19:10:20,49702, 143771, 100, 59
2026-06-30T19:10:21,49702, 143771, 79, 59
2026-06-30T19:10:22,49702, 143771, 100, 60
2026-06-30T19:10:23,49702, 143771, 80, 59
2026-06-30T19:10:24,49702, 143771, 100, 60
2026-06-30T19:10:25,49702, 143771, 100, 59
2026-06-30T19:10:26,49702, 143771, 100, 60
2026-06-30T19:10:27,49702, 143771, 100, 60
2026-06-30T19:10:28,49702, 143771, 95, 60
2026-06-30T19:10:29,49702, 143771, 100, 59
2026-06-30T19:10:30,49702, 143771, 96, 61
2026-06-30T19:10:31,49702, 143771, 100, 60
2026-06-30T19:10:33,49702, 143771, 79, 60
2026-06-30T19:10:34,49702, 143771, 100, 60
2026-06-30T19:10:35,49702, 143771, 84, 60
2026-06-30T19:10:36,49702, 143771, 100, 60
2026-06-30T19:10:37,49702, 143771, 100, 59
2026-06-30T19:10:38,49702, 143771, 100, 59
2026-06-30T19:10:39,49702, 143771, 100, 60
2026-06-30T19:10:40,49702, 143771, 97, 60
2026-06-30T19:10:41,49702, 143771, 100, 60
2026-06-30T19:10:42,49702, 143771, 90, 62
2026-06-30T19:10:43,49702, 143771, 100, 59
2026-06-30T19:10:44,49702, 143771, 75, 59
2026-06-30T19:10:45,49702, 143771, 100, 60
2026-06-30T19:10:46,49702, 143771, 89, 59
2026-06-30T19:10:47,49702, 143771, 100, 60
2026-06-30T19:10:48,49702, 143771, 100, 60
2026-06-30T19:10:49,49702, 143771, 100, 60
2026-06-30T19:10:50,49702, 143771, 100, 60
2026-06-30T19:10:51,49702, 143771, 94, 62
2026-06-30T19:10:52,49702, 143771, 100, 60
2026-06-30T19:10:53,49702, 143771, 96, 60
2026-06-30T19:10:54,49702, 143771, 100, 60
2026-06-30T19:10:55,49702, 143771, 80, 59
2026-06-30T19:10:56,49702, 143771, 100, 60
2026-06-30T19:10:57,49702, 143771, 97, 57
2026-06-30T19:10:58,49702, 143771, 100, 60
2026-06-30T19:10:59,49702, 143771, 100, 60
2026-06-30T19:11:00,49702, 143771, 97, 60
2026-06-30T19:11:01,49702, 143771, 100, 61
2026-06-30T19:11:02,49702, 143771, 79, 60
2026-06-30T19:11:03,49702, 143771, 100, 60
2026-06-30T19:11:04,49702, 143771, 94, 59
2026-06-30T19:11:05,49702, 143771, 100, 60
2026-06-30T19:11:06,49702, 143771, 100, 59
2026-06-30T19:11:07,49702, 143771, 100, 60
2026-06-30T19:11:08,49702, 143771, 100, 58
2026-06-30T19:11:09,49702, 143771, 98, 60
2026-06-30T19:11:11,49702, 143771, 100, 59
2026-06-30T19:11:12,49702, 143771, 98, 60
2026-06-30T19:11:13,49702, 143771, 100, 59
2026-06-30T19:11:14,49702, 143771, 76, 60
2026-06-30T19:11:15,49702, 143771, 100, 60
2026-06-30T19:11:16,49702, 143771, 94, 59
2026-06-30T19:11:17,49702, 143771, 100, 60
2026-06-30T19:11:18,49702, 143771, 100, 59
2026-06-30T19:11:19,49702, 143771, 100, 60
2026-06-30T19:11:20,49702, 143771, 100, 59
2026-06-30T19:11:21,49702, 143771, 91, 60
2026-06-30T19:11:22,49702, 143771, 100, 60
2026-06-30T19:11:23,49702, 143771, 92, 58
2026-06-30T19:11:24,49702, 143771, 100, 60
2026-06-30T19:11:25,49702, 143771, 98, 56
2026-06-30T19:11:26,49702, 143771, 100, 60
2026-06-30T19:11:27,49702, 143771, 99, 60
2026-06-30T19:11:28,49702, 143771, 99, 59
2026-06-30T19:11:29,49702, 143771, 100, 60
2026-06-30T19:11:30,49702, 143771, 95, 60
2026-06-30T19:11:31,49702, 143771, 100, 60
2026-06-30T19:11:32,49702, 143771, 80, 60
2026-06-30T19:11:33,49702, 143771, 100, 60
2026-06-30T19:11:34,49702, 143771, 79, 60
2026-06-30T19:11:35,49702, 143771, 100, 60
2026-06-30T19:11:36,49702, 143771, 100, 58
2026-06-30T19:11:37,49702, 143771, 98, 60
2026-06-30T19:11:38,49702, 143771, 100, 61
2026-06-30T19:11:39,49702, 143771, 97, 60
2026-06-30T19:11:40,49702, 143771, 100, 60
2026-06-30T19:11:41,49702, 143771, 96, 60
2026-06-30T19:11:42,49702, 143771, 100, 60
2026-06-30T19:11:43,49702, 143771, 80, 58
2026-06-30T19:11:44,49702, 143771, 100, 60
2026-06-30T19:11:45,49702, 143771, 97, 60
2026-06-30T19:11:46,49702, 143771, 100, 60
2026-06-30T19:11:47,49702, 143771, 100, 59
2026-06-30T19:11:49,49702, 143771, 96, 62
2026-06-30T19:11:50,49702, 143771, 100, 59
2026-06-30T19:11:51,49702, 143771, 96, 60
2026-06-30T19:11:52,49702, 143771, 100, 60
2026-06-30T19:11:53,49702, 143771, 93, 59
2026-06-30T19:11:54,49702, 143771, 100, 60
2026-06-30T19:11:55,49702, 143771, 98, 59
2026-06-30T19:11:56,49702, 143771, 98, 60
2026-06-30T19:11:57,49702, 143771, 100, 60
2026-06-30T19:11:58,49702, 143771, 98, 60
2026-06-30T19:11:59,49702, 143771, 100, 59
2026-06-30T19:12:00,49702, 143771, 76, 60
2026-06-30T19:12:01,49702, 143771, 100, 60
2026-06-30T19:12:02,49702, 143771, 78, 60
2026-06-30T19:12:03,49702, 143771, 100, 60
2026-06-30T19:12:04,49702, 143771, 94, 56
2026-06-30T19:12:05,49702, 143771, 100, 60
2026-06-30T19:12:06,49702, 143771, 100, 58
2026-06-30T19:12:07,49702, 143771, 98, 60
2026-06-30T19:12:08,49702, 143771, 100, 60
2026-06-30T19:12:09,49702, 143771, 97, 60
2026-06-30T19:12:10,49702, 143771, 100, 59
2026-06-30T19:12:11,49702, 143771, 76, 59
2026-06-30T19:12:12,49702, 143771, 100, 59
2026-06-30T19:12:13,49702, 143771, 76, 59
2026-06-30T19:12:14,49702, 143771, 100, 59
2026-06-30T19:12:15,49702, 143771, 96, 60
2026-06-30T19:12:16,49702, 143771, 100, 60
2026-06-30T19:12:17,49702, 143771, 100, 60
2026-06-30T19:12:18,49702, 143771, 93, 62
2026-06-30T19:12:19,49702, 143771, 100, 60
2026-06-30T19:12:20,49702, 143771, 76, 60
2026-06-30T19:12:21,49702, 143771, 100, 60
2026-06-30T19:12:22,49702, 143771, 97, 56
2026-06-30T19:12:23,49702, 143771, 100, 60
2026-06-30T19:12:24,49702, 143771, 97, 56
2026-06-30T19:12:25,49702, 143771, 99, 60
2026-06-30T19:12:27,49702, 143771, 100, 60
2026-06-30T19:12:28,49702, 143771, 97, 60
2026-06-30T19:12:29,49702, 143771, 100, 60
2026-06-30T19:12:30,49702, 143771, 91, 59
2026-06-30T19:12:31,49702, 143771, 100, 59
2026-06-30T19:12:32,49702, 143771, 78, 59
2026-06-30T19:12:33,49702, 143771, 100, 59
2026-06-30T19:12:34,49702, 143771, 100, 58
2026-06-30T19:12:35,49702, 143771, 100, 60
2026-06-30T19:12:36,49702, 143771, 100, 60
2026-06-30T19:12:37,49702, 143771, 94, 62
2026-06-30T19:12:38,49702, 143771, 100, 59
2026-06-30T19:12:39,49702, 143771, 96, 59
2026-06-30T19:12:40,49702, 143771, 100, 60
2026-06-30T19:12:41,49702, 143771, 93, 59
2026-06-30T19:12:42,49702, 143771, 100, 60
2026-06-30T19:12:43,49702, 143771, 97, 57
2026-06-30T19:12:44,49702, 143771, 100, 60
2026-06-30T19:12:45,49702, 143771, 100, 59
2026-06-30T19:12:46,49702, 143771, 98, 62
2026-06-30T19:12:47,49702, 143771, 100, 59
2026-06-30T19:12:48,49702, 143771, 88, 60
2026-06-30T19:12:49,49702, 143771, 100, 60
2026-06-30T19:12:50,49702, 143771, 80, 58
2026-06-30T19:12:51,49702, 143771, 100, 60
2026-06-30T19:12:52,49702, 143771, 97, 59
2026-06-30T19:12:53,49702, 143771, 100, 60
2026-06-30T19:12:54,49702, 143771, 100, 59
2026-06-30T19:12:55,49702, 143771, 98, 60
2026-06-30T19:12:56,49702, 143771, 100, 60
2026-06-30T19:12:57,49702, 143771, 97, 59
2026-06-30T19:12:58,49702, 143771, 100, 60
2026-06-30T19:12:59,49702, 143771, 77, 59
2026-06-30T19:13:00,49702, 143771, 100, 60
2026-06-30T19:13:01,49702, 143771, 75, 57
2026-06-30T19:13:02,49702, 143771, 100, 60
2026-06-30T19:13:04,49702, 143771, 100, 60
2026-06-30T19:13:05,49702, 143771, 100, 62
2026-06-30T19:13:06,49702, 143771, 100, 59
2026-06-30T19:13:07,49702, 143771, 93, 59
2026-06-30T19:13:08,49702, 143771, 100, 60
2026-06-30T19:13:09,49702, 143771, 96, 59
2026-06-30T19:13:10,49702, 143771, 100, 60
2026-06-30T19:13:11,49702, 143771, 92, 59
2026-06-30T19:13:12,49702, 143771, 100, 60
2026-06-30T19:13:13,49702, 143771, 97, 60
2026-06-30T19:13:14,49702, 143771, 100, 59
2026-06-30T19:13:15,49702, 143771, 100, 60
2026-06-30T19:13:16,49702, 143771, 99, 60
2026-06-30T19:13:17,49702, 143771, 100, 59
2026-06-30T19:13:18,49702, 143771, 96, 60
2026-06-30T19:13:19,49702, 143771, 100, 60
2026-06-30T19:13:20,49702, 143771, 77, 57
2026-06-30T19:13:21,49702, 143771, 100, 60
2026-06-30T19:13:22,49702, 143771, 99, 60
2026-06-30T19:13:23,49702, 143771, 99, 60
2026-06-30T19:13:24,49702, 143771, 100, 59
2026-06-30T19:13:25,49702, 143771, 99, 60
2026-06-30T19:13:26,49702, 143771, 100, 60
2026-06-30T19:13:27,49702, 143771, 95, 59
2026-06-30T19:13:28,49702, 143771, 100, 60
2026-06-30T19:13:29,49702, 143771, 96, 60
2026-06-30T19:13:30,49702, 143771, 100, 60
2026-06-30T19:13:31,49702, 143771, 76, 58
2026-06-30T19:13:32,49702, 143771, 100, 60
2026-06-30T19:13:33,49702, 143771, 100, 60
2026-06-30T19:13:34,49702, 143771, 100, 60
2026-06-30T19:13:35,49702, 143771, 100, 60
2026-06-30T19:13:36,49702, 143771, 96, 62
2026-06-30T19:13:37,49702, 143771, 100, 59
2026-06-30T19:13:38,49702, 143771, 96, 60
2026-06-30T19:13:39,49702, 143771, 100, 60
2026-06-30T19:13:40,49702, 143771, 94, 59
2026-06-30T19:13:42,49702, 143771, 100, 60
2026-06-30T19:13:43,49702, 143771, 98, 60
2026-06-30T19:13:44,49702, 143771, 98, 59
2026-06-30T19:13:45,49702, 143771, 100, 60
2026-06-30T19:13:46,49702, 143771, 97, 60
2026-06-30T19:13:47,49702, 143771, 100, 59
2026-06-30T19:13:48,49702, 143771, 77, 60
2026-06-30T19:13:49,49702, 143771, 100, 59
2026-06-30T19:13:50,49702, 143771, 82, 60
2026-06-30T19:13:51,49702, 143771, 100, 60
2026-06-30T19:13:52,49702, 143771, 100, 58
2026-06-30T19:13:53,49702, 143771, 99, 60
2026-06-30T19:13:54,49702, 143771, 100, 60
2026-06-30T19:13:55,49702, 143771, 95, 60
2026-06-30T19:13:56,49702, 143771, 100, 60
2026-06-30T19:13:57,49702, 143771, 94, 59
2026-06-30T19:13:58,49702, 143771, 100, 59
2026-06-30T19:13:59,49702, 143771, 79, 60
2026-06-30T19:14:00,49702, 143771, 100, 60
2026-06-30T19:14:01,49702, 143771, 100, 57
2026-06-30T19:14:02,49702, 143771, 100, 59
2026-06-30T19:14:03,49702, 143771, 100, 61
2026-06-30T19:14:04,49702, 143771, 96, 62
2026-06-30T19:14:05,49702, 143771, 100, 60
2026-06-30T19:14:06,49702, 143771, 96, 62
2026-06-30T19:14:07,49702, 143771, 100, 60
2026-06-30T19:14:08,49702, 143771, 92, 59
2026-06-30T19:14:09,49702, 143771, 100, 60
2026-06-30T19:14:10,49702, 143771, 97, 57
2026-06-30T19:14:11,49702, 143771, 100, 60
2026-06-30T19:14:12,49702, 143771, 98, 60
2026-06-30T19:14:13,49702, 143771, 99, 60
2026-06-30T19:14:14,49702, 143771, 100, 60
2026-06-30T19:14:15,49702, 143771, 79, 59
2026-06-30T19:14:16,49702, 143771, 100, 60
2026-06-30T19:14:17,49702, 143771, 91, 60
2026-06-30T19:14:18,49702, 143771, 100, 60
2026-06-30T19:14:20,49702, 143771, 82, 59
2026-06-30T19:14:21,49702, 143771, 100, 60
2026-06-30T19:14:22,49702, 143771, 100, 60
2026-06-30T19:14:23,49702, 143771, 97, 60
2026-06-30T19:14:24,49702, 143771, 100, 60
2026-06-30T19:14:25,49702, 143771, 94, 62
2026-06-30T19:14:26,49702, 143771, 100, 60
2026-06-30T19:14:27,49702, 143771, 78, 59
2026-06-30T19:14:28,49702, 143771, 100, 59
2026-06-30T19:14:29,49702, 143771, 95, 60
2026-06-30T19:14:30,49702, 143771, 100, 60
2026-06-30T19:14:31,49702, 143771, 97, 59
2026-06-30T19:14:32,49702, 143771, 100, 60
2026-06-30T19:14:33,49702, 143771, 100, 60
2026-06-30T19:14:34,49702, 143771, 94, 62
2026-06-30T19:14:35,49702, 143771, 100, 60
2026-06-30T19:14:36,49702, 143771, 96, 62
2026-06-30T19:14:37,49702, 143771, 100, 60
2026-06-30T19:14:38,49702, 143771, 77, 59
2026-06-30T19:14:39,49702, 143771, 100, 60
2026-06-30T19:14:40,49702, 143771, 95, 60
2026-06-30T19:14:41,49702, 143771, 100, 60
2026-06-30T19:14:42,49702, 143771, 97, 60
2026-06-30T19:14:43,49702, 143771, 99, 59
2026-06-30T19:14:44,49702, 143771, 100, 60
2026-06-30T19:14:45,49702, 143771, 96, 60
2026-06-30T19:14:46,49702, 143771, 100, 60
2026-06-30T19:14:47,49702, 143771, 96, 60
2026-06-30T19:14:48,49702, 143771, 100, 60
2026-06-30T19:14:49,49702, 143771, 97, 56
2026-06-30T19:14:50,49702, 143771, 100, 59
2026-06-30T19:14:51,49702, 143771, 97, 59
2026-06-30T19:14:52,49702, 143771, 98, 59
2026-06-30T19:14:53,49702, 143771, 100, 59
2026-06-30T19:14:54,49702, 143771, 98, 60
2026-06-30T19:14:55,49702, 143771, 100, 60
2026-06-30T19:14:57,49702, 143771, 84, 60
2026-06-30T19:14:58,49702, 143771, 100, 59
2026-06-30T19:14:59,49702, 143771, 81, 60
2026-06-30T19:15:00,49702, 143771, 100, 61
2026-06-30T19:15:01,49702, 143771, 100, 59
2026-06-30T19:15:02,49702, 143771, 100, 60
2026-06-30T19:15:03,49702, 143771, 100, 57
2026-06-30T19:15:04,49702, 143771, 98, 60
2026-06-30T19:15:05,49702, 143771, 100, 60
2026-06-30T19:15:06,49702, 143771, 96, 60
2026-06-30T19:15:07,49702, 143771, 100, 60
2026-06-30T19:15:08,49702, 143771, 78, 60
2026-06-30T19:15:09,49702, 143771, 100, 60
2026-06-30T19:15:10,49702, 143771, 78, 59
2026-06-30T19:15:11,49702, 143771, 100, 59
2026-06-30T19:15:12,49702, 143771, 100, 59
2026-06-30T19:15:13,49702, 143771, 100, 61
2026-06-30T19:15:14,49702, 143771, 100, 60
2026-06-30T19:15:15,49702, 143771, 96, 61
2026-06-30T19:15:16,49702, 143771, 100, 60
2026-06-30T19:15:17,49702, 143771, 93, 59
2026-06-30T19:15:18,49702, 143771, 100, 60
2026-06-30T19:15:19,49702, 143771, 98, 57
2026-06-30T19:15:20,49702, 143771, 100, 60
2026-06-30T19:15:21,49702, 143771, 98, 60
2026-06-30T19:15:22,49702, 143771, 99, 59
2026-06-30T19:15:23,49702, 143771, 100, 60
2026-06-30T19:15:24,49702, 143771, 99, 62
2026-06-30T19:15:25,49702, 143771, 100, 60
2026-06-30T19:15:26,49702, 143771, 90, 60
2026-06-30T19:15:27,49702, 143771, 100, 60
2026-06-30T19:15:28,49702, 143771, 92, 59
2026-06-30T19:15:29,49702, 143771, 100, 60
2026-06-30T19:15:30,49702, 143771, 97, 59
2026-06-30T19:15:31,49702, 143771, 100, 59
2026-06-30T19:15:32,49702, 143771, 100, 60
2026-06-30T19:15:33,49702, 143771, 99, 59
2026-06-30T19:15:35,49702, 143771, 100, 59
2026-06-30T19:15:36,49702, 143771, 96, 60
2026-06-30T19:15:37,49702, 143771, 100, 60
2026-06-30T19:15:38,49702, 143771, 75, 60
2026-06-30T19:15:39,49702, 143771, 100, 59
2026-06-30T19:15:40,49702, 143771, 96, 59
2026-06-30T19:15:41,49702, 143771, 100, 60
2026-06-30T19:15:42,49702, 143771, 100, 59
2026-06-30T19:15:43,49702, 143771, 100, 60
2026-06-30T19:15:44,49702, 143771, 100, 59
2026-06-30T19:15:45,49702, 143771, 98, 60
2026-06-30T19:15:46,49702, 143771, 100, 61
2026-06-30T19:15:47,49702, 143771, 94, 60
2026-06-30T19:15:48,49702, 143771, 100, 60
2026-06-30T19:15:49,49702, 143771, 75, 59
2026-06-30T19:15:50,49702, 143771, 100, 60
2026-06-30T19:15:51,49702, 143771, 96, 60
2026-06-30T19:15:52,49702, 143771, 100, 59
2026-06-30T19:15:53,49702, 143771, 100, 60
2026-06-30T19:15:54,49702, 143771, 98, 62
2026-06-30T19:15:55,49702, 143771, 100, 60
2026-06-30T19:15:56,49702, 143771, 94, 60
2026-06-30T19:15:57,49702, 143771, 100, 60
2026-06-30T19:15:58,49702, 143771, 76, 56
2026-06-30T19:15:59,49702, 143771, 100, 60
2026-06-30T19:16:00,49702, 143771, 98, 58
2026-06-30T19:16:01,49702, 143771, 100, 60
2026-06-30T19:16:02,49702, 143771, 100, 58
2026-06-30T19:16:03,49702, 143771, 98, 60
2026-06-30T19:16:04,49702, 143771, 100, 60
2026-06-30T19:16:05,49702, 143771, 96, 60
2026-06-30T19:16:06,49702, 143771, 100, 60
2026-06-30T19:16:07,49702, 143771, 80, 60
2026-06-30T19:16:08,49702, 143771, 100, 60
2026-06-30T19:16:09,49702, 143771, 79, 57
2026-06-30T19:16:10,49702, 143771, 100, 60
2026-06-30T19:16:11,49702, 143771, 98, 59
2026-06-30T19:16:13,49702, 143771, 100, 59
2026-06-30T19:16:14,49702, 143771, 100, 59
2026-06-30T19:16:15,49702, 143771, 97, 60
2026-06-30T19:16:16,49702, 143771, 100, 59
2026-06-30T19:16:17,49702, 143771, 94, 60
2026-06-30T19:16:18,49702, 143771, 100, 60
2026-06-30T19:16:19,49702, 143771, 76, 59
2026-06-30T19:16:20,49702, 143771, 100, 60
2026-06-30T19:16:21,49702, 143771, 77, 57
2026-06-30T19:16:22,49702, 143771, 100, 59
2026-06-30T19:16:23,49702, 143771, 100, 60
2026-06-30T19:16:24,49702, 143771, 97, 60
2026-06-30T19:16:25,49702, 143771, 100, 60
2026-06-30T19:16:26,49702, 143771, 94, 60
2026-06-30T19:16:27,49702, 143771, 100, 60
2026-06-30T19:16:28,49702, 143771, 96, 60
2026-06-30T19:16:29,49702, 143771, 100, 60
2026-06-30T19:16:30,49702, 143771, 95, 58
2026-06-30T19:16:31,49702, 143771, 100, 60
2026-06-30T19:16:32,49702, 143771, 99, 60
2026-06-30T19:16:33,49702, 143771, 99, 60
2026-06-30T19:16:34,49702, 143771, 100, 60
2026-06-30T19:16:35,49702, 143771, 89, 60
2026-06-30T19:16:36,49702, 143771, 100, 59
2026-06-30T19:16:37,49702, 143771, 78, 60
2026-06-30T19:16:38,49702, 143771, 100, 59
2026-06-30T19:16:39,49702, 143771, 96, 59
2026-06-30T19:16:40,49702, 143771, 100, 60
2026-06-30T19:16:41,49702, 143771, 100, 59
2026-06-30T19:16:42,49702, 143771, 98, 60
2026-06-30T19:16:43,49702, 143771, 100, 59
2026-06-30T19:16:44,49702, 143771, 98, 60
2026-06-30T19:16:45,49702, 143771, 100, 60
2026-06-30T19:16:46,49702, 143771, 81, 60
2026-06-30T19:16:47,49702, 143771, 100, 60
2026-06-30T19:16:48,49702, 143771, 78, 59
2026-06-30T19:16:50,49702, 143771, 100, 59
2026-06-30T19:16:51,49702, 143771, 94, 58
2026-06-30T19:16:52,49702, 143771, 100, 59
2026-06-30T19:16:53,49702, 143771, 100, 60
2026-06-30T19:16:54,49702, 143771, 96, 60
2026-06-30T19:16:55,49702, 143771, 100, 60
2026-06-30T19:16:56,49702, 143771, 94, 61
2026-06-30T19:16:57,49702, 143771, 100, 59
2026-06-30T19:16:58,49702, 143771, 79, 59
2026-06-30T19:16:59,49702, 143771, 100, 59
2026-06-30T19:17:00,49702, 143771, 83, 59
2026-06-30T19:17:01,49702, 143771, 100, 60
2026-06-30T19:17:02,49702, 143771, 95, 60
2026-06-30T19:17:03,49702, 143771, 100, 59
2026-06-30T19:17:04,49702, 143771, 100, 60
2026-06-30T19:17:05,49702, 143771, 95, 63
2026-06-30T19:17:06,49702, 143771, 100, 60
2026-06-30T19:17:07,49702, 143771, 94, 60
2026-06-30T19:17:08,49702, 143771, 100, 60
2026-06-30T19:17:09,49702, 143771, 85, 59
2026-06-30T19:17:10,49702, 143771, 100, 59
2026-06-30T19:17:11,49702, 143771, 96, 58
2026-06-30T19:17:12,49702, 143771, 100, 59
2026-06-30T19:17:13,49702, 143771, 97, 60
2026-06-30T19:17:14,49702, 143771, 100, 59
2026-06-30T19:17:15,49702, 143771, 100, 60
2026-06-30T19:17:16,49702, 143771, 96, 61
2026-06-30T19:17:17,49702, 143771, 100, 57
2026-06-30T19:17:18,49702, 143771, 100, 60
2026-06-30T19:17:19,49702, 143771, 93, 62
2026-06-30T19:17:20,49702, 143771, 100, 60
2026-06-30T19:17:21,49702, 143771, 93, 59
2026-06-30T19:17:22,49702, 143771, 100, 59
2026-06-30T19:17:23,49702, 143771, 97, 57
2026-06-30T19:17:24,49702, 143771, 100, 60
2026-06-30T19:17:25,49702, 143771, 98, 60
2026-06-30T19:17:26,49702, 143771, 99, 59
2026-06-30T19:17:28,49702, 143771, 100, 59
2026-06-30T19:17:29,49702, 143771, 95, 59
2026-06-30T19:17:30,49702, 143771, 100, 60
2026-06-30T19:17:31,49702, 143771, 96, 60
2026-06-30T19:17:32,49702, 143771, 100, 60
2026-06-30T19:17:33,49702, 143771, 83, 59
2026-06-30T19:17:34,49702, 143771, 100, 60
2026-06-30T19:17:35,49702, 143771, 100, 58
2026-06-30T19:17:36,49702, 143771, 97, 59
2026-06-30T19:17:37,49702, 143771, 100, 60
2026-06-30T19:17:38,49702, 143771, 95, 61
2026-06-30T19:17:39,49702, 143771, 100, 60
2026-06-30T19:17:40,49702, 143771, 96, 60
2026-06-30T19:17:41,49702, 143771, 100, 60
2026-06-30T19:17:42,49702, 143771, 92, 60
2026-06-30T19:17:43,49702, 143771, 100, 60
2026-06-30T19:17:44,49702, 143771, 82, 59
2026-06-30T19:17:45,49702, 143771, 100, 60
2026-06-30T19:17:46,49702, 143771, 100, 59
2026-06-30T19:17:47,49702, 143771, 94, 60
2026-06-30T19:17:48,49702, 143771, 100, 60
2026-06-30T19:17:49,49702, 143771, 96, 61
2026-06-30T19:17:50,49702, 143771, 100, 60
2026-06-30T19:17:51,49702, 143771, 94, 60
2026-06-30T19:17:52,49702, 143771, 100, 59
2026-06-30T19:17:53,49702, 143771, 94, 60
2026-06-30T19:17:54,49702, 143771, 100, 60
2026-06-30T19:17:55,49702, 143771, 94, 60
2026-06-30T19:17:56,49702, 143771, 100, 60
2026-06-30T19:17:57,49702, 143771, 100, 60
2026-06-30T19:17:58,49702, 143771, 93, 61
2026-06-30T19:17:59,49702, 143771, 100, 60
2026-06-30T19:18:00,49702, 143771, 94, 59
2026-06-30T19:18:01,49702, 143771, 100, 59
2026-06-30T19:18:02,49702, 143771, 79, 58
2026-06-30T19:18:03,49702, 143771, 100, 59
2026-06-30T19:18:04,49702, 143771, 96, 59
2026-06-30T19:18:06,49702, 143771, 100, 60
2026-06-30T19:18:07,49702, 143771, 98, 60
2026-06-30T19:18:08,49702, 143771, 100, 60
2026-06-30T19:18:09,49702, 143771, 100, 59
2026-06-30T19:18:10,49702, 143771, 96, 60
2026-06-30T19:18:11,49702, 143771, 100, 59
2026-06-30T19:18:12,49702, 143771, 86, 59
2026-06-30T19:18:13,49702, 143771, 100, 59
2026-06-30T19:18:14,49702, 143771, 79, 57
2026-06-30T19:18:15,49702, 143771, 100, 59
2026-06-30T19:18:16,49702, 143771, 100, 59
2026-06-30T19:18:17,49702, 143771, 99, 60
2026-06-30T19:18:18,49702, 143771, 100, 60
2026-06-30T19:18:19,49702, 143771, 96, 60
2026-06-30T19:18:20,49702, 143771, 100, 61
2026-06-30T19:18:21,49702, 143771, 81, 60
2026-06-30T19:18:22,49702, 143771, 100, 60
2026-06-30T19:18:23,49702, 143771, 78, 59
2026-06-30T19:18:24,49702, 143771, 100, 59
2026-06-30T19:18:25,49702, 143771, 81, 58
2026-06-30T19:18:26,49702, 143771, 100, 59
2026-06-30T19:18:27,49702, 143771, 100, 60
2026-06-30T19:18:28,49702, 143771, 98, 60
2026-06-30T19:18:29,49702, 143771, 100, 60
2026-06-30T19:18:30,49702, 143771, 91, 63
2026-06-30T19:18:31,49702, 143771, 100, 60
2026-06-30T19:18:32,49702, 143771, 96, 59
2026-06-30T19:18:33,49702, 143771, 100, 60
2026-06-30T19:18:34,49702, 143771, 89, 58
2026-06-30T19:18:35,49702, 143771, 100, 60
2026-06-30T19:18:36,49702, 143771, 99, 60
2026-06-30T19:18:37,49702, 143771, 98, 60
2026-06-30T19:18:38,49702, 143771, 100, 59
2026-06-30T19:18:39,49702, 143771, 79, 60
2026-06-30T19:18:40,49702, 143771, 100, 60
2026-06-30T19:18:41,49702, 143771, 91, 59
2026-06-30T19:18:43,49702, 143771, 100, 59
2026-06-30T19:18:44,49702, 143771, 75, 59
2026-06-30T19:18:45,49702, 143771, 100, 60
2026-06-30T19:18:46,49702, 143771, 100, 59
2026-06-30T19:18:47,49702, 143771, 97, 60
2026-06-30T19:18:48,49702, 143771, 100, 60
2026-06-30T19:18:49,49702, 143771, 93, 62
2026-06-30T19:18:50,49702, 143771, 100, 60
2026-06-30T19:18:51,49702, 143771, 84, 59
2026-06-30T19:18:52,49702, 143771, 100, 60
2026-06-30T19:18:53,49702, 143771, 96, 59
2026-06-30T19:18:54,49702, 143771, 100, 60
2026-06-30T19:18:55,49702, 143771, 100, 60
2026-06-30T19:18:56,49702, 143771, 99, 60
2026-06-30T19:18:57,49702, 143771, 100, 59
2026-06-30T19:18:58,49702, 143771, 78, 60
2026-06-30T19:18:59,49702, 143771, 100, 60
2026-06-30T19:19:00,49702, 143771, 78, 59
2026-06-30T19:19:01,49702, 143771, 100, 59
2026-06-30T19:19:02,49702, 143771, 100, 59
2026-06-30T19:19:03,49702, 143771, 100, 59
2026-06-30T19:19:04,49702, 143771, 100, 59
2026-06-30T19:19:05,49702, 143771, 95, 61
2026-06-30T19:19:06,49702, 143771, 100, 59
2026-06-30T19:19:07,49702, 143771, 92, 61
2026-06-30T19:19:08,49702, 143771, 100, 60
2026-06-30T19:19:09,49702, 143771, 78, 59
2026-06-30T19:19:10,49702, 143771, 100, 60
2026-06-30T19:19:11,49702, 143771, 95, 56
2026-06-30T19:19:12,49702, 143771, 100, 60
2026-06-30T19:19:13,49702, 143771, 100, 60
2026-06-30T19:19:14,49702, 143771, 100, 62
2026-06-30T19:19:15,49702, 143771, 100, 60
2026-06-30T19:19:16,49702, 143771, 93, 60
2026-06-30T19:19:17,49702, 143771, 100, 59
2026-06-30T19:19:18,49702, 143771, 96, 60
2026-06-30T19:19:19,49702, 143771, 100, 59
2026-06-30T19:19:21,49702, 143771, 98, 60
2026-06-30T19:19:22,49702, 143771, 100, 60
2026-06-30T19:19:23,49702, 143771, 100, 58
2026-06-30T19:19:24,49702, 143771, 96, 59
2026-06-30T19:19:25,49702, 143771, 100, 60
2026-06-30T19:19:26,49702, 143771, 93, 59
2026-06-30T19:19:27,49702, 143771, 100, 59
2026-06-30T19:19:28,49702, 143771, 73, 59
2026-06-30T19:19:29,49702, 143771, 100, 60
2026-06-30T19:19:30,49702, 143771, 94, 59
2026-06-30T19:19:31,49702, 143771, 100, 60
2026-06-30T19:19:32,49702, 143771, 100, 60
2026-06-30T19:19:33,49702, 143771, 98, 61
2026-06-30T19:19:34,49702, 143771, 100, 60
2026-06-30T19:19:35,49702, 143771, 84, 60
2026-06-30T19:19:36,49702, 143771, 100, 60
2026-06-30T19:19:37,49702, 143771, 82, 57
2026-06-30T19:19:38,49702, 143771, 100, 60
2026-06-30T19:19:39,49702, 143771, 98, 59
2026-06-30T19:19:40,49702, 143771, 100, 60
2026-06-30T19:19:41,49702, 143771, 100, 57
2026-06-30T19:19:42,49702, 143771, 98, 59
2026-06-30T19:19:43,49702, 143771, 100, 59
2026-06-30T19:19:44,49702, 143771, 93, 59
2026-06-30T19:19:45,49702, 143771, 100, 59
2026-06-30T19:19:46,49702, 143771, 81, 59
2026-06-30T19:19:47,49702, 143771, 100, 59
2026-06-30T19:19:48,49702, 143771, 81, 57
2026-06-30T19:19:49,49702, 143771, 100, 60
2026-06-30T19:19:50,49702, 143771, 100, 60
2026-06-30T19:19:51,49702, 143771, 100, 61
2026-06-30T19:19:52,49702, 143771, 100, 60
2026-06-30T19:19:53,49702, 143771, 93, 60
2026-06-30T19:19:54,49702, 143771, 100, 59
2026-06-30T19:19:55,49702, 143771, 92, 59
2026-06-30T19:19:56,49702, 143771, 100, 60
2026-06-30T19:19:57,49702, 143771, 99, 59
2026-06-30T19:19:59,49702, 143771, 99, 60
2026-06-30T19:20:00,49702, 143771, 100, 60
2026-06-30T19:20:01,49702, 143771, 95, 60
2026-06-30T19:20:02,49702, 143771, 100, 59
2026-06-30T19:20:03,49702, 143771, 96, 60
2026-06-30T19:20:04,49702, 143771, 100, 59
2026-06-30T19:20:05,49702, 143771, 74, 59
2026-06-30T19:20:06,49702, 143771, 100, 60
2026-06-30T19:20:07,49702, 143771, 96, 59
2026-06-30T19:20:08,49702, 143771, 100, 60
2026-06-30T19:20:09,49702, 143771, 100, 59
2026-06-30T19:20:10,49702, 143771, 95, 63
2026-06-30T19:20:11,49702, 143771, 100, 60
2026-06-30T19:20:12,49702, 143771, 93, 60
2026-06-30T19:20:13,49702, 143771, 100, 60
2026-06-30T19:20:14,49702, 143771, 70, 56
2026-06-30T19:20:15,49702, 143771, 100, 59
2026-06-30T19:20:16,49702, 143771, 100, 59
2026-06-30T19:20:17,49702, 143771, 99, 59
2026-06-30T19:20:18,49702, 143771, 100, 60
2026-06-30T19:20:19,49702, 143771, 97, 61
2026-06-30T19:20:20,49702, 143771, 100, 60
2026-06-30T19:20:21,49702, 143771, 96, 60
2026-06-30T19:20:22,49702, 143771, 100, 59
2026-06-30T19:20:23,49702, 143771, 74, 59
2026-06-30T19:20:24,49702, 143771, 100, 60
2026-06-30T19:20:25,49702, 143771, 100, 59
2026-06-30T19:20:26,49702, 143771, 100, 60
2026-06-30T19:20:27,49702, 143771, 100, 60
2026-06-30T19:20:28,49702, 143771, 96, 63
2026-06-30T19:20:29,49702, 143771, 100, 60
2026-06-30T19:20:30,49702, 143771, 96, 62
2026-06-30T19:20:31,49702, 143771, 100, 59
2026-06-30T19:20:32,49702, 143771, 94, 60
2026-06-30T19:20:33,49702, 143771, 100, 60
2026-06-30T19:20:34,49702, 143771, 97, 56
2026-06-30T19:20:35,49702, 143771, 100, 60
2026-06-30T19:20:37,49702, 143771, 100, 60
2026-06-30T19:20:38,49702, 143771, 99, 61
2026-06-30T19:20:39,49702, 143771, 100, 60
2026-06-30T19:20:40,49702, 143771, 96, 60
2026-06-30T19:20:41,49702, 143771, 100, 60
2026-06-30T19:20:42,49702, 143771, 81, 60
2026-06-30T19:20:43,49702, 143771, 100, 60
2026-06-30T19:20:44,49702, 143771, 96, 59
2026-06-30T19:20:45,49702, 143771, 100, 60
2026-06-30T19:20:46,49702, 143771, 100, 58
2026-06-30T19:20:47,49702, 143771, 98, 59
2026-06-30T19:20:48,49702, 143771, 100, 60
2026-06-30T19:20:49,49702, 143771, 97, 60
2026-06-30T19:20:50,49702, 143771, 100, 60
2026-06-30T19:20:51,49702, 143771, 80, 60
2026-06-30T19:20:52,49702, 143771, 100, 59
2026-06-30T19:20:53,49702, 143771, 75, 59
2026-06-30T19:20:54,49702, 143771, 100, 60
2026-06-30T19:20:55,49702, 143771, 100, 59
2026-06-30T19:20:56,49702, 143771, 100, 60
2026-06-30T19:20:57,49702, 143771, 100, 60
2026-06-30T19:20:58,49702, 143771, 93, 62
2026-06-30T19:20:59,49702, 143771, 100, 60
2026-06-30T19:21:00,49702, 143771, 93, 59
2026-06-30T19:21:01,49702, 143771, 100, 60
2026-06-30T19:21:02,49702, 143771, 79, 59
2026-06-30T19:21:03,49702, 143771, 100, 59
2026-06-30T19:21:04,49702, 143771, 97, 56
2026-06-30T19:21:05,49702, 143771, 100, 60
2026-06-30T19:21:06,49702, 143771, 100, 60
2026-06-30T19:21:07,49702, 143771, 99, 60
2026-06-30T19:21:08,49702, 143771, 100, 59
2026-06-30T19:21:09,49702, 143771, 96, 60
2026-06-30T19:21:10,49702, 143771, 100, 59
2026-06-30T19:21:11,49702, 143771, 82, 58
2026-06-30T19:21:12,49702, 143771, 100, 60
2026-06-30T19:21:13,49702, 143771, 96, 57
2026-06-30T19:21:15,49702, 143771, 100, 59
2026-06-30T19:21:16,49702, 143771, 100, 60
2026-06-30T19:21:17,49702, 143771, 98, 59
2026-06-30T19:21:18,49702, 143771, 100, 60
2026-06-30T19:21:19,49702, 143771, 95, 59
2026-06-30T19:21:20,49702, 143771, 100, 59
2026-06-30T19:21:21,49702, 143771, 96, 60
2026-06-30T19:21:22,49702, 143771, 100, 60
2026-06-30T19:21:23,49702, 143771, 73, 59
2026-06-30T19:21:24,49702, 143771, 100, 60
2026-06-30T19:21:25,49702, 143771, 100, 60
2026-06-30T19:21:26,49702, 143771, 100, 60
2026-06-30T19:21:27,49702, 143771, 100, 59
2026-06-30T19:21:28,49702, 143771, 96, 62
2026-06-30T19:21:29,49702, 143771, 100, 59
2026-06-30T19:21:30,49702, 143771, 93, 58
2026-06-30T19:21:31,49702, 143771, 100, 59
2026-06-30T19:21:32,49702, 143771, 95, 59
2026-06-30T19:21:33,49702, 143771, 100, 59
2026-06-30T19:21:34,49702, 143771, 98, 59
2026-06-30T19:21:35,49702, 143771, 98, 60
2026-06-30T19:21:36,49702, 143771, 100, 60
2026-06-30T19:21:37,49702, 143771, 98, 60
2026-06-30T19:21:38,49702, 143771, 100, 59
2026-06-30T19:21:39,49702, 143771, 83, 60
2026-06-30T19:21:40,49702, 143771, 100, 60
2026-06-30T19:21:41,49702, 143771, 78, 59
2026-06-30T19:21:42,49702, 143771, 100, 60
2026-06-30T19:21:43,49702, 143771, 100, 57
2026-06-30T19:21:44,49702, 143771, 99, 59
2026-06-30T19:21:45,49702, 143771, 100, 59
2026-06-30T19:21:46,49702, 143771, 97, 59
2026-06-30T19:21:47,49702, 143771, 100, 60
2026-06-30T19:21:48,49702, 143771, 96, 59
2026-06-30T19:21:49,49702, 143771, 100, 60
2026-06-30T19:21:50,49702, 143771, 80, 59
2026-06-30T19:21:52,49702, 143771, 100, 60
2026-06-30T19:21:53,49702, 143771, 97, 60
2026-06-30T19:21:54,49722, 143771, 100, 60
2026-06-30T19:21:55,49722, 143771, 100, 60
2026-06-30T19:21:56,49722, 143771, 97, 60
2026-06-30T19:21:57,49722, 143771, 100, 59
2026-06-30T19:21:58,49722, 143771, 93, 61
2026-06-30T19:21:59,49722, 143771, 100, 60
2026-06-30T19:22:00,49722, 143771, 87, 58
2026-06-30T19:22:01,49722, 143771, 100, 60
2026-06-30T19:22:02,49722, 143771, 97, 57
2026-06-30T19:22:03,49722, 143771, 100, 59
2026-06-30T19:22:04,49722, 143771, 97, 60
2026-06-30T19:22:05,49722, 143771, 99, 59
2026-06-30T19:22:06,49722, 143771, 100, 60
2026-06-30T19:22:07,49722, 143771, 94, 60
2026-06-30T19:22:08,49722, 143771, 100, 60
2026-06-30T19:22:09,49722, 143771, 96, 60
2026-06-30T19:22:10,49722, 143771, 100, 60
2026-06-30T19:22:11,49722, 143771, 78, 59
2026-06-30T19:22:12,49722, 143771, 100, 60
2026-06-30T19:22:13,49722, 143771, 100, 57
2026-06-30T19:22:14,49722, 143771, 98, 60
2026-06-30T19:22:15,49722, 143771, 100, 59
2026-06-30T19:22:16,49722, 143771, 97, 61
2026-06-30T19:22:17,49722, 143771, 100, 59
2026-06-30T19:22:18,49722, 143771, 76, 59
2026-06-30T19:22:19,49722, 143771, 100, 59
2026-06-30T19:22:20,49722, 143771, 92, 60
2026-06-30T19:22:21,49722, 143771, 100, 59
2026-06-30T19:22:22,49722, 143771, 95, 59
2026-06-30T19:22:23,49722, 143771, 100, 60
2026-06-30T19:22:24,49722, 143771, 100, 60
2026-06-30T19:22:25,49722, 143771, 93, 61
2026-06-30T19:22:26,49722, 143771, 100, 60
2026-06-30T19:22:27,49722, 143771, 92, 59
2026-06-30T19:22:28,49722, 143771, 100, 60
2026-06-30T19:22:30,49722, 143771, 96, 59
2026-06-30T19:22:31,49722, 143771, 100, 59
2026-06-30T19:22:32,49722, 143771, 99, 58
2026-06-30T19:22:33,49722, 143771, 98, 60
2026-06-30T19:22:34,49722, 143771, 100, 60
2026-06-30T19:22:35,49722, 143771, 94, 60
2026-06-30T19:22:36,49722, 143771, 100, 59
2026-06-30T19:22:37,49722, 143771, 78, 59
2026-06-30T19:22:38,49722, 143771, 100, 60
2026-06-30T19:22:39,49722, 143771, 78, 59
2026-06-30T19:22:40,49722, 143771, 100, 59
2026-06-30T19:22:41,49722, 143771, 97, 60
2026-06-30T19:22:42,49722, 143771, 100, 60
2026-06-30T19:22:43,49722, 143771, 100, 59
2026-06-30T19:22:44,49722, 143771, 96, 62
2026-06-30T19:22:45,49722, 143771, 100, 59
2026-06-30T19:22:46,49722, 143771, 96, 61
2026-06-30T19:22:47,49722, 143771, 100, 60
2026-06-30T19:22:48,49722, 143771, 87, 59
2026-06-30T19:22:49,49722, 143771, 100, 59
2026-06-30T19:22:50,49722, 143771, 96, 57
2026-06-30T19:22:51,49722, 143771, 100, 60
2026-06-30T19:22:52,49722, 143771, 99, 59
2026-06-30T19:22:53,49722, 143771, 99, 61
2026-06-30T19:22:54,49722, 143771, 100, 60
2026-06-30T19:22:55,49722, 143771, 80, 59
2026-06-30T19:22:56,49722, 143771, 100, 60
2026-06-30T19:22:57,49722, 143771, 96, 60
2026-06-30T19:22:58,49722, 143771, 100, 60
2026-06-30T19:22:59,49722, 143771, 100, 59
2026-06-30T19:23:00,49722, 143771, 100, 59
2026-06-30T19:23:01,49722, 143771, 100, 60
2026-06-30T19:23:02,49722, 143771, 97, 60
2026-06-30T19:23:03,49722, 143771, 100, 59
2026-06-30T19:23:04,49722, 143771, 94, 59
2026-06-30T19:23:05,49722, 143771, 100, 59
2026-06-30T19:23:07,49722, 143771, 80, 59
2026-06-30T19:23:08,49722, 143771, 100, 60
2026-06-30T19:23:09,49722, 143771, 94, 60
2026-06-30T19:23:10,49722, 143771, 100, 59
2026-06-30T19:23:11,49722, 143771, 100, 60
2026-06-30T19:23:12,49722, 143771, 100, 59
2026-06-30T19:23:13,49722, 143771, 100, 59
2026-06-30T19:23:14,49722, 143771, 96, 62
2026-06-30T19:23:15,49722, 143771, 100, 60
2026-06-30T19:23:16,49722, 143771, 90, 58
2026-06-30T19:23:17,49722, 143771, 100, 60
2026-06-30T19:23:18,49722, 143771, 97, 57
2026-06-30T19:23:19,49722, 143771, 100, 59
2026-06-30T19:23:20,49722, 143771, 100, 58
2026-06-30T19:23:21,49722, 143771, 97, 59
2026-06-30T19:23:22,49722, 143771, 100, 59
2026-06-30T19:23:23,49722, 143771, 95, 60
2026-06-30T19:23:24,49722, 143771, 100, 59
2026-06-30T19:23:25,49722, 143771, 76, 59
2026-06-30T19:23:26,49722, 143771, 100, 60
2026-06-30T19:23:27,49722, 143771, 81, 59
2026-06-30T19:23:28,49722, 143771, 100, 60
2026-06-30T19:23:29,49722, 143771, 100, 60
2026-06-30T19:23:30,49722, 143771, 100, 60
2026-06-30T19:23:31,49722, 143771, 100, 60
2026-06-30T19:23:32,49722, 143771, 96, 61
2026-06-30T19:23:33,49722, 143771, 100, 59
2026-06-30T19:23:34,49722, 143771, 96, 59
2026-06-30T19:23:35,49722, 143771, 100, 60
2026-06-30T19:23:36,49722, 143771, 86, 58
2026-06-30T19:23:37,49722, 143771, 100, 59
2026-06-30T19:23:38,49722, 143771, 95, 60
2026-06-30T19:23:39,49722, 143771, 100, 59
2026-06-30T19:23:40,49722, 143771, 100, 60
2026-06-30T19:23:41,49722, 143771, 100, 62
2026-06-30T19:23:42,49722, 143771, 100, 59
2026-06-30T19:23:43,49722, 143771, 94, 60
2026-06-30T19:23:45,49722, 143771, 100, 59
2026-06-30T19:23:46,49722, 143771, 92, 59
2026-06-30T19:23:47,49722, 143771, 100, 59
2026-06-30T19:23:48,49722, 143771, 97, 59
2026-06-30T19:23:49,49722, 143771, 99, 59
2026-06-30T19:23:50,49722, 143771, 100, 60
2026-06-30T19:23:51,49722, 143771, 98, 59
2026-06-30T19:23:52,49722, 143771, 100, 60
2026-06-30T19:23:53,49722, 143771, 96, 60
2026-06-30T19:23:54,49722, 143771, 100, 60
2026-06-30T19:23:55,49722, 143771, 80, 59
2026-06-30T19:23:56,49722, 143771, 100, 59
2026-06-30T19:23:57,49722, 143771, 96, 59
2026-06-30T19:23:58,49722, 143771, 100, 60
2026-06-30T19:23:59,49722, 143771, 100, 59
2026-06-30T19:24:00,49722, 143771, 98, 60
2026-06-30T19:24:01,49722, 143771, 100, 59
2026-06-30T19:24:02,49722, 143771, 98, 60
2026-06-30T19:24:03,49722, 143771, 100, 60
2026-06-30T19:24:04,49722, 143771, 97, 59
2026-06-30T19:24:05,49722, 143771, 100, 59
2026-06-30T19:24:06,49722, 143771, 77, 59
2026-06-30T19:24:07,49722, 143771, 100, 60
2026-06-30T19:24:08,49722, 143771, 93, 58
2026-06-30T19:24:09,49722, 143771, 100, 60
2026-06-30T19:24:10,49722, 143771, 100, 58
2026-06-30T19:24:11,49722, 143771, 95, 60
2026-06-30T19:24:12,49722, 143771, 100, 60
2026-06-30T19:24:13,49722, 143771, 93, 63
2026-06-30T19:24:14,49722, 143771, 100, 60
2026-06-30T19:24:15,49722, 143771, 96, 59
2026-06-30T19:24:16,49722, 143771, 100, 60
2026-06-30T19:24:17,49722, 143771, 88, 58
2026-06-30T19:24:18,49722, 143771, 100, 60
2026-06-30T19:24:19,49722, 143771, 96, 59
2026-06-30T19:24:20,49722, 143771, 99, 60
2026-06-30T19:24:21,49722, 143771, 100, 60
2026-06-30T19:24:23,49722, 143771, 96, 60
2026-06-30T19:24:24,49722, 143771, 100, 59
2026-06-30T19:24:25,49722, 143771, 81, 59
2026-06-30T19:24:26,49722, 143771, 100, 60
2026-06-30T19:24:27,49722, 143771, 78, 56
2026-06-30T19:24:28,49722, 143771, 100, 59
2026-06-30T19:24:29,49722, 143771, 98, 59
2026-06-30T19:24:30,49722, 143771, 99, 59
2026-06-30T19:24:31,49722, 143771, 100, 60
2026-06-30T19:24:32,49722, 143771, 96, 59
2026-06-30T19:24:33,49722, 143771, 100, 59
2026-06-30T19:24:34,49722, 143771, 93, 59
2026-06-30T19:24:35,49722, 143771, 100, 59
2026-06-30T19:24:36,49722, 143771, 77, 59
2026-06-30T19:24:37,49722, 143771, 100, 59
2026-06-30T19:24:38,49722, 143771, 87, 58
2026-06-30T19:24:39,49722, 143771, 100, 59
2026-06-30T19:24:40,49722, 143771, 100, 60
2026-06-30T19:24:41,49722, 143771, 97, 60
2026-06-30T19:24:42,49722, 143771, 100, 60
2026-06-30T19:24:43,49722, 143771, 96, 62
2026-06-30T19:24:44,49722, 143771, 100, 59
2026-06-30T19:24:45,49722, 143771, 94, 60
2026-06-30T19:24:46,49722, 143771, 100, 59
2026-06-30T19:24:47,49722, 143771, 97, 57
2026-06-30T19:24:48,49722, 143771, 100, 59
2026-06-30T19:24:49,49722, 143771, 100, 60
2026-06-30T19:24:50,49722, 143771, 100, 61
2026-06-30T19:24:51,49722, 143771, 100, 60
2026-06-30T19:24:52,49722, 143771, 96, 62
2026-06-30T19:24:53,49722, 143771, 100, 59
2026-06-30T19:24:54,49722, 143771, 80, 60
2026-06-30T19:24:55,49722, 143771, 100, 59
2026-06-30T19:24:56,49722, 143771, 94, 59
2026-06-30T19:24:57,49722, 143771, 100, 59
2026-06-30T19:24:58,49722, 143771, 98, 59
2026-06-30T19:24:59,49722, 143771, 96, 59
2026-06-30T19:25:01,49722, 143771, 100, 59
2026-06-30T19:25:02,49722, 143771, 98, 60
2026-06-30T19:25:03,49722, 143771, 100, 60
2026-06-30T19:25:04,49722, 143771, 83, 60
2026-06-30T19:25:05,49722, 143771, 100, 60
2026-06-30T19:25:06,49722, 143771, 76, 59
2026-06-30T19:25:07,49722, 143771, 100, 60
2026-06-30T19:25:08,49722, 143771, 99, 58
2026-06-30T19:25:09,49722, 143771, 100, 60
2026-06-30T19:25:10,49722, 143771, 100, 57
2026-06-30T19:25:11,49722, 143771, 98, 59
2026-06-30T19:25:12,49722, 143771, 100, 59
2026-06-30T19:25:13,49722, 143771, 98, 60
2026-06-30T19:25:14,49722, 143771, 100, 60
2026-06-30T19:25:15,49722, 143771, 76, 59
2026-06-30T19:25:16,49722, 143771, 100, 59
2026-06-30T19:25:17,49722, 143771, 76, 59
2026-06-30T19:25:18,49722, 143771, 100, 59
2026-06-30T19:25:19,49722, 143771, 100, 59
2026-06-30T19:25:20,49722, 143771, 100, 60
2026-06-30T19:25:21,49722, 143771, 100, 60
2026-06-30T19:25:22,49722, 143771, 96, 59
2026-06-30T19:25:23,49722, 143771, 100, 59
2026-06-30T19:25:24,49722, 143771, 94, 59
2026-06-30T19:25:25,49722, 143771, 100, 59
2026-06-30T19:25:26,49722, 143771, 76, 58
2026-06-30T19:25:27,49722, 143771, 100, 60
2026-06-30T19:25:28,49722, 143771, 97, 56
2026-06-30T19:25:29,49722, 143771, 100, 59
2026-06-30T19:25:30,49722, 143771, 100, 59
2026-06-30T19:25:31,49722, 143771, 100, 62
2026-06-30T19:25:32,49722, 143771, 100, 60
2026-06-30T19:25:33,49722, 143771, 92, 59
2026-06-30T19:25:34,49722, 143771, 100, 59
2026-06-30T19:25:35,49722, 143771, 78, 57
2026-06-30T19:25:36,49722, 143771, 100, 60
2026-06-30T19:25:38,49722, 143771, 98, 59
2026-06-30T19:25:39,49722, 143771, 100, 59
2026-06-30T19:25:40,49722, 143771, 100, 59
2026-06-30T19:25:41,49722, 143771, 99, 59
2026-06-30T19:25:42,49722, 143771, 100, 60
2026-06-30T19:25:43,49722, 143771, 96, 59
2026-06-30T19:25:44,49722, 143771, 100, 59
2026-06-30T19:25:45,49722, 143771, 94, 59
2026-06-30T19:25:46,49722, 143771, 100, 59
2026-06-30T19:25:47,49722, 143771, 80, 59
2026-06-30T19:25:48,49722, 143771, 100, 59
2026-06-30T19:25:49,49722, 143771, 100, 59
2026-06-30T19:25:50,49722, 143771, 100, 59
2026-06-30T19:25:51,49722, 143771, 100, 59
2026-06-30T19:25:52,49722, 143771, 92, 60
2026-06-30T19:25:53,49722, 143771, 100, 59
2026-06-30T19:25:54,49722, 143771, 94, 58
2026-06-30T19:25:55,49722, 143771, 100, 60
2026-06-30T19:25:56,49722, 143771, 96, 59
2026-06-30T19:25:57,49722, 143771, 100, 60
2026-06-30T19:25:58,49722, 143771, 97, 60
2026-06-30T19:25:59,49722, 143771, 100, 59
2026-06-30T19:26:00,49722, 143771, 100, 59
2026-06-30T19:26:01,49722, 143771, 97, 59
2026-06-30T19:26:02,49722, 143771, 100, 60
2026-06-30T19:26:03,49722, 143771, 80, 59
2026-06-30T19:26:04,49722, 143771, 100, 60
2026-06-30T19:26:05,49722, 143771, 80, 59
2026-06-30T19:26:06,49722, 143771, 100, 59
2026-06-30T19:26:07,49722, 143771, 100, 58
2026-06-30T19:26:08,49722, 143771, 100, 59
2026-06-30T19:26:09,49722, 143771, 100, 59
2026-06-30T19:26:10,49722, 143771, 96, 60
2026-06-30T19:26:11,49722, 143771, 100, 58
2026-06-30T19:26:12,49722, 143771, 92, 58
2026-06-30T19:26:13,49722, 143771, 100, 59
2026-06-30T19:26:14,49722, 143771, 90, 58
2026-06-30T19:26:16,49722, 143771, 100, 59
2026-06-30T19:26:17,49722, 143771, 93, 60
2026-06-30T19:26:18,49722, 143771, 100, 60
2026-06-30T19:26:19,49722, 143771, 100, 59
2026-06-30T19:26:20,49722, 143771, 100, 62
2026-06-30T19:26:21,49722, 143771, 100, 60
2026-06-30T19:26:22,49722, 143771, 93, 59
2026-06-30T19:26:23,49722, 143771, 100, 60
2026-06-30T19:26:24,49722, 143771, 89, 58
2026-06-30T19:26:25,49722, 143771, 100, 60
2026-06-30T19:26:26,49722, 143771, 97, 57
2026-06-30T19:26:27,49722, 143771, 99, 59
2026-06-30T19:26:28,49722, 143771, 100, 59
2026-06-30T19:26:29,49722, 143771, 98, 59
2026-06-30T19:26:30,49722, 143771, 100, 59
2026-06-30T19:26:31,49722, 143771, 95, 59
2026-06-30T19:26:32,49722, 143771, 100, 60
2026-06-30T19:26:33,49722, 143771, 91, 60
2026-06-30T19:26:34,49722, 143771, 100, 60
2026-06-30T19:26:35,49722, 143771, 79, 58
2026-06-30T19:26:36,49722, 143771, 100, 60
2026-06-30T19:26:37,49722, 143771, 100, 60
2026-06-30T19:26:38,49722, 143771, 97, 59
2026-06-30T19:26:39,49722, 143771, 100, 60
2026-06-30T19:26:40,49722, 143771, 97, 60
2026-06-30T19:26:41,49722, 143771, 100, 59
2026-06-30T19:26:42,49722, 143771, 94, 59
2026-06-30T19:26:43,49722, 143771, 100, 59
2026-06-30T19:26:44,49722, 143771, 91, 59
2026-06-30T19:26:45,49722, 143771, 100, 59
2026-06-30T19:26:46,49722, 143771, 96, 60
2026-06-30T19:26:47,49722, 143771, 100, 60
2026-06-30T19:26:48,49722, 143771, 100, 59
2026-06-30T19:26:49,49722, 143771, 96, 62
2026-06-30T19:26:50,49722, 143771, 100, 59
2026-06-30T19:26:51,49722, 143771, 94, 60
2026-06-30T19:26:53,49722, 143771, 100, 60
2026-06-30T19:26:54,49722, 143771, 82, 58
2026-06-30T19:26:55,49722, 143771, 100, 59
2026-06-30T19:26:56,49722, 143771, 96, 59
2026-06-30T19:26:57,49722, 143771, 100, 59
2026-06-30T19:26:58,49722, 143771, 100, 60
2026-06-30T19:26:59,49722, 143771, 97, 59
2026-06-30T19:27:00,49722, 143771, 100, 59
2026-06-30T19:27:01,49722, 143771, 98, 59
2026-06-30T19:27:02,49722, 143771, 100, 59
2026-06-30T19:27:03,49722, 143771, 82, 59
2026-06-30T19:27:04,49722, 143771, 100, 60
2026-06-30T19:27:05,49722, 143771, 78, 59
2026-06-30T19:27:06,49722, 143771, 100, 59
2026-06-30T19:27:07,49722, 143771, 100, 56
2026-06-30T19:27:08,49722, 143771, 98, 59
2026-06-30T19:27:09,49722, 143771, 100, 59
2026-06-30T19:27:10,49722, 143771, 95, 59
2026-06-30T19:27:11,49722, 143771, 100, 60
2026-06-30T19:27:12,49722, 143771, 94, 59
2026-06-30T19:27:13,49722, 143771, 100, 59
2026-06-30T19:27:14,49722, 143771, 81, 59
2026-06-30T19:27:15,49722, 143771, 100, 59
2026-06-30T19:27:16,49722, 143771, 89, 59
2026-06-30T19:27:17,49722, 143771, 100, 59
2026-06-30T19:27:18,49722, 143771, 100, 60
2026-06-30T19:27:19,49722, 143771, 96, 62
2026-06-30T19:27:20,49722, 143771, 100, 60
2026-06-30T19:27:21,49722, 143771, 93, 62
2026-06-30T19:27:22,49722, 143771, 100, 60
2026-06-30T19:27:23,49722, 143771, 93, 59
2026-06-30T19:27:24,49722, 143771, 100, 60
2026-06-30T19:27:25,49722, 143771, 96, 56
2026-06-30T19:27:26,49722, 143771, 99, 59
2026-06-30T19:27:27,49722, 143771, 100, 60
2026-06-30T19:27:28,49722, 143771, 99, 59
2026-06-30T19:27:29,49722, 143771, 100, 59
2026-06-30T19:27:31,49722, 143771, 86, 60
2026-06-30T19:27:32,49722, 143771, 100, 59
2026-06-30T19:27:33,49722, 143771, 96, 60
2026-06-30T19:27:34,49722, 143771, 100, 59
2026-06-30T19:27:35,49722, 143771, 80, 59
2026-06-30T19:27:36,49722, 143771, 100, 60
2026-06-30T19:27:37,49722, 143771, 100, 59
2026-06-30T19:27:38,49722, 143771, 97, 60
2026-06-30T19:27:39,49722, 143771, 100, 59
2026-06-30T19:27:40,49722, 143771, 95, 60
2026-06-30T19:27:41,49722, 143771, 100, 59
2026-06-30T19:27:42,49722, 143771, 75, 59
2026-06-30T19:27:43,49722, 143771, 100, 60
2026-06-30T19:27:44,49722, 143771, 94, 60
2026-06-30T19:27:45,49722, 143771, 100, 59
2026-06-30T19:27:46,49722, 143771, 78, 57
2026-06-30T19:27:47,49722, 143771, 100, 60
2026-06-30T19:27:48,49722, 143771, 100, 60
2026-06-30T19:27:49,49722, 143771, 94, 61
2026-06-30T19:27:50,49722, 143771, 100, 60
2026-06-30T19:27:51,49722, 143771, 96, 60
2026-06-30T19:27:52,49722, 143771, 100, 60
2026-06-30T19:27:53,49722, 143771, 91, 58
2026-06-30T19:27:54,49722, 143771, 100, 60
2026-06-30T19:27:55,49722, 143771, 97, 59
2026-06-30T19:27:56,49722, 143771, 99, 59
2026-06-30T19:27:57,49722, 143771, 100, 59
2026-06-30T19:27:58,49722, 143771, 96, 59
2026-06-30T19:27:59,49722, 143771, 100, 59
2026-06-30T19:28:00,49722, 143771, 76, 59
2026-06-30T19:28:01,49722, 143771, 100, 59
2026-06-30T19:28:02,49722, 143771, 80, 59
2026-06-30T19:28:03,49722, 143771, 100, 60
2026-06-30T19:28:04,49722, 143771, 100, 57
2026-06-30T19:28:05,49722, 143771, 100, 59
2026-06-30T19:28:06,49722, 143771, 100, 59
2026-06-30T19:28:07,49722, 143771, 96, 61
2026-06-30T19:28:09,49722, 143771, 100, 59
2026-06-30T19:28:10,49722, 143771, 96, 59
2026-06-30T19:28:11,49722, 143771, 100, 60
2026-06-30T19:28:12,49722, 143771, 88, 57
2026-06-30T19:28:13,49722, 143771, 100, 60
2026-06-30T19:28:14,49722, 143771, 97, 59
2026-06-30T19:28:15,49722, 143771, 99, 60
2026-06-30T19:28:16,49722, 143771, 100, 59
2026-06-30T19:28:17,49722, 143771, 97, 59
2026-06-30T19:28:18,49722, 143771, 100, 59
2026-06-30T19:28:19,49722, 143771, 74, 59
2026-06-30T19:28:20,49722, 143771, 100, 60
2026-06-30T19:28:21,49722, 143771, 90, 58
2026-06-30T19:28:22,49722, 143771, 100, 59
2026-06-30T19:28:23,49722, 143771, 100, 58
2026-06-30T19:28:24,49722, 143771, 100, 59
2026-06-30T19:28:25,49722, 143771, 100, 59
2026-06-30T19:28:26,49722, 143771, 93, 61
2026-06-30T19:28:27,49722, 143771, 100, 59
2026-06-30T19:28:28,49722, 143771, 92, 59
2026-06-30T19:28:29,49722, 143771, 100, 60
2026-06-30T19:28:30,49722, 143771, 76, 59
2026-06-30T19:28:31,49722, 143771, 100, 60
2026-06-30T19:28:32,49722, 143771, 96, 60
2026-06-30T19:28:33,49722, 143771, 100, 60
2026-06-30T19:28:34,49722, 143771, 100, 59
2026-06-30T19:28:35,49722, 143771, 100, 62
2026-06-30T19:28:36,49722, 143771, 100, 59
2026-06-30T19:28:37,49722, 143771, 96, 62
2026-06-30T19:28:38,49722, 143771, 100, 60
2026-06-30T19:28:39,49722, 143771, 96, 59
2026-06-30T19:28:40,49722, 143771, 100, 59
2026-06-30T19:28:41,49722, 143771, 93, 57
2026-06-30T19:28:42,49722, 143771, 100, 60
2026-06-30T19:28:43,49722, 143771, 97, 60
2026-06-30T19:28:44,49722, 143771, 99, 60
2026-06-30T19:28:46,49722, 143771, 100, 60
2026-06-30T19:28:47,49722, 143771, 97, 59
2026-06-30T19:28:48,49722, 143771, 100, 60
2026-06-30T19:28:49,49722, 143771, 83, 59
2026-06-30T19:28:50,49722, 143771, 100, 59
2026-06-30T19:28:51,49722, 143771, 78, 59
2026-06-30T19:28:52,49722, 143771, 100, 59
2026-06-30T19:28:53,49722, 143771, 100, 58
2026-06-30T19:28:54,49722, 143771, 99, 59
2026-06-30T19:28:55,49722, 143771, 100, 60
2026-06-30T19:28:56,49722, 143771, 97, 60
2026-06-30T19:28:57,49722, 143771, 100, 60
2026-06-30T19:28:58,49722, 143771, 92, 59
2026-06-30T19:28:59,49722, 143771, 100, 59
2026-06-30T19:29:00,49722, 143771, 76, 59
2026-06-30T19:29:01,49722, 143771, 100, 60
2026-06-30T19:29:02,49722, 143771, 79, 59
2026-06-30T19:29:03,49722, 143771, 100, 59
2026-06-30T19:29:04,49722, 143771, 100, 60
2026-06-30T19:29:05,49722, 143771, 96, 63
2026-06-30T19:29:06,49722, 143771, 100, 60
2026-06-30T19:29:07,49722, 143771, 96, 62
2026-06-30T19:29:08,49722, 143771, 100, 59
2026-06-30T19:29:09,49722, 143771, 96, 59
2026-06-30T19:29:10,49722, 143771, 100, 60
2026-06-30T19:29:11,49722, 143771, 96, 56
2026-06-30T19:29:12,49722, 143771, 100, 59
2026-06-30T19:29:13,49722, 143771, 100, 59
2026-06-30T19:29:14,49722, 143771, 95, 59
2026-06-30T19:29:15,49722, 143771, 100, 59
2026-06-30T19:29:16,49722, 143771, 83, 60
2026-06-30T19:29:17,49722, 143771, 100, 60
2026-06-30T19:29:18,49722, 143771, 76, 59
2026-06-30T19:29:19,49722, 143771, 100, 59
2026-06-30T19:29:20,49722, 143771, 94, 56
2026-06-30T19:29:21,49722, 143771, 100, 60
2026-06-30T19:29:22,49722, 143771, 100, 59
2026-06-30T19:29:24,49722, 143771, 97, 60
2026-06-30T19:29:25,49722, 143771, 100, 59
2026-06-30T19:29:26,49722, 143771, 93, 61
2026-06-30T19:29:27,49722, 143771, 100, 60
2026-06-30T19:29:28,49722, 143771, 82, 59
2026-06-30T19:29:29,49722, 143771, 100, 60
2026-06-30T19:29:30,49722, 143771, 82, 59
2026-06-30T19:29:31,49722, 143771, 100, 60
2026-06-30T19:29:32,49722, 143771, 95, 59
2026-06-30T19:29:33,49722, 143771, 98, 59
2026-06-30T19:29:34,49722, 143771, 100, 59
2026-06-30T19:29:35,49722, 143771, 96, 60
2026-06-30T19:29:36,49722, 143771, 100, 60
2026-06-30T19:29:37,49722, 143771, 81, 60
2026-06-30T19:29:38,49722, 143771, 100, 59
2026-06-30T19:29:39,49722, 143771, 100, 59
2026-06-30T19:29:40,49722, 143771, 100, 59
2026-06-30T19:29:41,49722, 143771, 100, 59
2026-06-30T19:29:42,49722, 143771, 97, 59
2026-06-30T19:29:43,49722, 143771, 100, 59
2026-06-30T19:29:44,49722, 143771, 96, 59
2026-06-30T19:29:45,49722, 143771, 100, 60
2026-06-30T19:29:46,49722, 143771, 96, 60
2026-06-30T19:29:47,49722, 143771, 100, 60
2026-06-30T19:29:48,49722, 143771, 79, 59
2026-06-30T19:29:49,49722, 143771, 100, 60
2026-06-30T19:29:50,49722, 143771, 100, 60
2026-06-30T19:29:51,49722, 143771, 100, 59
2026-06-30T19:29:52,49722, 143771, 100, 59
2026-06-30T19:29:53,49722, 143771, 96, 62
2026-06-30T19:29:54,49722, 143771, 100, 60
2026-06-30T19:29:55,49722, 143771, 96, 59
2026-06-30T19:29:56,49722, 143771, 100, 60
2026-06-30T19:29:57,49722, 143771, 94, 59
2026-06-30T19:29:58,49722, 143771, 100, 60
2026-06-30T19:29:59,49722, 143771, 96, 60
2026-06-30T19:30:00,49722, 143771, 100, 60
2026-06-30T19:30:02,49722, 143771, 100, 59
2026-06-30T19:30:03,49722, 143771, 98, 59
2026-06-30T19:30:04,49722, 143771, 100, 59
2026-06-30T19:30:05,49722, 143771, 87, 60
2026-06-30T19:30:06,49722, 143771, 100, 59
2026-06-30T19:30:07,49722, 143771, 80, 57
2026-06-30T19:30:08,49722, 143771, 100, 59
2026-06-30T19:30:09,49722, 143771, 96, 59
2026-06-30T19:30:10,49722, 143771, 100, 60
2026-06-30T19:30:11,49722, 143771, 99, 59
2026-06-30T19:30:12,49722, 143771, 97, 59
2026-06-30T19:30:13,49722, 143771, 100, 59
2026-06-30T19:30:14,49722, 143771, 96, 59
2026-06-30T19:30:15,49722, 143771, 100, 60
2026-06-30T19:30:16,49722, 143771, 76, 59
2026-06-30T19:30:17,49722, 143771, 100, 59
2026-06-30T19:30:18,49722, 143771, 79, 59
2026-06-30T19:30:19,49722, 143771, 100, 60
2026-06-30T19:30:20,49722, 143771, 100, 58
2026-06-30T19:30:21,49722, 143771, 95, 59
2026-06-30T19:30:22,49722, 143771, 100, 56
2026-06-30T19:30:23,49722, 143771, 100, 59
2026-06-30T19:30:24,49722, 143771, 95, 60
2026-06-30T19:30:25,49722, 143771, 100, 59
2026-06-30T19:30:26,49722, 143771, 93, 62
2026-06-30T19:30:27,49722, 143771, 100, 60
2026-06-30T19:30:28,49722, 143771, 80, 59
2026-06-30T19:30:29,49722, 143771, 100, 59
2026-06-30T19:30:30,49722, 143771, 79, 58
2026-06-30T19:30:31,49722, 143771, 100, 59
2026-06-30T19:30:32,49722, 143771, 97, 59
2026-06-30T19:30:33,49722, 143771, 100, 61
2026-06-30T19:30:34,49722, 143771, 100, 60
2026-06-30T19:30:35,49722, 143771, 96, 62
2026-06-30T19:30:36,49722, 143771, 100, 60
2026-06-30T19:30:37,49722, 143771, 93, 59
2026-06-30T19:30:38,49722, 143771, 100, 59
2026-06-30T19:30:40,49722, 143771, 97, 56
2026-06-30T19:30:41,49722, 143771, 100, 59
2026-06-30T19:30:42,49722, 143771, 98, 59
2026-06-30T19:30:43,49722, 143771, 99, 60
2026-06-30T19:30:44,49722, 143771, 100, 60
2026-06-30T19:30:45,49722, 143771, 97, 59
2026-06-30T19:30:46,49722, 143771, 100, 60
2026-06-30T19:30:47,49722, 143771, 78, 59
2026-06-30T19:30:48,49722, 143771, 100, 60
2026-06-30T19:30:49,49722, 143771, 91, 59
2026-06-30T19:30:50,49722, 143771, 100, 60
2026-06-30T19:30:51,49722, 143771, 100, 57
2026-06-30T19:30:52,49722, 143771, 100, 60
2026-06-30T19:30:53,49722, 143771, 100, 59
2026-06-30T19:30:54,49722, 143771, 95, 59
2026-06-30T19:30:55,49722, 143771, 100, 60
2026-06-30T19:30:56,49722, 143771, 96, 59
2026-06-30T19:30:57,49722, 143771, 100, 59
2026-06-30T19:30:58,49722, 143771, 81, 59
2026-06-30T19:30:59,49722, 143771, 100, 59
2026-06-30T19:31:00,49722, 143771, 94, 59
2026-06-30T19:31:01,49722, 143771, 100, 59
2026-06-30T19:31:02,49722, 143771, 100, 57
2026-06-30T19:31:03,49722, 143771, 100, 60
2026-06-30T19:31:04,49722, 143771, 100, 60
2026-06-30T19:31:05,49722, 143771, 93, 61
2026-06-30T19:31:06,49722, 143771, 100, 60
2026-06-30T19:31:07,49722, 143771, 93, 58
2026-06-30T19:31:08,49722, 143771, 100, 60
2026-06-30T19:31:09,49722, 143771, 96, 57
2026-06-30T19:31:10,49722, 143771, 100, 60
2026-06-30T19:31:11,49722, 143771, 97, 60
2026-06-30T19:31:12,49722, 143771, 99, 59
2026-06-30T19:31:13,49722, 143771, 100, 59
2026-06-30T19:31:14,49722, 143771, 95, 59
2026-06-30T19:31:15,49722, 143771, 100, 59
2026-06-30T19:31:16,49722, 143771, 82, 60
2026-06-30T19:31:18,49722, 143771, 100, 60
2026-06-30T19:31:19,49722, 143771, 78, 58
2026-06-30T19:31:20,49722, 143771, 100, 60
2026-06-30T19:31:21,49722, 143771, 98, 59
2026-06-30T19:31:22,49722, 143771, 100, 59
2026-06-30T19:31:23,49722, 143771, 100, 57
2026-06-30T19:31:24,49722, 143771, 94, 59
2026-06-30T19:31:25,49722, 143771, 100, 59
2026-06-30T19:31:26,49722, 143771, 93, 59
2026-06-30T19:31:27,49722, 143771, 100, 59
2026-06-30T19:31:28,49722, 143771, 75, 59
2026-06-30T19:31:29,49722, 143771, 100, 59
2026-06-30T19:31:30,49722, 143771, 97, 60
2026-06-30T19:31:31,49722, 143771, 100, 59
2026-06-30T19:31:32,49722, 143771, 100, 59
2026-06-30T19:31:33,49722, 143771, 99, 61
2026-06-30T19:31:34,49722, 143771, 100, 59
2026-06-30T19:31:35,49722, 143771, 95, 60
2026-06-30T19:31:36,49722, 143771, 100, 59
2026-06-30T19:31:37,49722, 143771, 96, 59
2026-06-30T19:31:38,49722, 143771, 100, 60
2026-06-30T19:31:39,49722, 143771, 98, 59
2026-06-30T19:31:40,49722, 143771, 98, 59
2026-06-30T19:31:41,49722, 143771, 100, 59
2026-06-30T19:31:42,49722, 143771, 97, 59
2026-06-30T19:31:43,49722, 143771, 100, 59
2026-06-30T19:31:44,49722, 143771, 97, 59
2026-06-30T19:31:45,49722, 143771, 100, 59
2026-06-30T19:31:46,49722, 143771, 79, 59
2026-06-30T19:31:47,49722, 143771, 100, 59
2026-06-30T19:31:48,49722, 143771, 94, 58
2026-06-30T19:31:49,49722, 143771, 100, 59
2026-06-30T19:31:50,49722, 143771, 100, 60
2026-06-30T19:31:51,49722, 143771, 96, 61
2026-06-30T19:31:52,49722, 143771, 100, 59
2026-06-30T19:31:53,49722, 143771, 96, 62
2026-06-30T19:31:55,49722, 143771, 100, 59
2026-06-30T19:31:56,49722, 143771, 85, 58
2026-06-30T19:31:57,49722, 143771, 100, 60
2026-06-30T19:31:58,49722, 143771, 98, 59
2026-06-30T19:31:59,49722, 143771, 97, 59
2026-06-30T19:32:00,49722, 143771, 100, 59
2026-06-30T19:32:01,49722, 143771, 97, 60
2026-06-30T19:32:02,49722, 143771, 100, 59
2026-06-30T19:32:03,49722, 143771, 92, 59
2026-06-30T19:32:04,49722, 143771, 100, 60
2026-06-30T19:32:05,49722, 143771, 81, 59
2026-06-30T19:32:06,49722, 143771, 100, 59
2026-06-30T19:32:07,49722, 143771, 90, 58
2026-06-30T19:32:08,49722, 143771, 100, 60
2026-06-30T19:32:09,49722, 143771, 100, 60
2026-06-30T19:32:10,49722, 143771, 93, 62
2026-06-30T19:32:11,49722, 143771, 100, 59
2026-06-30T19:32:12,49722, 143771, 94, 59
2026-06-30T19:32:13,49722, 143771, 100, 60
2026-06-30T19:32:14,49722, 143771, 96, 59
2026-06-30T19:32:15,49722, 143771, 100, 59
2026-06-30T19:32:16,49722, 143771, 98, 59
2026-06-30T19:32:17,49722, 143771, 98, 59
2026-06-30T19:32:18,49722, 143771, 100, 59
2026-06-30T19:32:19,49722, 143771, 99, 59
2026-06-30T19:32:20,49722, 143771, 100, 58
2026-06-30T19:32:21,49722, 143771, 82, 59
2026-06-30T19:32:22,49722, 143771, 100, 60
2026-06-30T19:32:23,49722, 143771, 79, 59
2026-06-30T19:32:24,49722, 143771, 100, 59
2026-06-30T19:32:25,49722, 143771, 100, 57
2026-06-30T19:32:26,49722, 143771, 100, 59
2026-06-30T19:32:27,49722, 143771, 100, 57
2026-06-30T19:32:28,49722, 143771, 96, 59
2026-06-30T19:32:29,49722, 143771, 100, 59
2026-06-30T19:32:30,49722, 143771, 96, 59
2026-06-30T19:32:31,49722, 143771, 100, 59
2026-06-30T19:32:33,49722, 143771, 80, 59
2026-06-30T19:32:34,49722, 143771, 100, 59
2026-06-30T19:32:35,49722, 143771, 78, 59
2026-06-30T19:32:36,49722, 143771, 100, 60
2026-06-30T19:32:37,49722, 143771, 100, 59
2026-06-30T19:32:38,49722, 143771, 100, 60
2026-06-30T19:32:39,49722, 143771, 100, 60
2026-06-30T19:32:40,49722, 143771, 96, 60
2026-06-30T19:32:41,49722, 143771, 100, 59
2026-06-30T19:32:42,49722, 143771, 94, 59
2026-06-30T19:32:43,49722, 143771, 100, 59
2026-06-30T19:32:44,49722, 143771, 78, 59
2026-06-30T19:32:45,49722, 143771, 100, 59
2026-06-30T19:32:46,49722, 143771, 96, 57
2026-06-30T19:32:47,49722, 143771, 100, 59
2026-06-30T19:32:48,49722, 143771, 100, 59
2026-06-30T19:32:49,49722, 143771, 98, 61
2026-06-30T19:32:50,49722, 143771, 100, 60
2026-06-30T19:32:51,49722, 143771, 96, 60
2026-06-30T19:32:52,49722, 143771, 100, 60
2026-06-30T19:32:53,49722, 143771, 79, 57
2026-06-30T19:32:54,49722, 143771, 100, 59
2026-06-30T19:32:55,49722, 143771, 98, 59
2026-06-30T19:32:56,49722, 143771, 100, 59
2026-06-30T19:32:57,49722, 143771, 100, 59
2026-06-30T19:32:58,49722, 143771, 99, 59
2026-06-30T19:32:59,49722, 143771, 100, 60
2026-06-30T19:33:00,49722, 143771, 98, 59
2026-06-30T19:33:01,49722, 143771, 100, 59
2026-06-30T19:33:02,49722, 143771, 96, 60
2026-06-30T19:33:03,49722, 143771, 100, 60
2026-06-30T19:33:04,49722, 143771, 78, 59
2026-06-30T19:33:05,49722, 143771, 100, 60
2026-06-30T19:33:06,49722, 143771, 100, 58
2026-06-30T19:33:07,49722, 143771, 100, 59
2026-06-30T19:33:08,49722, 143771, 100, 59
2026-06-30T19:33:09,49722, 143771, 98, 59
2026-06-30T19:33:11,49722, 143771, 100, 60
2026-06-30T19:33:12,49722, 143771, 96, 59
2026-06-30T19:33:13,49722, 143771, 100, 59
2026-06-30T19:33:14,49722, 143771, 90, 59
2026-06-30T19:33:15,49722, 143771, 100, 60
2026-06-30T19:33:16,49722, 143771, 93, 58
2026-06-30T19:33:17,49722, 143771, 100, 60
2026-06-30T19:33:18,49722, 143771, 100, 59
2026-06-30T19:33:19,49722, 143771, 100, 62
2026-06-30T19:33:20,49722, 143771, 100, 59
2026-06-30T19:33:21,49722, 143771, 96, 59
2026-06-30T19:33:22,49722, 143771, 100, 59
2026-06-30T19:33:23,49722, 143771, 84, 58
2026-06-30T19:33:24,49722, 143771, 100, 59
2026-06-30T19:33:25,49722, 143771, 96, 59
2026-06-30T19:33:26,49722, 143771, 100, 59
2026-06-30T19:33:27,49722, 143771, 97, 59
2026-06-30T19:33:28,49722, 143771, 99, 60
2026-06-30T19:33:29,49722, 143771, 100, 60
2026-06-30T19:33:30,49722, 143771, 98, 60
2026-06-30T19:33:31,49722, 143771, 100, 59
2026-06-30T19:33:32,49722, 143771, 78, 59
2026-06-30T19:33:33,49722, 143771, 100, 59
2026-06-30T19:33:34,49722, 143771, 76, 59
2026-06-30T19:33:35,49722, 143771, 100, 59
2026-06-30T19:33:36,49722, 143771, 100, 59
2026-06-30T19:33:37,49722, 143771, 97, 59
2026-06-30T19:33:38,49722, 143771, 100, 59
2026-06-30T19:33:39,49722, 143771, 92, 62
2026-06-30T19:33:40,49722, 143771, 100, 59
2026-06-30T19:33:41,49722, 143771, 90, 58
2026-06-30T19:33:42,49722, 143771, 100, 59
2026-06-30T19:33:43,49722, 143771, 95, 58
2026-06-30T19:33:44,49722, 143771, 100, 59
2026-06-30T19:33:45,49722, 143771, 98, 59
2026-06-30T19:33:46,49722, 143771, 100, 60
2026-06-30T19:33:47,49722, 143771, 100, 59
2026-06-30T19:33:49,49722, 143771, 91, 59
2026-06-30T19:33:50,49722, 143771, 100, 59
2026-06-30T19:33:51,49722, 143771, 96, 60
2026-06-30T19:33:52,49722, 143771, 100, 59
2026-06-30T19:33:53,49722, 143771, 81, 59
2026-06-30T19:33:54,49722, 143771, 100, 59
2026-06-30T19:33:55,49722, 143771, 100, 59
2026-06-30T19:33:56,49722, 143771, 99, 59
2026-06-30T19:33:57,49722, 143771, 100, 59
2026-06-30T19:33:58,49722, 143771, 97, 59
2026-06-30T19:33:59,49722, 143771, 100, 60
2026-06-30T19:34:00,49722, 143771, 78, 59
2026-06-30T19:34:01,49722, 143771, 100, 60
2026-06-30T19:34:02,49722, 143771, 94, 60
2026-06-30T19:34:03,49722, 143771, 100, 59
2026-06-30T19:34:04,49722, 143771, 97, 59
2026-06-30T19:34:05,49722, 143771, 100, 59
2026-06-30T19:34:06,49722, 143771, 100, 59
2026-06-30T19:34:07,49722, 143771, 96, 62
2026-06-30T19:34:08,49722, 143771, 100, 60
2026-06-30T19:34:09,49722, 143771, 96, 60
2026-06-30T19:34:10,49722, 143771, 100, 59
2026-06-30T19:34:11,49722, 143771, 91, 58
2026-06-30T19:34:12,49722, 143771, 100, 59
2026-06-30T19:34:13,49722, 143771, 98, 58
2026-06-30T19:34:14,49722, 143771, 99, 59
2026-06-30T19:34:15,49722, 143771, 100, 60
2026-06-30T19:34:16,49722, 143771, 98, 59
2026-06-30T19:34:17,49722, 143771, 100, 60
2026-06-30T19:34:18,49722, 143771, 76, 59
2026-06-30T19:34:19,49722, 143771, 100, 59
2026-06-30T19:34:20,49722, 143771, 74, 59
2026-06-30T19:34:21,49722, 143771, 100, 59
2026-06-30T19:34:22,49722, 143771, 100, 58
2026-06-30T19:34:23,49722, 143771, 100, 59
2026-06-30T19:34:24,49722, 143771, 100, 60
2026-06-30T19:34:26,49722, 143771, 94, 60
2026-06-30T19:34:27,49722, 143771, 100, 59
2026-06-30T19:34:28,49722, 143771, 96, 61
2026-06-30T19:34:29,49722, 143771, 100, 59
2026-06-30T19:34:30,49722, 143771, 78, 59
2026-06-30T19:34:31,49722, 143771, 100, 60
2026-06-30T19:34:32,49722, 143771, 88, 58
2026-06-30T19:34:33,49722, 143771, 100, 59
2026-06-30T19:34:34,49722, 143771, 96, 59
2026-06-30T19:34:35,49722, 143771, 100, 61
2026-06-30T19:34:36,49722, 143771, 100, 60
2026-06-30T19:34:37,49722, 143771, 96, 60
2026-06-30T19:34:38,49722, 143771, 100, 59
2026-06-30T19:34:39,49722, 143771, 94, 59
2026-06-30T19:34:40,49722, 143771, 100, 59
2026-06-30T19:34:41,49722, 143771, 97, 58
2026-06-30T19:34:42,49722, 143771, 100, 60
2026-06-30T19:34:43,49722, 143771, 99, 59
2026-06-30T19:34:44,49722, 143771, 100, 59
2026-06-30T19:34:45,49722, 143771, 100, 59
2026-06-30T19:34:46,49722, 143771, 99, 59
2026-06-30T19:34:47,49722, 143771, 100, 60
2026-06-30T19:34:48,49722, 143771, 78, 59
2026-06-30T19:34:49,49722, 143771, 100, 59
2026-06-30T19:34:50,49722, 143771, 96, 59
2026-06-30T19:34:51,49722, 143771, 100, 59
2026-06-30T19:34:52,49722, 143771, 99, 59
2026-06-30T19:34:53,49722, 143771, 100, 59
2026-06-30T19:34:54,49722, 143771, 100, 58
2026-06-30T19:34:55,49722, 143771, 98, 59
2026-06-30T19:34:56,49722, 143771, 100, 59
2026-06-30T19:34:57,49722, 143771, 95, 59
2026-06-30T19:34:58,49722, 143771, 100, 59
2026-06-30T19:34:59,49722, 143771, 81, 59
2026-06-30T19:35:00,49722, 143771, 100, 59
2026-06-30T19:35:01,49722, 143771, 94, 59
2026-06-30T19:35:02,49722, 143771, 100, 59
2026-06-30T19:35:04,49722, 143771, 100, 58
2026-06-30T19:35:05,49722, 143771, 100, 59
2026-06-30T19:35:06,49722, 143771, 100, 59
2026-06-30T19:35:07,49722, 143771, 98, 59
2026-06-30T19:35:08,49722, 143771, 100, 59
2026-06-30T19:35:09,49722, 143771, 97, 59
2026-06-30T19:35:10,49722, 143771, 100, 59
2026-06-30T19:35:11,49722, 143771, 77, 59
2026-06-30T19:35:12,49722, 143771, 100, 59
2026-06-30T19:35:13,49722, 143771, 95, 58
2026-06-30T19:35:14,49722, 143771, 100, 60
2026-06-30T19:35:15,49722, 143771, 100, 59
2026-06-30T19:35:16,49722, 143771, 100, 60
2026-06-30T19:35:17,49722, 143771, 100, 59
2026-06-30T19:35:18,49722, 143771, 93, 62
2026-06-30T19:35:19,49722, 143771, 100, 59
2026-06-30T19:35:20,49722, 143771, 96, 59
2026-06-30T19:35:21,49722, 143771, 100, 59
2026-06-30T19:35:22,49722, 143771, 95, 57
2026-06-30T19:35:23,49722, 143771, 100, 59
2026-06-30T19:35:24,49722, 143771, 96, 59
2026-06-30T19:35:25,49722, 143771, 100, 59
2026-06-30T19:35:26,49722, 143771, 100, 60
2026-06-30T19:35:27,49722, 143771, 96, 59
2026-06-30T19:35:28,49722, 143771, 100, 60
2026-06-30T19:35:29,49722, 143771, 76, 59
2026-06-30T19:35:30,49722, 143771, 100, 59
2026-06-30T19:35:31,49722, 143771, 76, 59
2026-06-30T19:35:32,49722, 143771, 100, 60
2026-06-30T19:35:33,49722, 143771, 100, 58
2026-06-30T19:35:34,49722, 143771, 100, 59
2026-06-30T19:35:35,49722, 143771, 100, 59
2026-06-30T19:35:36,49722, 143771, 95, 60
2026-06-30T19:35:37,49722, 143771, 100, 60
2026-06-30T19:35:38,49722, 143771, 96, 60
2026-06-30T19:35:39,49722, 143771, 100, 59
2026-06-30T19:35:40,49722, 143771, 80, 59
2026-06-30T19:35:42,49722, 143771, 100, 60
2026-06-30T19:35:43,49722, 143771, 79, 57
2026-06-30T19:35:44,49722, 143771, 100, 60
2026-06-30T19:35:45,49722, 143771, 100, 60
2026-06-30T19:35:46,49722, 143771, 100, 60
2026-06-30T19:35:47,49722, 143771, 100, 60
2026-06-30T19:35:48,49722, 143771, 96, 62
2026-06-30T19:35:49,49722, 143771, 100, 60
2026-06-30T19:35:50,49722, 143771, 96, 59
2026-06-30T19:35:51,49722, 143771, 100, 59
2026-06-30T19:35:52,49722, 143771, 95, 56
2026-06-30T19:35:53,49722, 143771, 100, 59
2026-06-30T19:35:54,49722, 143771, 99, 59
2026-06-30T19:35:55,49722, 143771, 99, 59
2026-06-30T19:35:56,49722, 143771, 100, 59
2026-06-30T19:35:57,49722, 143771, 98, 60
2026-06-30T19:35:58,49722, 143771, 100, 60
2026-06-30T19:35:59,49722, 143771, 80, 59
2026-06-30T19:36:00,49722, 143771, 100, 59
2026-06-30T19:36:01,49722, 143771, 94, 58
2026-06-30T19:36:02,49722, 143771, 100, 60
2026-06-30T19:36:03,49722, 143771, 100, 58
2026-06-30T19:36:04,49722, 143771, 100, 59
2026-06-30T19:36:05,49722, 143771, 100, 59
2026-06-30T19:36:06,49722, 143771, 97, 60
2026-06-30T19:36:07,49722, 143771, 100, 59
2026-06-30T19:36:08,49722, 143771, 96, 59
2026-06-30T19:36:09,49722, 143771, 100, 59
2026-06-30T19:36:10,49722, 143771, 84, 58
2026-06-30T19:36:11,49722, 143771, 100, 59
2026-06-30T19:36:12,49722, 143771, 96, 60
2026-06-30T19:36:13,49722, 143771, 100, 59
2026-06-30T19:36:14,49722, 143771, 100, 59
2026-06-30T19:36:15,49722, 143771, 98, 60
2026-06-30T19:36:16,49722, 143771, 100, 60
2026-06-30T19:36:17,49722, 143771, 82, 59
2026-06-30T19:36:19,49722, 143771, 100, 59
2026-06-30T19:36:20,49722, 143771, 73, 58
2026-06-30T19:36:21,49722, 143771, 100, 59
2026-06-30T19:36:22,49722, 143771, 100, 59
2026-06-30T19:36:23,49722, 143771, 99, 59
2026-06-30T19:36:24,49722, 143771, 100, 59
2026-06-30T19:36:25,49722, 143771, 97, 59
2026-06-30T19:36:26,49722, 143771, 100, 59
2026-06-30T19:36:27,49722, 143771, 97, 60
2026-06-30T19:36:28,49722, 143771, 100, 59
2026-06-30T19:36:29,49722, 143771, 77, 59
2026-06-30T19:36:30,49722, 143771, 100, 59
2026-06-30T19:36:31,49722, 143771, 80, 59
2026-06-30T19:36:32,49722, 143771, 100, 58
2026-06-30T19:36:33,49722, 143771, 100, 59
2026-06-30T19:36:34,49722, 143771, 99, 59
2026-06-30T19:36:35,49722, 143771, 100, 59
2026-06-30T19:36:36,49722, 143771, 98, 59
2026-06-30T19:36:37,49722, 143771, 100, 59
2026-06-30T19:36:38,49722, 143771, 91, 59
2026-06-30T19:36:39,49722, 143771, 100, 59
2026-06-30T19:36:40,49722, 143771, 75, 59
2026-06-30T19:36:41,49722, 143771, 100, 59
2026-06-30T19:36:42,49722, 143771, 79, 58
2026-06-30T19:36:43,49722, 143771, 100, 59
2026-06-30T19:36:44,49722, 143771, 100, 59
2026-06-30T19:36:45,49722, 143771, 95, 59
2026-06-30T19:36:46,49722, 143771, 100, 59
2026-06-30T19:36:47,49722, 143771, 96, 61
2026-06-30T19:36:48,49722, 143771, 100, 59
2026-06-30T19:36:49,49722, 143771, 96, 59
2026-06-30T19:36:50,49722, 143771, 100, 59
2026-06-30T19:36:51,49722, 143771, 88, 57
2026-06-30T19:36:52,49722, 143771, 100, 59
2026-06-30T19:36:53,49722, 143771, 98, 59
2026-06-30T19:36:54,49722, 143771, 100, 59
2026-06-30T19:36:55,49722, 143771, 100, 59
2026-06-30T19:36:57,49722, 143771, 94, 61
2026-06-30T19:36:58,49722, 143771, 100, 59
2026-06-30T19:36:59,49722, 143771, 90, 59
2026-06-30T19:37:00,49722, 143771, 100, 59
2026-06-30T19:37:01,49722, 143771, 96, 59
2026-06-30T19:37:02,49722, 143771, 100, 60
2026-06-30T19:37:03,49722, 143771, 98, 59
2026-06-30T19:37:04,49722, 143771, 100, 59
2026-06-30T19:37:05,49722, 143771, 100, 59
2026-06-30T19:37:06,49722, 143771, 97, 58
2026-06-30T19:37:07,49722, 143771, 100, 59
2026-06-30T19:37:08,49722, 143771, 70, 59
2026-06-30T19:37:09,49722, 143771, 100, 59
2026-06-30T19:37:10,49722, 143771, 75, 59
2026-06-30T19:37:11,49722, 143771, 100, 59
2026-06-30T19:37:12,49722, 143771, 95, 57
2026-06-30T19:37:13,49722, 143771, 100, 59
2026-06-30T19:37:14,49722, 143771, 100, 60
2026-06-30T19:37:15,49722, 143771, 93, 60
2026-06-30T19:37:16,49722, 143771, 100, 59
2026-06-30T19:37:17,49722, 143771, 96, 60
2026-06-30T19:37:18,49722, 143771, 100, 59
2026-06-30T19:37:19,49722, 143771, 89, 58
2026-06-30T19:37:20,49722, 143771, 100, 58
2026-06-30T19:37:21,49722, 143771, 94, 57
2026-06-30T19:37:22,49722, 143771, 100, 59
2026-06-30T19:37:23,49722, 143771, 96, 59
2026-06-30T19:37:24,49722, 143771, 99, 59
2026-06-30T19:37:25,49722, 143771, 100, 59
2026-06-30T19:37:26,49722, 143771, 93, 59
2026-06-30T19:37:27,49722, 143771, 100, 59
2026-06-30T19:37:28,49722, 143771, 78, 59
2026-06-30T19:37:29,49722, 143771, 100, 59
2026-06-30T19:37:30,49722, 143771, 78, 59
2026-06-30T19:37:31,49722, 143771, 100, 59
2026-06-30T19:37:32,49722, 143771, 100, 57
2026-06-30T19:37:34,49722, 143771, 98, 59
2026-06-30T19:37:35,49722, 143771, 100, 59
2026-06-30T19:37:36,49722, 143771, 93, 60
2026-06-30T19:37:37,49722, 143771, 100, 58
2026-06-30T19:37:38,49722, 143771, 93, 59
2026-06-30T19:37:39,49722, 143771, 100, 59
2026-06-30T19:37:40,49722, 143771, 77, 58
2026-06-30T19:37:41,49722, 143771, 100, 60
2026-06-30T19:37:42,49722, 143771, 95, 60
2026-06-30T19:37:43,49722, 143771, 100, 59
2026-06-30T19:37:44,49722, 143771, 100, 59
2026-06-30T19:37:45,49722, 143771, 96, 62
2026-06-30T19:37:46,49722, 143771, 100, 59
2026-06-30T19:37:47,49722, 143771, 92, 59
2026-06-30T19:37:48,49722, 143771, 100, 59
2026-06-30T19:37:49,49722, 143771, 95, 59
2026-06-30T19:37:50,49722, 143771, 100, 59
2026-06-30T19:37:51,49722, 143771, 100, 58
2026-06-30T19:37:52,49722, 143771, 98, 59
2026-06-30T19:37:53,49722, 143771, 100, 59
2026-06-30T19:37:54,49722, 143771, 97, 59
2026-06-30T19:37:55,49722, 143771, 100, 59
2026-06-30T19:37:56,49722, 143771, 82, 59
2026-06-30T19:37:57,49722, 143771, 100, 59
2026-06-30T19:37:58,49722, 143771, 79, 59
2026-06-30T19:37:59,49722, 143771, 100, 59
2026-06-30T19:38:00,49722, 143771, 99, 58
2026-06-30T19:38:01,49722, 143771, 100, 59
2026-06-30T19:38:02,49722, 143771, 100, 58
2026-06-30T19:38:03,49722, 143771, 99, 59
2026-06-30T19:38:04,49722, 143771, 100, 59
2026-06-30T19:38:05,49722, 143771, 96, 59
2026-06-30T19:38:06,49722, 143771, 100, 59
2026-06-30T19:38:07,49722, 143771, 76, 59
2026-06-30T19:38:08,49722, 143771, 100, 59
2026-06-30T19:38:09,49722, 143771, 79, 59
2026-06-30T19:38:10,49722, 143771, 100, 59
2026-06-30T19:38:12,49722, 143771, 99, 58
2026-06-30T19:38:13,49722, 143771, 100, 59
2026-06-30T19:38:14,49722, 143771, 100, 58
2026-06-30T19:38:15,49722, 143771, 95, 59
2026-06-30T19:38:16,49722, 143771, 100, 59
2026-06-30T19:38:17,49722, 143771, 97, 59
2026-06-30T19:38:18,49722, 143771, 100, 59
2026-06-30T19:38:19,49722, 143771, 75, 59
2026-06-30T19:38:20,49722, 143771, 100, 59
2026-06-30T19:38:21,49722, 143771, 76, 58
2026-06-30T19:38:22,49722, 143771, 100, 59
2026-06-30T19:38:23,49722, 143771, 100, 58
2026-06-30T19:38:24,49722, 143771, 100, 59
2026-06-30T19:38:25,49722, 143771, 100, 59
2026-06-30T19:38:26,49722, 143771, 94, 60
2026-06-30T19:38:27,49722, 143771, 100, 58
2026-06-30T19:38:28,49722, 143771, 94, 59
2026-06-30T19:38:29,49722, 143771, 100, 59
2026-06-30T19:38:30,49722, 143771, 76, 58
2026-06-30T19:38:31,49722, 143771, 100, 59
2026-06-30T19:38:32,49722, 143771, 95, 60
2026-06-30T19:38:33,49722, 143771, 100, 59
2026-06-30T19:38:34,49722, 143771, 100, 59
2026-06-30T19:38:35,49722, 143771, 100, 61
2026-06-30T19:38:36,49722, 143771, 100, 59
2026-06-30T19:38:37,49722, 143771, 94, 61
2026-06-30T19:38:38,49722, 143771, 100, 60
2026-06-30T19:38:39,49722, 143771, 89, 58
2026-06-30T19:38:40,49722, 143771, 100, 59
2026-06-30T19:38:41,49722, 143771, 97, 56
2026-06-30T19:38:42,49722, 143771, 100, 58
2026-06-30T19:38:43,49722, 143771, 98, 59
2026-06-30T19:38:44,49722, 143771, 100, 59
2026-06-30T19:38:45,49722, 143771, 100, 59
2026-06-30T19:38:46,49722, 143771, 98, 59
2026-06-30T19:38:47,49722, 143771, 100, 60
2026-06-30T19:38:48,49722, 143771, 96, 59
2026-06-30T19:38:50,49722, 143771, 100, 59
2026-06-30T19:38:51,49722, 143771, 73, 56
2026-06-30T19:38:52,49722, 143771, 100, 59
2026-06-30T19:38:53,49722, 143771, 97, 59
2026-06-30T19:38:54,49722, 143771, 100, 59
2026-06-30T19:38:55,49722, 143771, 98, 59
2026-06-30T19:38:56,49722, 143771, 98, 58
2026-06-30T19:38:57,49722, 143771, 100, 59
2026-06-30T19:38:58,49722, 143771, 95, 59
2026-06-30T19:38:59,49722, 143771, 100, 58
2026-06-30T19:39:00,49722, 143771, 91, 59
2026-06-30T19:39:01,49722, 143771, 100, 59
2026-06-30T19:39:02,49722, 143771, 81, 57
2026-06-30T19:39:03,49722, 143771, 100, 60
2026-06-30T19:39:04,49722, 143771, 100, 60
2026-06-30T19:39:05,49722, 143771, 100, 60
2026-06-30T19:39:06,49722, 143771, 100, 60
2026-06-30T19:39:07,49722, 143771, 93, 62
2026-06-30T19:39:08,49722, 143771, 100, 59
2026-06-30T19:39:09,49722, 143771, 94, 58
2026-06-30T19:39:10,49722, 143771, 100, 59
2026-06-30T19:39:11,49722, 143771, 95, 59
2026-06-30T19:39:12,49722, 143771, 100, 59
2026-06-30T19:39:13,49722, 143771, 97, 59
2026-06-30T19:39:14,49722, 143771, 100, 59
2026-06-30T19:39:15,49722, 143771, 100, 59
2026-06-30T19:39:16,49722, 143771, 99, 61
2026-06-30T19:39:17,49722, 143771, 100, 60
2026-06-30T19:39:18,49722, 143771, 96, 60
2026-06-30T19:39:19,49722, 143771, 100, 59
2026-06-30T19:39:20,49722, 143771, 88, 58
2026-06-30T19:39:21,49722, 143771, 100, 59
2026-06-30T19:39:22,49722, 143771, 96, 58
2026-06-30T19:39:23,49722, 143771, 100, 59
2026-06-30T19:39:24,49722, 143771, 100, 59
2026-06-30T19:39:25,49722, 143771, 98, 59
2026-06-30T19:39:27,49722, 143771, 100, 59
2026-06-30T19:39:28,49722, 143771, 96, 59
2026-06-30T19:39:29,49722, 143771, 100, 60
2026-06-30T19:39:30,49722, 143771, 78, 59
2026-06-30T19:39:31,49722, 143771, 100, 59
2026-06-30T19:39:32,49722, 143771, 78, 58
2026-06-30T19:39:33,49722, 143771, 100, 59
2026-06-30T19:39:34,49722, 143771, 100, 58
2026-06-30T19:39:35,49722, 143771, 100, 59
2026-06-30T19:39:36,49722, 143771, 100, 59
2026-06-30T19:39:37,49722, 143771, 97, 59
2026-06-30T19:39:38,49722, 143771, 100, 60
2026-06-30T19:39:39,49722, 143771, 97, 59
2026-06-30T19:39:40,49722, 143771, 100, 59
2026-06-30T19:39:41,49722, 143771, 79, 59
2026-06-30T19:39:42,49722, 143771, 100, 59
2026-06-30T19:39:43,49722, 143771, 74, 58
2026-06-30T19:39:44,49722, 143771, 100, 59
2026-06-30T19:39:45,49722, 143771, 100, 59
2026-06-30T19:39:46,49722, 143771, 95, 59
2026-06-30T19:39:47,49722, 143771, 100, 59
2026-06-30T19:39:48,49722, 143771, 96, 62
2026-06-30T19:39:49,49722, 143771, 100, 59
2026-06-30T19:39:50,49722, 143771, 96, 59
2026-06-30T19:39:51,49722, 143771, 100, 60
2026-06-30T19:39:52,49722, 143771, 80, 59
2026-06-30T19:39:53,49722, 143771, 100, 60
2026-06-30T19:39:54,49722, 143771, 96, 60
2026-06-30T19:39:55,49722, 143771, 100, 59
2026-06-30T19:39:56,49722, 143771, 100, 59
2026-06-30T19:39:57,49722, 143771, 96, 61
2026-06-30T19:39:58,49722, 143771, 100, 59
2026-06-30T19:39:59,49722, 143771, 93, 61
2026-06-30T19:40:00,49722, 143771, 100, 59
2026-06-30T19:40:01,49722, 143771, 93, 58
2026-06-30T19:40:02,49722, 143771, 100, 59
2026-06-30T19:40:03,49722, 143771, 95, 55
2026-06-30T19:40:05,49722, 143771, 100, 59
2026-06-30T19:40:06,49722, 143771, 98, 59
2026-06-30T19:40:07,49722, 143771, 99, 59
2026-06-30T19:40:08,49722, 143771, 100, 59
2026-06-30T19:40:09,49722, 143771, 87, 59
2026-06-30T19:40:10,49722, 143771, 100, 59
2026-06-30T19:40:11,49722, 143771, 94, 59
2026-06-30T19:40:12,49722, 143771, 100, 60
2026-06-30T19:40:13,49722, 143771, 75, 58
2026-06-30T19:40:14,49722, 143771, 100, 59
2026-06-30T19:40:15,49722, 143771, 100, 60
2026-06-30T19:40:16,49722, 143771, 97, 59
2026-06-30T19:40:17,49722, 143771, 100, 59
2026-06-30T19:40:18,49722, 143771, 92, 59
2026-06-30T19:40:19,49722, 143771, 100, 59
2026-06-30T19:40:20,49722, 143771, 84, 58
2026-06-30T19:40:21,49722, 143771, 100, 60
2026-06-30T19:40:22,49722, 143771, 94, 59
2026-06-30T19:40:23,49722, 143771, 100, 59
2026-06-30T19:40:24,49722, 143771, 99, 60
2026-06-30T19:40:25,49722, 143771, 98, 59
2026-06-30T19:40:26,49722, 143771, 100, 59
2026-06-30T19:40:27,49722, 143771, 96, 59
2026-06-30T19:40:28,49722, 143771, 100, 59
2026-06-30T19:40:29,49722, 143771, 76, 59
2026-06-30T19:40:30,49722, 143771, 100, 60
2026-06-30T19:40:31,49722, 143771, 97, 59
2026-06-30T19:40:32,49722, 143771, 100, 59
2026-06-30T19:40:33,49722, 143771, 100, 56
2026-06-30T19:40:34,49722, 143771, 98, 59
2026-06-30T19:40:35,49722, 143771, 100, 59
2026-06-30T19:40:36,49722, 143771, 97, 60
2026-06-30T19:40:37,49722, 143771, 100, 59
2026-06-30T19:40:38,49722, 143771, 75, 59
2026-06-30T19:40:39,49722, 143771, 100, 59
2026-06-30T19:40:40,49722, 143771, 80, 59
2026-06-30T19:40:41,49722, 143771, 100, 59
2026-06-30T19:40:43,49722, 143771, 100, 58
2026-06-30T19:40:44,49722, 143771, 100, 59
2026-06-30T19:40:45,49722, 143771, 100, 60
2026-06-30T19:40:46,49722, 143771, 96, 62
2026-06-30T19:40:47,49722, 143771, 100, 59
2026-06-30T19:40:48,49722, 143771, 96, 61
2026-06-30T19:40:49,49722, 143771, 100, 59
2026-06-30T19:40:50,49722, 143771, 81, 59
2026-06-30T19:40:51,49722, 143771, 100, 59
2026-06-30T19:40:52,49722, 143771, 97, 57
2026-06-30T19:40:53,49722, 143771, 100, 59
2026-06-30T19:40:54,49722, 143771, 100, 59
2026-06-30T19:40:55,49722, 143771, 99, 61
2026-06-30T19:40:56,49722, 143771, 100, 59
2026-06-30T19:40:57,49722, 143771, 88, 59
2026-06-30T19:40:58,49722, 143771, 100, 59
2026-06-30T19:40:59,49722, 143771, 96, 60
2026-06-30T19:41:00,49722, 143771, 100, 59
2026-06-30T19:41:01,49722, 143771, 97, 59
2026-06-30T19:41:02,49722, 143771, 100, 60
2026-06-30T19:41:03,49722, 143771, 100, 58
2026-06-30T19:41:04,49722, 143771, 97, 59
2026-06-30T19:41:05,49722, 143771, 100, 59
2026-06-30T19:41:06,49722, 143771, 97, 59
2026-06-30T19:41:07,49722, 143771, 100, 59
2026-06-30T19:41:08,49722, 143771, 78, 59
2026-06-30T19:41:09,49722, 143771, 100, 58
2026-06-30T19:41:10,49722, 143771, 94, 59
2026-06-30T19:41:11,49722, 143771, 100, 59
2026-06-30T19:41:12,49722, 143771, 100, 60
2026-06-30T19:41:13,49722, 143771, 100, 59
2026-06-30T19:41:14,49722, 143771, 100, 59
2026-06-30T19:41:15,49722, 143771, 96, 61
2026-06-30T19:41:16,49722, 143771, 100, 59
2026-06-30T19:41:17,49722, 143771, 96, 59
2026-06-30T19:41:18,49722, 143771, 100, 58
2026-06-30T19:41:20,49722, 143771, 80, 58
2026-06-30T19:41:21,49722, 143771, 100, 59
2026-06-30T19:41:22,49722, 143771, 95, 59
2026-06-30T19:41:23,49722, 143771, 100, 59
2026-06-30T19:41:24,49722, 143771, 100, 59
2026-06-30T19:41:25,49722, 143771, 96, 59
2026-06-30T19:41:26,49722, 143771, 100, 59
2026-06-30T19:41:27,49722, 143771, 81, 59
2026-06-30T19:41:28,49722, 143771, 100, 60
2026-06-30T19:41:29,49722, 143771, 86, 58
2026-06-30T19:41:30,49722, 143771, 100, 59
2026-06-30T19:41:31,49722, 143771, 97, 57
2026-06-30T19:41:32,49722, 143771, 100, 59
2026-06-30T19:41:33,49722, 143771, 96, 59
2026-06-30T19:41:34,49722, 143771, 100, 59
2026-06-30T19:41:35,49722, 143771, 100, 60
2026-06-30T19:41:36,49722, 143771, 98, 59
2026-06-30T19:41:37,49722, 143771, 100, 59
2026-06-30T19:41:38,49722, 143771, 93, 59
2026-06-30T19:41:39,49722, 143771, 100, 59
2026-06-30T19:41:40,49722, 143771, 76, 56
2026-06-30T19:41:41,49722, 143771, 100, 59
2026-06-30T19:41:42,49722, 143771, 98, 59
2026-06-30T19:41:43,49722, 143771, 100, 59
2026-06-30T19:41:44,49722, 143771, 100, 56
2026-06-30T19:41:45,49722, 143771, 99, 59
2026-06-30T19:41:46,49722, 143771, 100, 59
2026-06-30T19:41:47,49722, 143771, 96, 59
2026-06-30T19:41:48,49722, 143771, 100, 60
2026-06-30T19:41:49,49722, 143771, 83, 59
2026-06-30T19:41:50,49722, 143771, 100, 60
2026-06-30T19:41:51,49722, 143771, 79, 59
2026-06-30T19:41:52,49722, 143771, 100, 59
2026-06-30T19:41:53,49722, 143771, 100, 58
2026-06-30T19:41:54,49722, 143771, 100, 59
2026-06-30T19:41:55,49722, 143771, 100, 57
2026-06-30T19:41:56,49722, 143771, 98, 59
2026-06-30T19:41:58,49722, 143771, 100, 59
2026-06-30T19:41:59,49722, 143771, 97, 59
2026-06-30T19:42:00,49722, 143771, 100, 59
2026-06-30T19:42:01,49722, 143771, 76, 58
2026-06-30T19:42:02,49722, 143771, 100, 59
2026-06-30T19:42:03,49722, 143771, 74, 58
2026-06-30T19:42:04,49722, 143771, 100, 59
2026-06-30T19:42:05,49722, 143771, 100, 60
2026-06-30T19:42:06,49722, 143771, 100, 60
2026-06-30T19:42:07,49722, 143771, 100, 60
2026-06-30T19:42:08,49722, 143771, 93, 59
2026-06-30T19:42:09,49722, 143771, 100, 60
2026-06-30T19:42:10,49722, 143771, 96, 59
2026-06-30T19:42:11,49722, 143771, 100, 59
2026-06-30T19:42:12,49722, 143771, 99, 59
2026-06-30T19:42:13,49722, 143771, 100, 59
2026-06-30T19:42:14,49722, 143771, 100, 59
2026-06-30T19:42:15,49722, 143771, 98, 59
2026-06-30T19:42:16,49722, 143771, 100, 60
2026-06-30T19:42:17,49722, 143771, 93, 58
2026-06-30T19:42:18,49722, 143771, 100, 59
2026-06-30T19:42:19,49722, 143771, 77, 59
2026-06-30T19:42:20,49722, 143771, 100, 59
2026-06-30T19:42:21,49722, 143771, 95, 59
2026-06-30T19:42:22,49722, 143771, 100, 59
2026-06-30T19:42:23,49722, 143771, 100, 60
2026-06-30T19:42:24,49722, 143771, 96, 61
2026-06-30T19:42:25,49722, 143771, 100, 59
2026-06-30T19:42:26,49722, 143771, 88, 59
2026-06-30T19:42:27,49722, 143771, 100, 59
2026-06-30T19:42:28,49722, 143771, 78, 59
2026-06-30T19:42:29,49722, 143771, 100, 59
2026-06-30T19:42:30,49722, 143771, 98, 59
2026-06-30T19:42:31,49722, 143771, 99, 59
2026-06-30T19:42:32,49722, 143771, 100, 59
2026-06-30T19:42:33,49722, 143771, 95, 60
2026-06-30T19:42:34,49722, 143771, 100, 59
2026-06-30T19:42:36,49722, 143771, 96, 59
2026-06-30T19:42:37,49722, 143771, 100, 59
2026-06-30T19:42:38,49722, 143771, 75, 58
2026-06-30T19:42:39,49722, 143771, 100, 59
2026-06-30T19:42:40,49722, 143771, 87, 56
2026-06-30T19:42:41,49722, 143771, 100, 58
2026-06-30T19:42:42,49722, 143771, 100, 59
2026-06-30T19:42:43,49722, 143771, 97, 59
2026-06-30T19:42:44,49722, 143771, 100, 59
2026-06-30T19:42:45,49722, 143771, 96, 62
2026-06-30T19:42:46,49722, 143771, 100, 59
2026-06-30T19:42:47,49722, 143771, 96, 59
2026-06-30T19:42:48,49722, 143771, 100, 59
2026-06-30T19:42:49,49722, 143771, 97, 56
2026-06-30T19:42:50,49722, 143771, 100, 59
2026-06-30T19:42:51,49722, 143771, 98, 60
2026-06-30T19:42:52,49722, 143771, 100, 59
2026-06-30T19:42:53,49722, 143771, 100, 59
2026-06-30T19:42:54,49722, 143771, 96, 61
2026-06-30T19:42:55,49722, 143771, 100, 59
2026-06-30T19:42:56,49722, 143771, 80, 59
2026-06-30T19:42:57,49722, 143771, 100, 59
2026-06-30T19:42:58,49722, 143771, 96, 58
2026-06-30T19:42:59,49722, 143771, 100, 59
2026-06-30T19:43:00,49722, 143771, 100, 58
2026-06-30T19:43:01,49722, 143771, 97, 59
2026-06-30T19:43:02,49722, 143771, 100, 59
2026-06-30T19:43:03,49722, 143771, 96, 59
2026-06-30T19:43:04,49722, 143771, 100, 58
2026-06-30T19:43:05,49722, 143771, 78, 59
2026-06-30T19:43:06,49722, 143771, 100, 60
2026-06-30T19:43:07,49722, 143771, 74, 59
2026-06-30T19:43:08,49722, 143771, 100, 59
2026-06-30T19:43:09,49722, 143771, 95, 59
2026-06-30T19:43:10,49722, 143771, 100, 59
2026-06-30T19:43:11,49722, 143771, 100, 59
2026-06-30T19:43:13,49722, 143771, 91, 62
2026-06-30T19:43:14,49722, 143771, 100, 59
2026-06-30T19:43:15,49722, 143771, 96, 59
2026-06-30T19:43:16,49722, 143771, 100, 60
2026-06-30T19:43:17,49722, 143771, 71, 55
2026-06-30T19:43:18,49722, 143771, 100, 59
2026-06-30T19:43:19,49722, 143771, 100, 59
2026-06-30T19:43:20,49722, 143771, 99, 59
2026-06-30T19:43:21,49722, 143771, 100, 59
2026-06-30T19:43:22,49722, 143771, 95, 59
2026-06-30T19:43:23,49722, 143771, 100, 60
2026-06-30T19:43:24,49722, 143771, 95, 59
2026-06-30T19:43:25,49722, 143771, 100, 59
2026-06-30T19:43:26,49722, 143771, 77, 58
2026-06-30T19:43:27,49722, 143771, 100, 60
2026-06-30T19:43:28,49722, 143771, 98, 59
2026-06-30T19:43:29,49722, 143771, 100, 62
2026-06-30T19:43:30,49722, 143771, 100, 59
2026-06-30T19:43:31,49722, 143771, 93, 60
2026-06-30T19:43:32,49722, 143771, 100, 59
2026-06-30T19:43:33,49722, 143771, 94, 59
2026-06-30T19:43:34,49722, 143771, 100, 59
2026-06-30T19:43:35,49722, 143771, 96, 58
2026-06-30T19:43:36,49722, 143771, 79, 56
2026-06-30T19:43:37,49722, 143771, 100, 59
2026-06-30T19:43:38,49722, 143771, 96, 59
2026-06-30T19:43:39,49722, 143771, 100, 59
2026-06-30T19:43:40,49722, 143771, 98, 60
2026-06-30T19:43:41,49722, 143771, 98, 59
2026-06-30T19:43:42,49722, 143771, 100, 59
2026-06-30T19:43:43,49722, 143771, 96, 59
2026-06-30T19:43:44,49722, 143771, 100, 59
2026-06-30T19:43:45,49722, 143771, 77, 59
2026-06-30T19:43:46,49722, 143771, 100, 58
2026-06-30T19:43:47,49722, 143771, 76, 58
2026-06-30T19:43:48,49722, 143771, 100, 58
2026-06-30T19:43:49,49722, 143771, 100, 60
2026-06-30T19:43:51,49722, 143771, 95, 61
2026-06-30T19:43:52,49722, 143771, 100, 59
2026-06-30T19:43:53,49722, 143771, 96, 59
2026-06-30T19:43:54,49722, 143771, 100, 59
2026-06-30T19:43:55,49722, 143771, 77, 56
2026-06-30T19:43:56,49722, 143771, 100, 59
2026-06-30T19:43:57,49722, 143771, 98, 59
2026-06-30T19:43:58,49722, 143771, 100, 60
2026-06-30T19:43:59,49722, 143771, 100, 59
2026-06-30T19:44:00,49722, 143771, 97, 59
2026-06-30T19:44:01,49722, 143771, 100, 59
2026-06-30T19:44:02,49722, 143771, 94, 59
2026-06-30T19:44:03,49722, 143771, 100, 59
2026-06-30T19:44:04,49722, 143771, 90, 59
2026-06-30T19:44:05,49722, 143771, 100, 59
2026-06-30T19:44:06,49722, 143771, 95, 60
2026-06-30T19:44:07,49722, 143771, 100, 59
2026-06-30T19:44:08,49722, 143771, 100, 58
2026-06-30T19:44:09,49722, 143771, 93, 59
2026-06-30T19:44:10,49722, 143771, 100, 59
2026-06-30T19:44:11,49722, 143771, 78, 59
2026-06-30T19:44:12,49722, 143771, 100, 59
2026-06-30T19:44:13,49722, 143771, 79, 59
2026-06-30T19:44:14,49722, 143771, 100, 59
2026-06-30T19:44:15,49722, 143771, 100, 57
2026-06-30T19:44:16,49722, 143771, 99, 58
2026-06-30T19:44:17,49722, 143771, 100, 59
2026-06-30T19:44:18,49722, 143771, 97, 60
2026-06-30T19:44:19,49722, 143771, 100, 59
2026-06-30T19:44:20,49722, 143771, 96, 59
2026-06-30T19:44:21,49722, 143771, 100, 59
2026-06-30T19:44:22,49722, 143771, 77, 59
2026-06-30T19:44:23,49722, 143771, 100, 59
2026-06-30T19:44:24,49722, 143771, 85, 60
2026-06-30T19:44:25,49722, 143771, 100, 59
2026-06-30T19:44:26,49722, 143771, 100, 60
2026-06-30T19:44:28,49722, 143771, 92, 59
2026-06-30T19:44:29,49722, 143771, 100, 59
2026-06-30T19:44:30,49722, 143771, 92, 59
2026-06-30T19:44:31,49722, 143771, 100, 59
2026-06-30T19:44:32,49722, 143771, 76, 59
2026-06-30T19:44:33,49722, 143771, 100, 58
2026-06-30T19:44:34,49722, 143771, 100, 57
2026-06-30T19:44:35,49722, 143771, 94, 59
2026-06-30T19:44:36,49722, 143771, 100, 60
2026-06-30T19:44:37,49722, 143771, 96, 61
2026-06-30T19:44:38,49722, 143771, 100, 60
2026-06-30T19:44:39,49722, 143771, 88, 58
2026-06-30T19:44:40,49722, 143771, 100, 59
2026-06-30T19:44:41,49722, 143771, 95, 59
2026-06-30T19:44:42,49722, 143771, 100, 59
2026-06-30T19:44:43,49722, 143771, 97, 60
2026-06-30T19:44:44,49722, 143771, 100, 62
2026-06-30T19:44:45,49722, 143771, 100, 59
2026-06-30T19:44:46,49722, 143771, 92, 59
2026-06-30T19:44:47,49722, 143771, 100, 60
2026-06-30T19:44:48,49722, 143771, 74, 59
2026-06-30T19:44:49,49722, 143771, 100, 59
2026-06-30T19:44:50,49722, 143771, 100, 59
2026-06-30T19:44:51,49722, 143771, 100, 60
2026-06-30T19:44:52,49722, 143771, 100, 56
2026-06-30T19:44:53,49722, 143771, 98, 59
2026-06-30T19:44:54,49722, 143771, 100, 60
2026-06-30T19:44:55,49722, 143771, 95, 59
2026-06-30T19:44:56,49722, 143771, 100, 59
2026-06-30T19:44:57,49722, 143771, 80, 59
2026-06-30T19:44:58,49722, 143771, 100, 59
2026-06-30T19:44:59,49722, 143771, 72, 58
2026-06-30T19:45:00,49722, 143771, 100, 59
2026-06-30T19:45:01,49722, 143771, 100, 60
2026-06-30T19:45:02,49722, 143771, 100, 61
2026-06-30T19:45:03,49722, 143771, 100, 59
2026-06-30T19:45:04,49722, 143771, 93, 59
2026-06-30T19:45:06,49722, 143771, 100, 58
2026-06-30T19:45:07,49722, 143771, 96, 59
2026-06-30T19:45:08,49722, 143771, 100, 59
2026-06-30T19:45:09,49722, 143771, 97, 58
2026-06-30T19:45:10,49722, 143771, 100, 59
2026-06-30T19:45:11,49722, 143771, 100, 59
2026-06-30T19:45:12,49722, 143771, 99, 58
2026-06-30T19:45:13,49722, 143771, 100, 59
2026-06-30T19:45:14,49722, 143771, 95, 59
2026-06-30T19:45:15,49722, 143771, 100, 58
2026-06-30T19:45:16,49722, 143771, 80, 59
2026-06-30T19:45:17,49722, 143771, 100, 59
2026-06-30T19:45:18,49722, 143771, 93, 59
2026-06-30T19:45:19,49722, 143771, 100, 59
2026-06-30T19:45:20,49722, 143771, 100, 57
2026-06-30T19:45:21,49722, 143771, 100, 59
2026-06-30T19:45:22,49722, 143771, 100, 60
2026-06-30T19:45:23,49722, 143771, 96, 61
2026-06-30T19:45:24,49722, 143771, 100, 60
2026-06-30T19:45:25,49722, 143771, 96, 59
2026-06-30T19:45:26,49722, 143771, 100, 59
2026-06-30T19:45:27,49722, 143771, 91, 57
2026-06-30T19:45:28,49722, 143771, 100, 59
2026-06-30T19:45:29,49722, 143771, 95, 59
2026-06-30T19:45:30,49722, 143771, 100, 59
2026-06-30T19:45:31,49722, 143771, 100, 59
2026-06-30T19:45:32,49722, 143771, 95, 58
2026-06-30T19:45:33,49722, 143771, 100, 59
2026-06-30T19:45:34,49722, 143771, 80, 59
2026-06-30T19:45:35,49722, 143771, 100, 59
2026-06-30T19:45:36,49722, 143771, 80, 57
2026-06-30T19:45:37,49722, 143771, 100, 59
2026-06-30T19:45:38,49722, 143771, 97, 57
2026-06-30T19:45:39,49722, 143771, 100, 59
2026-06-30T19:45:40,49722, 143771, 100, 56
2026-06-30T19:45:41,49722, 143771, 98, 59
2026-06-30T19:45:43,49722, 143771, 100, 59
2026-06-30T19:45:44,49722, 143771, 97, 59
2026-06-30T19:45:45,49722, 143771, 100, 59
2026-06-30T19:45:46,49722, 143771, 75, 59
2026-06-30T19:45:47,49722, 143771, 100, 59
2026-06-30T19:45:48,49722, 143771, 78, 59
2026-06-30T19:45:49,49722, 143771, 100, 59
2026-06-30T19:45:50,49722, 143771, 100, 58
2026-06-30T19:45:51,49722, 143771, 100, 58
2026-06-30T19:45:52,49722, 143771, 100, 59
2026-06-30T19:45:53,49722, 143771, 97, 59
2026-06-30T19:45:54,49722, 143771, 100, 58
2026-06-30T19:45:55,49722, 143771, 96, 59
2026-06-30T19:45:56,49722, 143771, 100, 59
2026-06-30T19:45:57,49722, 143771, 74, 59
2026-06-30T19:45:58,49722, 143771, 100, 59
2026-06-30T19:45:59,49722, 143771, 77, 58
2026-06-30T19:46:00,49722, 143771, 100, 59
2026-06-30T19:46:01,49722, 143771, 100, 59
2026-06-30T19:46:02,49722, 143771, 100, 62
2026-06-30T19:46:03,49722, 143771, 100, 59
2026-06-30T19:46:04,49722, 143771, 96, 59
2026-06-30T19:46:05,49722, 143771, 100, 59
2026-06-30T19:46:06,49722, 143771, 94, 59
2026-06-30T19:46:07,49722, 143771, 100, 59
2026-06-30T19:46:08,49722, 143771, 100, 58
2026-06-30T19:46:09,49722, 143771, 97, 60
2026-06-30T19:46:10,49722, 143771, 100, 58
2026-06-30T19:46:11,49722, 143771, 98, 59
2026-06-30T19:46:12,49722, 143771, 100, 60
2026-06-30T19:46:13,49722, 143771, 92, 58
2026-06-30T19:46:14,49722, 143771, 100, 59
2026-06-30T19:46:15,49722, 143771, 66, 58
2026-06-30T19:46:16,49722, 143771, 100, 59
2026-06-30T19:46:17,49722, 143771, 95, 58
2026-06-30T19:46:18,49722, 143771, 100, 59
2026-06-30T19:46:19,49722, 143771, 100, 60
2026-06-30T19:46:21,49722, 143771, 92, 62
2026-06-30T19:46:22,49722, 143771, 100, 60
2026-06-30T19:46:23,49722, 143771, 96, 62
2026-06-30T19:46:24,49722, 143771, 100, 59
2026-06-30T19:46:25,49722, 143771, 93, 58
2026-06-30T19:46:26,49722, 143771, 100, 59
2026-06-30T19:46:27,49722, 143771, 97, 55
2026-06-30T19:46:28,49722, 143771, 99, 58
2026-06-30T19:46:29,49722, 143771, 100, 59
2026-06-30T19:46:30,49722, 143771, 99, 59
2026-06-30T19:46:31,49722, 143771, 100, 59
2026-06-30T19:46:32,49722, 143771, 93, 59
2026-06-30T19:46:33,49722, 143771, 100, 59
2026-06-30T19:46:34,49722, 143771, 75, 58
2026-06-30T19:46:35,49722, 143771, 100, 59
2026-06-30T19:46:36,49722, 143771, 74, 58
2026-06-30T19:46:37,49722, 143771, 100, 59
2026-06-30T19:46:38,49722, 143771, 100, 59
2026-06-30T19:46:39,49722, 143771, 94, 61
2026-06-30T19:46:40,49722, 143771, 100, 59
2026-06-30T19:46:41,49722, 143771, 94, 59
2026-06-30T19:46:42,49722, 143771, 100, 59
2026-06-30T19:46:43,49722, 143771, 93, 58
2026-06-30T19:46:44,49722, 143771, 100, 59
2026-06-30T19:46:45,49722, 143771, 98, 56
2026-06-30T19:46:46,49722, 143771, 100, 59
2026-06-30T19:46:47,49722, 143771, 100, 59
2026-06-30T19:46:48,49722, 143771, 99, 58
2026-06-30T19:46:49,49722, 143771, 100, 59
2026-06-30T19:46:50,49722, 143771, 96, 59
2026-06-30T19:46:51,49722, 143771, 100, 59
2026-06-30T19:46:52,49722, 143771, 80, 59
2026-06-30T19:46:53,49722, 143771, 100, 59
2026-06-30T19:46:54,49722, 143771, 95, 58
2026-06-30T19:46:55,49722, 143771, 100, 58
2026-06-30T19:46:56,49722, 143771, 100, 59
2026-06-30T19:46:58,49722, 143771, 99, 59
2026-06-30T19:46:59,49722, 143771, 100, 58
2026-06-30T19:47:00,49722, 143771, 97, 59
2026-06-30T19:47:01,49722, 143771, 100, 59
2026-06-30T19:47:02,49722, 143771, 80, 59
2026-06-30T19:47:03,49722, 143771, 100, 59
2026-06-30T19:47:04,49722, 143771, 73, 58
2026-06-30T19:47:05,49722, 143771, 100, 59
2026-06-30T19:47:06,49722, 143771, 100, 59
2026-06-30T19:47:07,49722, 143771, 100, 60
2026-06-30T19:47:08,49722, 143771, 100, 59
2026-06-30T19:47:09,49722, 143771, 93, 62
2026-06-30T19:47:10,49722, 143771, 100, 59
2026-06-30T19:47:11,49722, 143771, 96, 60
2026-06-30T19:47:12,49722, 143771, 100, 60
2026-06-30T19:47:13,49722, 143771, 75, 58
2026-06-30T19:47:14,49722, 143771, 100, 59
2026-06-30T19:47:15,49722, 143771, 97, 55
2026-06-30T19:47:16,49722, 143771, 100, 59
2026-06-30T19:47:17,49722, 143771, 100, 59
2026-06-30T19:47:18,49722, 143771, 99, 60
2026-06-30T19:47:19,49722, 143771, 100, 59
2026-06-30T19:47:20,49722, 143771, 93, 59
2026-06-30T19:47:21,49722, 143771, 100, 59
2026-06-30T19:47:22,49722, 143771, 81, 59
2026-06-30T19:47:23,49722, 143771, 100, 59
2026-06-30T19:47:24,49722, 143771, 98, 58
2026-06-30T19:47:25,49722, 143771, 100, 59
2026-06-30T19:47:26,49722, 143771, 100, 58
2026-06-30T19:47:27,49722, 143771, 98, 59
2026-06-30T19:47:28,49722, 143771, 100, 59
2026-06-30T19:47:29,49722, 143771, 94, 59
2026-06-30T19:47:30,49722, 143771, 100, 59
2026-06-30T19:47:31,49722, 143771, 91, 59
2026-06-30T19:47:32,49722, 143771, 100, 59
2026-06-30T19:47:33,49722, 143771, 85, 58
2026-06-30T19:47:34,49722, 143771, 100, 59
2026-06-30T19:47:36,49722, 143771, 100, 59
2026-06-30T19:47:37,49722, 143771, 100, 61
2026-06-30T19:47:38,49722, 143771, 100, 59
2026-06-30T19:47:39,49722, 143771, 92, 59
2026-06-30T19:47:40,49722, 143771, 100, 59
2026-06-30T19:47:41,49722, 143771, 78, 59
2026-06-30T19:47:42,49722, 143771, 100, 58
2026-06-30T19:47:43,49722, 143771, 96, 59
2026-06-30T19:47:44,49722, 143771, 100, 59
2026-06-30T19:47:45,49722, 143771, 98, 59
2026-06-30T19:47:46,49722, 143771, 98, 59
2026-06-30T19:47:47,49722, 143771, 100, 59
2026-06-30T19:47:48,49722, 143771, 98, 59
2026-06-30T19:47:49,49722, 143771, 100, 60
2026-06-30T19:47:50,49722, 143771, 75, 59
2026-06-30T19:47:51,49722, 143771, 100, 59
2026-06-30T19:47:52,49722, 143771, 80, 59
2026-06-30T19:47:53,49722, 143771, 100, 59
2026-06-30T19:47:54,49722, 143771, 100, 57
2026-06-30T19:47:55,49722, 143771, 100, 59
2026-06-30T19:47:56,49722, 143771, 100, 57
2026-06-30T19:47:57,49722, 143771, 95, 59
2026-06-30T19:47:58,49722, 143771, 100, 59
2026-06-30T19:47:59,49722, 143771, 96, 59
2026-06-30T19:48:00,49722, 143771, 100, 59
2026-06-30T19:48:01,49722, 143771, 77, 59
2026-06-30T19:48:02,49722, 143771, 100, 60
2026-06-30T19:48:03,49722, 143771, 78, 58
2026-06-30T19:48:04,49722, 143771, 100, 59
2026-06-30T19:48:05,49722, 143771, 100, 59
2026-06-30T19:48:06,49722, 143771, 100, 62
2026-06-30T19:48:07,49722, 143771, 100, 60
2026-06-30T19:48:08,49722, 143771, 93, 59
2026-06-30T19:48:09,49722, 143771, 100, 59
2026-06-30T19:48:10,49722, 143771, 74, 57
2026-06-30T19:48:11,49722, 143771, 100, 58
2026-06-30T19:48:13,49722, 143771, 98, 59
2026-06-30T19:48:14,49722, 143771, 100, 59
2026-06-30T19:48:15,49722, 143771, 100, 58
2026-06-30T19:48:16,49722, 143771, 98, 59
2026-06-30T19:48:17,49722, 143771, 100, 59
2026-06-30T19:48:18,49722, 143771, 97, 59
2026-06-30T19:48:19,49722, 143771, 100, 58
2026-06-30T19:48:20,49722, 143771, 96, 59
2026-06-30T19:48:21,49722, 143771, 100, 59
2026-06-30T19:48:22,49722, 143771, 81, 59
2026-06-30T19:48:23,49722, 143771, 100, 59
2026-06-30T19:48:24,49722, 143771, 100, 57
2026-06-30T19:48:25,49722, 143771, 100, 60
2026-06-30T19:48:26,49722, 143771, 100, 60
2026-06-30T19:48:27,49722, 143771, 92, 61
2026-06-30T19:48:28,49722, 143771, 100, 59
2026-06-30T19:48:29,49722, 143771, 93, 58
2026-06-30T19:48:30,49722, 143771, 100, 59
2026-06-30T19:48:31,49722, 143771, 93, 59
2026-06-30T19:48:32,49722, 143771, 100, 59
2026-06-30T19:48:33,49722, 143771, 95, 59
2026-06-30T19:48:34,49722, 143771, 100, 59
2026-06-30T19:48:35,49722, 143771, 100, 59
2026-06-30T19:48:36,49722, 143771, 99, 60
2026-06-30T19:48:37,49722, 143771, 100, 59
2026-06-30T19:48:38,49722, 143771, 89, 59
2026-06-30T19:48:39,49722, 143771, 100, 58
2026-06-30T19:48:40,49722, 143771, 78, 57
2026-06-30T19:48:41,49722, 143771, 100, 60
2026-06-30T19:48:42,49722, 143771, 96, 58
2026-06-30T19:48:43,49722, 143771, 100, 59
2026-06-30T19:48:44,49722, 143771, 100, 60
2026-06-30T19:48:45,49722, 143771, 98, 59
2026-06-30T19:48:46,49722, 143771, 100, 59
2026-06-30T19:48:47,49722, 143771, 94, 59
2026-06-30T19:48:48,49722, 143771, 100, 59
2026-06-30T19:48:49,49722, 143771, 82, 59
2026-06-30T19:48:51,49722, 143771, 100, 59
2026-06-30T19:48:52,49722, 143771, 82, 58
2026-06-30T19:48:53,49722, 143771, 100, 59
2026-06-30T19:48:54,49722, 143771, 100, 59
2026-06-30T19:48:55,49722, 143771, 96, 59
2026-06-30T19:48:56,49722, 143771, 100, 59
2026-06-30T19:48:57,49722, 143771, 93, 61
2026-06-30T19:48:58,49722, 143771, 100, 59
2026-06-30T19:48:59,49722, 143771, 96, 59
2026-06-30T19:49:00,49722, 143771, 100, 59
2026-06-30T19:49:01,49722, 143771, 77, 58
2026-06-30T19:49:02,49722, 143771, 100, 59
2026-06-30T19:49:03,49722, 143771, 96, 59
2026-06-30T19:49:04,49722, 143771, 100, 58
2026-06-30T19:49:05,49722, 143771, 100, 59
2026-06-30T19:49:06,49722, 143771, 96, 62
2026-06-30T19:49:07,49722, 143771, 100, 59
2026-06-30T19:49:08,49722, 143771, 96, 59
2026-06-30T19:49:09,49722, 143771, 100, 59
2026-06-30T19:49:10,49722, 143771, 79, 57
2026-06-30T19:49:11,49722, 143771, 100, 59
2026-06-30T19:49:12,49722, 143771, 96, 56
2026-06-30T19:49:13,49722, 143771, 100, 59
2026-06-30T19:49:14,49722, 143771, 98, 58
2026-06-30T19:49:15,49722, 143771, 99, 59
2026-06-30T19:49:16,49722, 143771, 100, 59
2026-06-30T19:49:17,49722, 143771, 94, 59
2026-06-30T19:49:18,49722, 143771, 100, 59
2026-06-30T19:49:19,49722, 143771, 96, 59
2026-06-30T19:49:20,49722, 143771, 100, 58
2026-06-30T19:49:21,49722, 143771, 81, 58
2026-06-30T19:49:22,49722, 143771, 100, 59
2026-06-30T19:49:23,49722, 143771, 100, 60
2026-06-30T19:49:24,49722, 143771, 97, 59
2026-06-30T19:49:25,49722, 143771, 100, 59
2026-06-30T19:49:26,49722, 143771, 94, 61
2026-06-30T19:49:27,49722, 143771, 100, 58
2026-06-30T19:49:29,49722, 143771, 81, 58
2026-06-30T19:49:30,49722, 143771, 100, 59
2026-06-30T19:49:31,49722, 143771, 93, 58
2026-06-30T19:49:32,49722, 143771, 100, 59
2026-06-30T19:49:33,49722, 143771, 89, 60
2026-06-30T19:49:34,49722, 143771, 100, 59
2026-06-30T19:49:35,49722, 143771, 100, 59
2026-06-30T19:49:36,49722, 143771, 94, 61
2026-06-30T19:49:37,49722, 143771, 100, 59
2026-06-30T19:49:38,49722, 143771, 94, 61
2026-06-30T19:49:39,49722, 143771, 100, 59
2026-06-30T19:49:40,49722, 143771, 80, 58
2026-06-30T19:49:41,49722, 143771, 100, 58
2026-06-30T19:49:42,49722, 143771, 96, 59
2026-06-30T19:49:43,49722, 143771, 100, 59
2026-06-30T19:49:44,49722, 143771, 100, 59
2026-06-30T19:49:45,49722, 143771, 100, 61
2026-06-30T19:49:46,49722, 143771, 100, 60
2026-06-30T19:49:47,49722, 143771, 96, 59
2026-06-30T19:49:48,49722, 143771, 100, 58
2026-06-30T19:49:49,49722, 143771, 87, 59
2026-06-30T19:49:50,49722, 143771, 100, 59
2026-06-30T19:49:51,49722, 143771, 96, 55
2026-06-30T19:49:52,49722, 143771, 100, 59
2026-06-30T19:49:53,49722, 143771, 99, 58
2026-06-30T19:49:54,49722, 143771, 98, 59
2026-06-30T19:49:55,49722, 143771, 100, 59
2026-06-30T19:49:56,49722, 143771, 98, 59
2026-06-30T19:49:57,49722, 143771, 100, 59
2026-06-30T19:49:58,49722, 143771, 80, 59
2026-06-30T19:49:59,49722, 143771, 100, 58
2026-06-30T19:50:00,49722, 143771, 74, 59
2026-06-30T19:50:01,49722, 143771, 100, 60
2026-06-30T19:50:02,49722, 143771, 100, 58
2026-06-30T19:50:03,49722, 143771, 100, 58
2026-06-30T19:50:04,49722, 143771, 100, 59
2026-06-30T19:50:05,49722, 143771, 96, 59
2026-06-30T19:50:07,49722, 143771, 100, 59
2026-06-30T19:50:08,49722, 143771, 90, 58
2026-06-30T19:50:09,49722, 143771, 100, 59
2026-06-30T19:50:10,49722, 143771, 80, 58
2026-06-30T19:50:11,49722, 143771, 100, 59
2026-06-30T19:50:12,49722, 143771, 97, 56
2026-06-30T19:50:13,49722, 143771, 100, 58
2026-06-30T19:50:14,49722, 143771, 100, 60
2026-06-30T19:50:15,49722, 143771, 98, 60
2026-06-30T19:50:16,49722, 143771, 100, 59
2026-06-30T19:50:17,49722, 143771, 82, 59
2026-06-30T19:50:18,49722, 143771, 100, 59
2026-06-30T19:50:19,49722, 143771, 93, 58
2026-06-30T19:50:20,49722, 143771, 100, 59
2026-06-30T19:50:21,49722, 143771, 100, 58
2026-06-30T19:50:22,49722, 143771, 100, 59
2026-06-30T19:50:23,49722, 143771, 100, 58
2026-06-30T19:50:24,49722, 143771, 95, 59
2026-06-30T19:50:25,49722, 143771, 100, 59
2026-06-30T19:50:26,49722, 143771, 96, 59
2026-06-30T19:50:27,49722, 143771, 100, 59
2026-06-30T19:50:28,49722, 143771, 77, 58
2026-06-30T19:50:29,49722, 143771, 100, 58
2026-06-30T19:50:30,49722, 143771, 95, 58
2026-06-30T19:50:31,49722, 143771, 100, 58
2026-06-30T19:50:32,49722, 143771, 100, 59
2026-06-30T19:50:33,49722, 143771, 99, 60
2026-06-30T19:50:34,49722, 143771, 100, 59
2026-06-30T19:50:35,49722, 143771, 93, 59
2026-06-30T19:50:36,49722, 143771, 100, 59
2026-06-30T19:50:37,49722, 143771, 76, 59
2026-06-30T19:50:38,49722, 143771, 100, 58
2026-06-30T19:50:39,49722, 143771, 100, 58
2026-06-30T19:50:40,49722, 143771, 97, 59
2026-06-30T19:50:41,49722, 143771, 100, 59
2026-06-30T19:50:42,49722, 143771, 97, 59
2026-06-30T19:50:44,49722, 143771, 100, 59
2026-06-30T19:50:45,49722, 143771, 96, 59
2026-06-30T19:50:46,49722, 143771, 100, 59
2026-06-30T19:50:47,49722, 143771, 77, 58
2026-06-30T19:50:48,49722, 143771, 100, 59
2026-06-30T19:50:49,49722, 143771, 84, 57
2026-06-30T19:50:50,49722, 143771, 100, 59
2026-06-30T19:50:51,49722, 143771, 100, 59
2026-06-30T19:50:52,49722, 143771, 100, 61
2026-06-30T19:50:53,49722, 143771, 100, 59
2026-06-30T19:50:54,49722, 143771, 94, 58
2026-06-30T19:50:55,49722, 143771, 100, 59
2026-06-30T19:50:56,49722, 143771, 96, 59
2026-06-30T19:50:57,49722, 143771, 100, 58
2026-06-30T19:50:58,49722, 143771, 97, 58
2026-06-30T19:50:59,49722, 143771, 97, 59
2026-06-30T19:51:00,49722, 143771, 100, 59
2026-06-30T19:51:01,49722, 143771, 97, 59
2026-06-30T19:51:02,49722, 143771, 100, 59
2026-06-30T19:51:03,49722, 143771, 96, 58
2026-06-30T19:51:04,49722, 143771, 100, 59
2026-06-30T19:51:05,49722, 143771, 83, 58
2026-06-30T19:51:06,49722, 143771, 100, 58
2026-06-30T19:51:07,49722, 143771, 94, 59
2026-06-30T19:51:08,49722, 143771, 100, 59
2026-06-30T19:51:09,49722, 143771, 100, 59
2026-06-30T19:51:10,49722, 143771, 96, 60
2026-06-30T19:51:11,49722, 143771, 100, 59
2026-06-30T19:51:12,49722, 143771, 88, 59
2026-06-30T19:51:13,49722, 143771, 100, 59
2026-06-30T19:51:14,49722, 143771, 81, 56
2026-06-30T19:51:15,49722, 143771, 100, 59
2026-06-30T19:51:16,49722, 143771, 97, 55
2026-06-30T19:51:17,49722, 143771, 100, 58
2026-06-30T19:51:18,49722, 143771, 99, 58
2026-06-30T19:51:19,49722, 143771, 97, 59
2026-06-30T19:51:20,49722, 143771, 100, 59
2026-06-30T19:51:22,49722, 143771, 96, 59
2026-06-30T19:51:23,49722, 143771, 100, 59
2026-06-30T19:51:24,49722, 143771, 77, 59
2026-06-30T19:51:25,49722, 143771, 100, 59
2026-06-30T19:51:26,49722, 143771, 73, 59
2026-06-30T19:51:27,49722, 143771, 100, 59
2026-06-30T19:51:28,49722, 143771, 100, 57
2026-06-30T19:51:29,49722, 143771, 97, 59
2026-06-30T19:51:30,49722, 143771, 100, 59
2026-06-30T19:51:31,49722, 143771, 92, 60
2026-06-30T19:51:32,49722, 143771, 100, 58
2026-06-30T19:51:33,49722, 143771, 93, 58
2026-06-30T19:51:34,49722, 143771, 100, 59
2026-06-30T19:51:35,49722, 143771, 98, 58
2026-06-30T19:51:36,49722, 143771, 99, 58
2026-06-30T19:51:37,49722, 143771, 100, 59
2026-06-30T19:51:38,49722, 143771, 97, 59
2026-06-30T19:51:39,49722, 143771, 100, 59
2026-06-30T19:51:40,49722, 143771, 78, 59
2026-06-30T19:51:41,49722, 143771, 100, 60
2026-06-30T19:51:42,49722, 143771, 78, 58
2026-06-30T19:51:43,49722, 143771, 100, 58
2026-06-30T19:51:44,49722, 143771, 95, 58
2026-06-30T19:51:45,49722, 143771, 100, 60
2026-06-30T19:51:46,49722, 143771, 100, 59
2026-06-30T19:51:47,49722, 143771, 94, 62
2026-06-30T19:51:48,49722, 143771, 100, 59
2026-06-30T19:51:49,49722, 143771, 96, 59
2026-06-30T19:51:50,49722, 143771, 100, 59
2026-06-30T19:51:51,49722, 143771, 83, 58
2026-06-30T19:51:52,49722, 143771, 100, 59
2026-06-30T19:51:53,49722, 143771, 90, 57
2026-06-30T19:51:54,49722, 143771, 100, 59
2026-06-30T19:51:55,49722, 143771, 100, 58
2026-06-30T19:51:56,49722, 143771, 98, 59
2026-06-30T19:51:57,49722, 143771, 100, 58
2026-06-30T19:51:59,49722, 143771, 93, 59
2026-06-30T19:52:00,49722, 143771, 100, 59
2026-06-30T19:52:01,49722, 143771, 79, 58
2026-06-30T19:52:02,49722, 143771, 100, 59
2026-06-30T19:52:03,49722, 143771, 100, 58
2026-06-30T19:52:04,49722, 143771, 100, 58
2026-06-30T19:52:05,49722, 143771, 100, 57
2026-06-30T19:52:06,49722, 143771, 98, 58
2026-06-30T19:52:07,49722, 143771, 100, 58
2026-06-30T19:52:08,49722, 143771, 91, 58
2026-06-30T19:52:09,49722, 143771, 100, 58
2026-06-30T19:52:10,49722, 143771, 93, 59
2026-06-30T19:52:11,49722, 143771, 100, 59
2026-06-30T19:52:12,49722, 143771, 95, 57
2026-06-30T19:52:13,49722, 143771, 100, 59
2026-06-30T19:52:14,49722, 143771, 100, 59
2026-06-30T19:52:15,49722, 143771, 100, 59
2026-06-30T19:52:16,49722, 143771, 100, 58
2026-06-30T19:52:17,49722, 143771, 96, 62
2026-06-30T19:52:18,49722, 143771, 100, 59
2026-06-30T19:52:19,49722, 143771, 91, 57
2026-06-30T19:52:20,49722, 143771, 100, 59
2026-06-30T19:52:21,49722, 143771, 95, 58
2026-06-30T19:52:22,49722, 143771, 100, 59
2026-06-30T19:52:23,49722, 143771, 98, 58
2026-06-30T19:52:24,49722, 143771, 100, 58
2026-06-30T19:52:25,49722, 143771, 100, 59
2026-06-30T19:52:26,49722, 143771, 98, 59
2026-06-30T19:52:27,49722, 143771, 100, 58
2026-06-30T19:52:28,49722, 143771, 82, 59
2026-06-30T19:52:29,49722, 143771, 100, 59
2026-06-30T19:52:30,49722, 143771, 80, 59
2026-06-30T19:52:31,49722, 143771, 100, 59
2026-06-30T19:52:32,49722, 143771, 100, 57
2026-06-30T19:52:33,49722, 143771, 100, 58
2026-06-30T19:52:34,49722, 143771, 100, 57
2026-06-30T19:52:35,49722, 143771, 96, 59
2026-06-30T19:52:37,49722, 143771, 100, 58
2026-06-30T19:52:38,49722, 143771, 93, 58
2026-06-30T19:52:39,49722, 143771, 100, 59
2026-06-30T19:52:40,49722, 143771, 77, 58
2026-06-30T19:52:41,49722, 143771, 100, 59
2026-06-30T19:52:42,49722, 143771, 83, 57
2026-06-30T19:52:43,49722, 143771, 100, 59
2026-06-30T19:52:44,49722, 143771, 100, 59
2026-06-30T19:52:45,49722, 143771, 100, 62
2026-06-30T19:52:46,49722, 143771, 100, 58
2026-06-30T19:52:47,49722, 143771, 93, 59
2026-06-30T19:52:48,49722, 143771, 100, 58
2026-06-30T19:52:49,49722, 143771, 78, 57
2026-06-30T19:52:50,49722, 143771, 100, 58
2026-06-30T19:52:51,49722, 143771, 97, 57
2026-06-30T19:52:52,49722, 143771, 100, 59
2026-06-30T19:52:53,49722, 143771, 100, 59
2026-06-30T19:52:54,49722, 143771, 98, 59
2026-06-30T19:52:55,49722, 143771, 100, 58
2026-06-30T19:52:56,49722, 143771, 98, 59
2026-06-30T19:52:57,49722, 143771, 100, 58
2026-06-30T19:52:58,49722, 143771, 96, 59
2026-06-30T19:52:59,49722, 143771, 100, 58
2026-06-30T19:53:00,49722, 143771, 77, 58
2026-06-30T19:53:01,49722, 143771, 100, 59
2026-06-30T19:53:02,49722, 143771, 100, 57
2026-06-30T19:53:03,49722, 143771, 95, 59
2026-06-30T19:53:04,49722, 143771, 100, 59
2026-06-30T19:53:05,49722, 143771, 92, 61
2026-06-30T19:53:06,49722, 143771, 100, 58
2026-06-30T19:53:07,49722, 143771, 88, 57
2026-06-30T19:53:08,49722, 143771, 100, 59
2026-06-30T19:53:09,49722, 143771, 96, 58
2026-06-30T19:53:10,49722, 143771, 100, 59
2026-06-30T19:53:11,49722, 143771, 98, 59
2026-06-30T19:53:12,49722, 143771, 97, 59
2026-06-30T19:53:13,49722, 143771, 100, 59
2026-06-30T19:53:15,49722, 143771, 96, 59
2026-06-30T19:53:16,49722, 143771, 100, 59
2026-06-30T19:53:17,49722, 143771, 83, 58
2026-06-30T19:53:18,49722, 143771, 100, 59
2026-06-30T19:53:19,49722, 143771, 77, 59
2026-06-30T19:53:20,49722, 143771, 100, 59
2026-06-30T19:53:21,49722, 143771, 99, 57
2026-06-30T19:53:22,49722, 143771, 99, 59
2026-06-30T19:53:23,49722, 143771, 100, 58
2026-06-30T19:53:24,49722, 143771, 94, 59
2026-06-30T19:53:25,49722, 143771, 100, 59
2026-06-30T19:53:26,49722, 143771, 77, 59
2026-06-30T19:53:27,49722, 143771, 100, 59
2026-06-30T19:53:28,49722, 143771, 78, 59
2026-06-30T19:53:29,49722, 143771, 100, 59
2026-06-30T19:53:30,49722, 143771, 75, 58
2026-06-30T19:53:31,49722, 143771, 100, 59
2026-06-30T19:53:32,49722, 143771, 100, 57
2026-06-30T19:53:33,49722, 143771, 98, 58
2026-06-30T19:53:34,49722, 143771, 100, 58
2026-06-30T19:53:35,49722, 143771, 97, 59
2026-06-30T19:53:36,49722, 143771, 100, 58
2026-06-30T19:53:37,49722, 143771, 78, 59
2026-06-30T19:53:38,49722, 143771, 100, 58
2026-06-30T19:53:39,49722, 143771, 77, 58
2026-06-30T19:53:40,49722, 143771, 100, 58
2026-06-30T19:53:41,49722, 143771, 74, 57
2026-06-30T19:53:42,49722, 143771, 100, 59
2026-06-30T19:53:43,49722, 143771, 100, 60
2026-06-30T19:53:44,49722, 143771, 95, 59
2026-06-30T19:53:45,49722, 143771, 100, 58
2026-06-30T19:53:46,49722, 143771, 93, 61
2026-06-30T19:53:47,49722, 143771, 100, 59
2026-06-30T19:53:48,49722, 143771, 69, 57
2026-06-30T19:53:49,49722, 143771, 100, 58
2026-06-30T19:53:50,49722, 143771, 97, 56
2026-06-30T19:53:52,49722, 143771, 100, 58
2026-06-30T19:53:53,49722, 143771, 98, 59
2026-06-30T19:53:54,49722, 143771, 100, 59
2026-06-30T19:53:55,49722, 143771, 100, 59
2026-06-30T19:53:56,49722, 143771, 96, 59
2026-06-30T19:53:57,49722, 143771, 100, 58
2026-06-30T19:53:58,49722, 143771, 96, 59
2026-06-30T19:53:59,49722, 143771, 100, 59
2026-06-30T19:54:00,49722, 143771, 97, 58
2026-06-30T19:54:01,49722, 143771, 100, 59
2026-06-30T19:54:02,49722, 143771, 100, 59
2026-06-30T19:54:03,49722, 143771, 98, 58
2026-06-30T19:54:04,49722, 143771, 100, 59
2026-06-30T19:54:05,49722, 143771, 96, 59
2026-06-30T19:54:06,49722, 143771, 100, 59
2026-06-30T19:54:07,49722, 143771, 81, 59
2026-06-30T19:54:08,49722, 143771, 100, 59
2026-06-30T19:54:09,49722, 143771, 94, 59
2026-06-30T19:54:10,49722, 143771, 100, 58
2026-06-30T19:54:11,49722, 143771, 100, 57
2026-06-30T19:54:12,49722, 143771, 100, 59
2026-06-30T19:54:13,49722, 143771, 100, 59
2026-06-30T19:54:14,49722, 143771, 97, 59
2026-06-30T19:54:15,49722, 143771, 100, 59
2026-06-30T19:54:16,49722, 143771, 93, 58
2026-06-30T19:54:17,49722, 143771, 100, 58
2026-06-30T19:54:18,49722, 143771, 74, 58
2026-06-30T19:54:19,49722, 143771, 100, 59
2026-06-30T19:54:20,49722, 143771, 93, 59
2026-06-30T19:54:21,49722, 143771, 100, 59
2026-06-30T19:54:22,49722, 143771, 100, 59
2026-06-30T19:54:23,49722, 143771, 100, 61
2026-06-30T19:54:24,49722, 143771, 100, 58
2026-06-30T19:54:25,49722, 143771, 96, 61
2026-06-30T19:54:26,49722, 143771, 100, 58
2026-06-30T19:54:27,49722, 143771, 79, 57
2026-06-30T19:54:28,49722, 143771, 100, 59
2026-06-30T19:54:30,49722, 143771, 97, 56
2026-06-30T19:54:31,49722, 143771, 100, 58
2026-06-30T19:54:32,49722, 143771, 99, 58
2026-06-30T19:54:33,49722, 143771, 99, 59
2026-06-30T19:54:34,49722, 143771, 100, 59
2026-06-30T19:54:35,49722, 143771, 96, 59
2026-06-30T19:54:36,49722, 143771, 100, 59
2026-06-30T19:54:37,49722, 143771, 77, 59
2026-06-30T19:54:38,49722, 143771, 100, 59
2026-06-30T19:54:39,49722, 143771, 82, 59
2026-06-30T19:54:40,49722, 143771, 100, 58
2026-06-30T19:54:41,49722, 143771, 100, 58
2026-06-30T19:54:42,49722, 143771, 100, 59
2026-06-30T19:54:43,49722, 143771, 100, 59
2026-06-30T19:54:44,49722, 143771, 93, 61
2026-06-30T19:54:45,49722, 143771, 100, 58
2026-06-30T19:54:46,49722, 143771, 96, 59
2026-06-30T19:54:47,49722, 143771, 100, 59
2026-06-30T19:54:48,49722, 143771, 83, 58
2026-06-30T19:54:49,49722, 143771, 100, 59
2026-06-30T19:54:50,49722, 143771, 95, 56
2026-06-30T19:54:51,49722, 143771, 100, 58
2026-06-30T19:54:52,49722, 143771, 100, 59
2026-06-30T19:54:53,49722, 143771, 97, 58
2026-06-30T19:54:54,49722, 143771, 100, 58
2026-06-30T19:54:55,49722, 143771, 74, 58
2026-06-30T19:54:56,49722, 143771, 100, 59
2026-06-30T19:54:57,49722, 143771, 90, 58
2026-06-30T19:54:58,49722, 143771, 100, 59
2026-06-30T19:54:59,49722, 143771, 100, 57
2026-06-30T19:55:00,49722, 143771, 100, 59
2026-06-30T19:55:01,49722, 143771, 100, 59
2026-06-30T19:55:02,49722, 143771, 97, 58
2026-06-30T19:55:03,49722, 143771, 100, 59
2026-06-30T19:55:04,49722, 143771, 96, 60
2026-06-30T19:55:05,49722, 143771, 100, 58
2026-06-30T19:55:07,49722, 143771, 81, 58
2026-06-30T19:55:08,49722, 143771, 100, 58
2026-06-30T19:55:09,49722, 143771, 94, 59
2026-06-30T19:55:10,49722, 143771, 100, 58
2026-06-30T19:55:11,49722, 143771, 100, 58
2026-06-30T19:55:12,49722, 143771, 100, 59
2026-06-30T19:55:13,49722, 143771, 100, 59
2026-06-30T19:55:14,49722, 143771, 96, 61
2026-06-30T19:55:15,49722, 143771, 100, 58
2026-06-30T19:55:16,49722, 143771, 94, 60
2026-06-30T19:55:17,49722, 143771, 100, 58
2026-06-30T19:55:18,49722, 143771, 78, 57
2026-06-30T19:55:19,49722, 143771, 100, 59
2026-06-30T19:55:20,49722, 143771, 95, 58
2026-06-30T19:55:21,49722, 143771, 100, 59
2026-06-30T19:55:22,49722, 143771, 100, 58
2026-06-30T19:55:23,49722, 143771, 97, 59
2026-06-30T19:55:24,49722, 143771, 100, 59
2026-06-30T19:55:25,49722, 143771, 74, 58
2026-06-30T19:55:26,49722, 143771, 100, 58
2026-06-30T19:55:27,49722, 143771, 78, 58
2026-06-30T19:55:28,49722, 143771, 100, 59
2026-06-30T19:55:29,49722, 143771, 100, 58
2026-06-30T19:55:30,49722, 143771, 100, 58
2026-06-30T19:55:31,49722, 143771, 100, 59
2026-06-30T19:55:32,49722, 143771, 97, 58
2026-06-30T19:55:33,49722, 143771, 100, 58
2026-06-30T19:55:34,49722, 143771, 93, 60
2026-06-30T19:55:35,49722, 143771, 100, 58
2026-06-30T19:55:36,49722, 143771, 92, 57
2026-06-30T19:55:37,49722, 143771, 100, 58
2026-06-30T19:55:38,49722, 143771, 97, 56
2026-06-30T19:55:39,49722, 143771, 100, 58
2026-06-30T19:55:40,49722, 143771, 100, 58
2026-06-30T19:55:41,49722, 143771, 95, 58
2026-06-30T19:55:42,49722, 143771, 100, 59
2026-06-30T19:55:44,49722, 143771, 74, 58
2026-06-30T19:55:45,49722, 143771, 100, 58
2026-06-30T19:55:46,49722, 143771, 91, 58
2026-06-30T19:55:47,49722, 143771, 100, 58
2026-06-30T19:55:48,49722, 143771, 97, 59
2026-06-30T19:55:49,49722, 143771, 98, 59
2026-06-30T19:55:50,49722, 143771, 100, 58
2026-06-30T19:55:51,49722, 143771, 74, 58
2026-06-30T19:55:52,49722, 143771, 100, 59
2026-06-30T19:55:53,49722, 143771, 77, 58
2026-06-30T19:55:54,49722, 143771, 100, 58
2026-06-30T19:55:55,49722, 143771, 100, 58
2026-06-30T19:55:56,49722, 143771, 100, 58
2026-06-30T19:55:57,49722, 143771, 100, 59
2026-06-30T19:55:58,49722, 143771, 92, 59
2026-06-30T19:55:59,49722, 143771, 100, 59
2026-06-30T19:56:00,49722, 143771, 93, 58
2026-06-30T19:56:01,49722, 143771, 100, 59
2026-06-30T19:56:02,49722, 143771, 96, 55
2026-06-30T19:56:03,49722, 143771, 100, 59
2026-06-30T19:56:04,49722, 143771, 100, 58
2026-06-30T19:56:05,49722, 143771, 96, 58
2026-06-30T19:56:06,49722, 143771, 100, 59
2026-06-30T19:56:07,49722, 143771, 91, 61
2026-06-30T19:56:08,49722, 143771, 100, 59
2026-06-30T19:56:09,49722, 143771, 80, 58
2026-06-30T19:56:10,49722, 143771, 100, 59
2026-06-30T19:56:11,49722, 143771, 93, 58
2026-06-30T19:56:12,49722, 143771, 100, 58
2026-06-30T19:56:13,49722, 143771, 99, 58
2026-06-30T19:56:14,49722, 143771, 99, 58
2026-06-30T19:56:15,49722, 143771, 100, 58
2026-06-30T19:56:16,49722, 143771, 76, 58
2026-06-30T19:56:17,49722, 143771, 100, 58
2026-06-30T19:56:18,49722, 143771, 70, 58
2026-06-30T19:56:19,49722, 143771, 100, 59
2026-06-30T19:56:21,49722, 143771, 60, 56
2026-06-30T19:56:22,49722, 143771, 100, 59
2026-06-30T19:56:23,49722, 143771, 100, 59
2026-06-30T19:56:24,49722, 143771, 97, 59
2026-06-30T19:56:25,49722, 143771, 100, 58
2026-06-30T19:56:26,49722, 143771, 96, 61
2026-06-30T19:56:27,49722, 143771, 100, 58
2026-06-30T19:56:28,49722, 143771, 81, 57
2026-06-30T19:56:29,49722, 143771, 100, 59
2026-06-30T19:56:30,49722, 143771, 96, 55
2026-06-30T19:56:31,49722, 143771, 99, 58
2026-06-30T19:56:32,49722, 143771, 100, 58
2026-06-30T19:56:33,49722, 143771, 97, 59
2026-06-30T19:56:34,49722, 143771, 100, 58
2026-06-30T19:56:35,49722, 143771, 78, 59
2026-06-30T19:56:36,49722, 143771, 100, 59
2026-06-30T19:56:37,49722, 143771, 92, 58
2026-06-30T19:56:38,49722, 143771, 100, 60
2026-06-30T19:56:39,49722, 143771, 73, 58
2026-06-30T19:56:40,49722, 143771, 100, 59
2026-06-30T19:56:41,49722, 143771, 100, 58
2026-06-30T19:56:42,49722, 143771, 97, 59
2026-06-30T19:56:43,49722, 143771, 100, 58
2026-06-30T19:56:44,49722, 143771, 94, 61
2026-06-30T19:56:45,49722, 143771, 100, 59
2026-06-30T19:56:46,49722, 143771, 78, 58
2026-06-30T19:56:47,49722, 143771, 100, 59
2026-06-30T19:56:48,49722, 143771, 94, 59
2026-06-30T19:56:49,49722, 143771, 100, 59
2026-06-30T19:56:50,49722, 143771, 100, 58
2026-06-30T19:56:51,49722, 143771, 100, 58
2026-06-30T19:56:52,49722, 143771, 100, 59
2026-06-30T19:56:53,49722, 143771, 92, 60
2026-06-30T19:56:54,49722, 143771, 100, 58
2026-06-30T19:56:55,49722, 143771, 96, 58
2026-06-30T19:56:56,49722, 143771, 19, 57
2026-06-30T19:56:58,49722, 143771, 100, 58
2026-06-30T19:56:59,49722, 143771, 96, 58
2026-06-30T19:57:00,49722, 143771, 100, 58
2026-06-30T19:57:01,49722, 143771, 83, 57
2026-06-30T19:57:02,49722, 143771, 100, 58
2026-06-30T19:57:03,49722, 143771, 96, 58
2026-06-30T19:57:04,49722, 143771, 100, 58
2026-06-30T19:57:05,49722, 143771, 100, 58
2026-06-30T19:57:06,49722, 143771, 98, 60
2026-06-30T19:57:07,49722, 143771, 100, 59
2026-06-30T19:57:08,49722, 143771, 96, 59
2026-06-30T19:57:09,49722, 143771, 100, 58
2026-06-30T19:57:10,49722, 143771, 72, 58
2026-06-30T19:57:11,49722, 143771, 100, 58
2026-06-30T19:57:12,49722, 143771, 100, 58
2026-06-30T19:57:13,49722, 143771, 100, 58
2026-06-30T19:57:14,49722, 143771, 100, 59
2026-06-30T19:57:15,49722, 143771, 91, 62
2026-06-30T19:57:16,49722, 143771, 100, 58
2026-06-30T19:57:17,49722, 143771, 92, 58
2026-06-30T19:57:18,49722, 143771, 100, 59
2026-06-30T19:57:19,49722, 143771, 97, 58
2026-06-30T19:57:20,49722, 143771, 100, 58
2026-06-30T19:57:21,49722, 143771, 100, 57
2026-06-30T19:57:22,49722, 143771, 94, 58
2026-06-30T19:57:23,49722, 143771, 100, 59
2026-06-30T19:57:24,49722, 143771, 96, 58
2026-06-30T19:57:25,49722, 143771, 100, 58
2026-06-30T19:57:26,49722, 143771, 94, 57
2026-06-30T19:57:27,49722, 143771, 100, 58
2026-06-30T19:57:28,49722, 143771, 100, 57
2026-06-30T19:57:29,49722, 143771, 99, 58
2026-06-30T19:57:30,49722, 143771, 100, 58
2026-06-30T19:57:31,49722, 143771, 93, 58
2026-06-30T19:57:32,49722, 143771, 100, 60
2026-06-30T19:57:34,49722, 143771, 71, 57
2026-06-30T19:57:35,49722, 143771, 100, 58
2026-06-30T19:57:36,49722, 143771, 94, 55
2026-06-30T19:57:37,49722, 143771, 100, 58
2026-06-30T19:57:38,49722, 143771, 100, 59
2026-06-30T19:57:39,49722, 143771, 100, 61
2026-06-30T19:57:40,49722, 143771, 100, 58
2026-06-30T19:57:41,49722, 143771, 76, 58
2026-06-30T19:57:42,49722, 143771, 100, 58
2026-06-30T19:57:43,49722, 143771, 93, 58
2026-06-30T19:57:44,49722, 143771, 100, 58
2026-06-30T19:57:45,49722, 143771, 100, 58
2026-06-30T19:57:46,49722, 143771, 100, 59
2026-06-30T19:57:47,49722, 143771, 100, 58
2026-06-30T19:57:48,49722, 143771, 96, 61
2026-06-30T19:57:49,49722, 143771, 100, 58
2026-06-30T19:57:50,49722, 143771, 82, 57
2026-06-30T19:57:51,49722, 143771, 100, 58
2026-06-30T19:57:52,49722, 143771, 95, 58
2026-06-30T19:57:53,49722, 143771, 100, 58
2026-06-30T19:57:54,49722, 143771, 100, 55
2026-06-30T19:57:55,49722, 143771, 97, 58
2026-06-30T19:57:56,49722, 143771, 100, 59
2026-06-30T19:57:57,49722, 143771, 94, 58
2026-06-30T19:57:58,49722, 143771, 100, 58
2026-06-30T19:57:59,49722, 143771, 78, 57
2026-06-30T19:58:00,49722, 143771, 100, 58
2026-06-30T19:58:01,49722, 143771, 95, 55
2026-06-30T19:58:02,49722, 143771, 100, 58
2026-06-30T19:58:03,49722, 143771, 100, 59
2026-06-30T19:58:04,49722, 143771, 97, 59
2026-06-30T19:58:05,49722, 143771, 100, 58
2026-06-30T19:58:06,49722, 143771, 86, 59
2026-06-30T19:58:07,49722, 143771, 100, 57
2026-06-30T19:58:08,49722, 143771, 96, 59
2026-06-30T19:58:09,49722, 143771, 100, 59
2026-06-30T19:58:11,49722, 143771, 100, 58
2026-06-30T19:58:12,49722, 143771, 100, 59
2026-06-30T19:58:13,49722, 143771, 100, 59
2026-06-30T19:58:14,49722, 143771, 93, 62
2026-06-30T19:58:15,49722, 143771, 100, 59
2026-06-30T19:58:16,49722, 143771, 96, 58
2026-06-30T19:58:17,49722, 143771, 100, 58
2026-06-30T19:58:18,49722, 143771, 80, 57
2026-06-30T19:58:19,49722, 143771, 100, 59
2026-06-30T19:58:20,49722, 143771, 95, 58
2026-06-30T19:58:21,49722, 143771, 100, 59
2026-06-30T19:58:22,49722, 143771, 100, 58
2026-06-30T19:58:23,49722, 143771, 99, 60
2026-06-30T19:58:24,49722, 143771, 100, 58
2026-06-30T19:58:25,49722, 143771, 96, 59
2026-06-30T19:58:26,49722, 143771, 100, 58
2026-06-30T19:58:27,49722, 143771, 77, 55
2026-06-30T19:58:28,49722, 143771, 100, 58
2026-06-30T19:58:29,49722, 143771, 97, 57
2026-06-30T19:58:30,49722, 143771, 100, 58
2026-06-30T19:58:31,49722, 143771, 100, 55
2026-06-30T19:58:32,49722, 143771, 98, 58
2026-06-30T19:58:33,49722, 143771, 100, 59
2026-06-30T19:58:34,49722, 143771, 95, 58
2026-06-30T19:58:35,49722, 143771, 100, 58
2026-06-30T19:58:36,49722, 143771, 79, 58
2026-06-30T19:58:37,49722, 143771, 100, 58
2026-06-30T19:58:38,49722, 143771, 74, 58
2026-06-30T19:58:39,49722, 143771, 100, 59
2026-06-30T19:58:40,49722, 143771, 100, 57
2026-06-30T19:58:41,49722, 143771, 100, 58
2026-06-30T19:58:42,49722, 143771, 100, 59
2026-06-30T19:58:43,49722, 143771, 97, 59
2026-06-30T19:58:44,49722, 143771, 100, 59
2026-06-30T19:58:45,49722, 143771, 96, 59
2026-06-30T19:58:46,49722, 143771, 100, 59
2026-06-30T19:58:48,49722, 143771, 73, 57
2026-06-30T19:58:49,49722, 143771, 100, 59
2026-06-30T19:58:50,49722, 143771, 96, 55
2026-06-30T19:58:51,49722, 143771, 100, 59
2026-06-30T19:58:52,49722, 143771, 100, 57
2026-06-30T19:58:53,49722, 143771, 98, 58
2026-06-30T19:58:54,49722, 143771, 100, 58
2026-06-30T19:58:55,49722, 143771, 77, 58
2026-06-30T19:58:56,49722, 143771, 100, 59
2026-06-30T19:58:57,49722, 143771, 94, 57
2026-06-30T19:58:58,49722, 143771, 100, 58
2026-06-30T19:58:59,49722, 143771, 100, 56
2026-06-30T19:59:00,49722, 143771, 100, 57
2026-06-30T19:59:01,49722, 143771, 100, 59
2026-06-30T19:59:02,49722, 143771, 92, 60
2026-06-30T19:59:03,49722, 143771, 100, 58
2026-06-30T19:59:04,49722, 143771, 93, 58
2026-06-30T19:59:05,49722, 143771, 100, 58
2026-06-30T19:59:06,49722, 143771, 79, 57
2026-06-30T19:59:07,49722, 143771, 100, 58
2026-06-30T19:59:08,49722, 143771, 95, 59
2026-06-30T19:59:09,49722, 143771, 100, 59
2026-06-30T19:59:10,49722, 143771, 100, 58
2026-06-30T19:59:11,49722, 143771, 99, 60
2026-06-30T19:59:12,49722, 143771, 100, 58
2026-06-30T19:59:13,49722, 143771, 81, 58
2026-06-30T19:59:14,49722, 143771, 100, 58
2026-06-30T19:59:15,49722, 143771, 75, 55
2026-06-30T19:59:16,49722, 143771, 100, 59
2026-06-30T19:59:17,49722, 143771, 100, 57
2026-06-30T19:59:18,49722, 143771, 100, 58
2026-06-30T19:59:19,49722, 143771, 100, 59
2026-06-30T19:59:20,49722, 143771, 97, 59
2026-06-30T19:59:21,49722, 143771, 100, 58
2026-06-30T19:59:22,49722, 143771, 93, 58
2026-06-30T19:59:23,49722, 143771, 100, 58
2026-06-30T19:59:24,49722, 143771, 97, 55
2026-06-30T19:59:26,49722, 143771, 100, 59
2026-06-30T19:59:27,49722, 143771, 97, 58
2026-06-30T19:59:28,49722, 143771, 99, 59
2026-06-30T19:59:29,49722, 143771, 100, 59
2026-06-30T19:59:30,49722, 143771, 98, 59
2026-06-30T19:59:31,49722, 143771, 100, 58
2026-06-30T19:59:32,49722, 143771, 78, 58
2026-06-30T19:59:33,49722, 143771, 100, 58
2026-06-30T19:59:34,49722, 143771, 94, 58
2026-06-30T19:59:35,49722, 143771, 100, 58
2026-06-30T19:59:36,49722, 143771, 100, 57
2026-06-30T19:59:37,49722, 143771, 98, 58
2026-06-30T19:59:38,49722, 143771, 100, 58
2026-06-30T19:59:39,49722, 143771, 97, 59
2026-06-30T19:59:40,49722, 143771, 100, 58
2026-06-30T19:59:41,49722, 143771, 93, 58
2026-06-30T19:59:42,49722, 143771, 100, 58
2026-06-30T19:59:43,49722, 143771, 75, 58
2026-06-30T19:59:44,49722, 143771, 100, 58
2026-06-30T19:59:45,49722, 143771, 95, 58
2026-06-30T19:59:46,49722, 143771, 100, 58
2026-06-30T19:59:47,49722, 143771, 100, 58
2026-06-30T19:59:48,49722, 143771, 96, 61
2026-06-30T19:59:49,49722, 143771, 100, 58
2026-06-30T19:59:50,49722, 143771, 92, 58
2026-06-30T19:59:51,49722, 143771, 100, 59
2026-06-30T19:59:52,49722, 143771, 88, 57
2026-06-30T19:59:53,49722, 143771, 100, 58
2026-06-30T19:59:54,49722, 143771, 98, 58
2026-06-30T19:59:55,49722, 143771, 98, 58
2026-06-30T19:59:56,49722, 143771, 100, 58
2026-06-30T19:59:57,49722, 143771, 97, 58
2026-06-30T19:59:58,49722, 143771, 100, 58
2026-06-30T19:59:59,49722, 143771, 94, 58
2026-06-30T20:00:00,49722, 143771, 100, 58
2026-06-30T20:00:01,49722, 143771, 81, 58
2026-06-30T20:00:03,49722, 143771, 100, 59
2026-06-30T20:00:04,49722, 143771, 75, 57
2026-06-30T20:00:05,49722, 143771, 100, 59
2026-06-30T20:00:06,49722, 143771, 100, 59
2026-06-30T20:00:07,49722, 143771, 97, 58
2026-06-30T20:00:08,49722, 143771, 100, 59
2026-06-30T20:00:09,49722, 143771, 94, 61
2026-06-30T20:00:10,49722, 143771, 100, 58
2026-06-30T20:00:11,49722, 143771, 96, 58
2026-06-30T20:00:12,49722, 143771, 100, 58
2026-06-30T20:00:13,49722, 143771, 96, 56
2026-06-30T20:00:14,49722, 143771, 100, 59
2026-06-30T20:00:15,49722, 143771, 100, 58
2026-06-30T20:00:16,49722, 143771, 98, 58
2026-06-30T20:00:17,49722, 143771, 100, 58
2026-06-30T20:00:18,49722, 143771, 71, 58
2026-06-30T20:00:19,49722, 143771, 100, 59
2026-06-30T20:00:20,49722, 143771, 73, 58
2026-06-30T20:00:21,49722, 143771, 100, 59
2026-06-30T20:00:22,49722, 143771, 94, 57
2026-06-30T20:00:23,49722, 143771, 100, 58
2026-06-30T20:00:24,49722, 143771, 100, 58
2026-06-30T20:00:25,49722, 143771, 91, 59
2026-06-30T20:00:26,49722, 143771, 100, 58
2026-06-30T20:00:27,49722, 143771, 73, 58
2026-06-30T20:00:28,49722, 143771, 100, 58
2026-06-30T20:00:29,49722, 143771, 76, 58
2026-06-30T20:00:30,49722, 143771, 100, 59
2026-06-30T20:00:31,49722, 143771, 100, 57
2026-06-30T20:00:32,49722, 143771, 95, 58
2026-06-30T20:00:33,49722, 143771, 100, 58
2026-06-30T20:00:34,49722, 143771, 92, 59
2026-06-30T20:00:35,49722, 143771, 100, 59
2026-06-30T20:00:36,49722, 143771, 92, 58
2026-06-30T20:00:37,49722, 143771, 100, 58
2026-06-30T20:00:38,49722, 143771, 84, 57
2026-06-30T20:00:40,49722, 143771, 100, 59
2026-06-30T20:00:41,49722, 143771, 95, 58
2026-06-30T20:00:42,49722, 143771, 100, 58
2026-06-30T20:00:43,49722, 143771, 100, 58
2026-06-30T20:00:44,49722, 143771, 96, 60
2026-06-30T20:00:45,49722, 143771, 100, 59
2026-06-30T20:00:46,49722, 143771, 87, 58
2026-06-30T20:00:47,49722, 143771, 100, 58
2026-06-30T20:00:48,49722, 143771, 95, 58
2026-06-30T20:00:49,49722, 143771, 100, 59
2026-06-30T20:00:50,49722, 143771, 100, 58
2026-06-30T20:00:51,49722, 143771, 97, 58
2026-06-30T20:00:52,49722, 143771, 100, 58
2026-06-30T20:00:53,49722, 143771, 97, 59
2026-06-30T20:00:54,49722, 143771, 100, 58
2026-06-30T20:00:55,49722, 143771, 78, 58
2026-06-30T20:00:56,49722, 143771, 100, 58
2026-06-30T20:00:57,49722, 143771, 76, 57
2026-06-30T20:00:58,49722, 143771, 100, 58
2026-06-30T20:00:59,49722, 143771, 100, 59
2026-06-30T20:01:00,49722, 143771, 100, 59
2026-06-30T20:01:01,49722, 143771, 100, 59
2026-06-30T20:01:02,49722, 143771, 97, 59
2026-06-30T20:01:03,49722, 143771, 100, 59
2026-06-30T20:01:04,49722, 143771, 93, 58
2026-06-30T20:01:05,49722, 143771, 100, 58
2026-06-30T20:01:06,49722, 143771, 89, 57
2026-06-30T20:01:07,49722, 143771, 100, 58
2026-06-30T20:01:08,49722, 143771, 94, 56
2026-06-30T20:01:09,49722, 143771, 100, 58
2026-06-30T20:01:10,49722, 143771, 100, 58
2026-06-30T20:01:11,49722, 143771, 99, 60
2026-06-30T20:01:12,49722, 143771, 100, 59
2026-06-30T20:01:13,49722, 143771, 96, 59
2026-06-30T20:01:14,49722, 143771, 100, 59
2026-06-30T20:01:15,49722, 143771, 86, 57
2026-06-30T20:01:16,49722, 143771, 100, 59
2026-06-30T20:01:18,49722, 143771, 95, 54
2026-06-30T20:01:19,49722, 143771, 100, 59
2026-06-30T20:01:20,49722, 143771, 100, 58
2026-06-30T20:01:21,49722, 143771, 99, 58
2026-06-30T20:01:22,49722, 143771, 100, 58
2026-06-30T20:01:23,49722, 143771, 97, 59
2026-06-30T20:01:24,49722, 143771, 100, 58
2026-06-30T20:01:25,49722, 143771, 92, 58
2026-06-30T20:01:26,49722, 143771, 100, 58
2026-06-30T20:01:27,49722, 143771, 76, 57
2026-06-30T20:01:28,49722, 143771, 100, 58
2026-06-30T20:01:29,49722, 143771, 100, 58
2026-06-30T20:01:30,49722, 143771, 100, 59
2026-06-30T20:01:31,49722, 143771, 100, 58
2026-06-30T20:01:32,49722, 143771, 96, 61
2026-06-30T20:01:33,49722, 143771, 100, 58
2026-06-30T20:01:34,49722, 143771, 96, 58
2026-06-30T20:01:35,49722, 143771, 100, 59
2026-06-30T20:01:36,49722, 143771, 94, 58
2026-06-30T20:01:37,49722, 143771, 100, 59
2026-06-30T20:01:38,49722, 143771, 96, 59
2026-06-30T20:01:39,49722, 143771, 100, 59
2026-06-30T20:01:40,49722, 143771, 100, 59
2026-06-30T20:01:41,49722, 143771, 99, 59
2026-06-30T20:01:42,49722, 143771, 100, 59
2026-06-30T20:01:43,49722, 143771, 82, 59
2026-06-30T20:01:44,49722, 143771, 100, 59
2026-06-30T20:01:45,49722, 143771, 79, 57
2026-06-30T20:01:46,49722, 143771, 100, 58
2026-06-30T20:01:47,49722, 143771, 99, 57
2026-06-30T20:01:48,49722, 143771, 100, 58
2026-06-30T20:01:49,49722, 143771, 100, 58
2026-06-30T20:01:50,49722, 143771, 95, 60
2026-06-30T20:01:51,49722, 143771, 100, 58
2026-06-30T20:01:52,49722, 143771, 96, 57
2026-06-30T20:01:53,49722, 143771, 100, 59
2026-06-30T20:01:54,49722, 143771, 95, 54
2026-06-30T20:01:56,49722, 143771, 100, 58
2026-06-30T20:01:57,49722, 143771, 97, 58
2026-06-30T20:01:58,49722, 143771, 99, 58
2026-06-30T20:01:59,49722, 143771, 100, 58
2026-06-30T20:02:00,49722, 143771, 95, 58
2026-06-30T20:02:01,49722, 143771, 100, 58
2026-06-30T20:02:02,49722, 143771, 94, 58
2026-06-30T20:02:03,49722, 143771, 100, 58
2026-06-30T20:02:04,49722, 143771, 68, 57
2026-06-30T20:02:05,49722, 143771, 100, 59
2026-06-30T20:02:06,49722, 143771, 100, 58
2026-06-30T20:02:07,49722, 143771, 92, 60
2026-06-30T20:02:08,49722, 143771, 100, 59
2026-06-30T20:02:09,49722, 143771, 96, 58
2026-06-30T20:02:10,49722, 143771, 100, 58
2026-06-30T20:02:11,49722, 143771, 76, 56
2026-06-30T20:02:12,49722, 143771, 100, 59
2026-06-30T20:02:13,49722, 143771, 100, 55
2026-06-30T20:02:14,49722, 143771, 97, 58
2026-06-30T20:02:15,49722, 143771, 100, 58
2026-06-30T20:02:16,49722, 143771, 94, 59
2026-06-30T20:02:17,49722, 143771, 100, 58
2026-06-30T20:02:18,49722, 143771, 71, 58
2026-06-30T20:02:19,49722, 143771, 100, 58
2026-06-30T20:02:20,49722, 143771, 87, 57
2026-06-30T20:02:21,49722, 143771, 100, 58
2026-06-30T20:02:22,49722, 143771, 97, 59
2026-06-30T20:02:23,49722, 143771, 97, 57
2026-06-30T20:02:24,49722, 143771, 100, 59
2026-06-30T20:02:25,49722, 143771, 80, 58
2026-06-30T20:02:26,49722, 143771, 100, 59
2026-06-30T20:02:27,49722, 143771, 96, 59
2026-06-30T20:02:28,49722, 143771, 100, 58
2026-06-30T20:02:29,49722, 143771, 76, 58
2026-06-30T20:02:30,49722, 143771, 100, 58
2026-06-30T20:02:31,49722, 143771, 100, 56
2026-06-30T20:02:33,49722, 143771, 98, 58
2026-06-30T20:02:34,49722, 143771, 100, 58
2026-06-30T20:02:35,49722, 143771, 95, 58
2026-06-30T20:02:36,49722, 143771, 100, 58
2026-06-30T20:02:37,49722, 143771, 78, 58
2026-06-30T20:02:38,49722, 143771, 100, 58
2026-06-30T20:02:39,49722, 143771, 95, 58
2026-06-30T20:02:40,49722, 143771, 100, 59
2026-06-30T20:02:41,49722, 143771, 96, 59
2026-06-30T20:02:42,49722, 143771, 100, 58
2026-06-30T20:02:43,49722, 143771, 100, 58
2026-06-30T20:02:44,49722, 143771, 91, 58
2026-06-30T20:02:45,49722, 143771, 100, 58
2026-06-30T20:02:46,49722, 143771, 78, 58
2026-06-30T20:02:47,49722, 143771, 100, 58
2026-06-30T20:02:48,49722, 143771, 100, 58
2026-06-30T20:02:49,49722, 143771, 100, 58
2026-06-30T20:02:50,49722, 143771, 100, 59
2026-06-30T20:02:51,49722, 143771, 97, 58
2026-06-30T20:02:52,49722, 143771, 100, 59
2026-06-30T20:02:53,49722, 143771, 92, 60
2026-06-30T20:02:54,49722, 143771, 100, 58
2026-06-30T20:02:55,49722, 143771, 79, 58
2026-06-30T20:02:56,49722, 143771, 100, 58
2026-06-30T20:02:57,49722, 143771, 85, 57
2026-06-30T20:02:58,49722, 143771, 100, 58
2026-06-30T20:02:59,49722, 143771, 97, 58
2026-06-30T20:03:00,49722, 143771, 99, 60
2026-06-30T20:03:01,49722, 143771, 100, 58
2026-06-30T20:03:02,49722, 143771, 93, 58
2026-06-30T20:03:03,49722, 143771, 100, 58
2026-06-30T20:03:04,49722, 143771, 96, 59
2026-06-30T20:03:05,49722, 143771, 100, 58
2026-06-30T20:03:06,49722, 143771, 99, 58
2026-06-30T20:03:07,49722, 143771, 100, 58
2026-06-30T20:03:08,49722, 143771, 100, 57
2026-06-30T20:03:10,49722, 143771, 98, 58
2026-06-30T20:03:11,49722, 143771, 100, 58
2026-06-30T20:03:12,49722, 143771, 94, 58
2026-06-30T20:03:13,49722, 143771, 100, 58
2026-06-30T20:03:14,49722, 143771, 71, 57
2026-06-30T20:03:15,49722, 143771, 100, 58
2026-06-30T20:03:16,49722, 143771, 93, 57
2026-06-30T20:03:17,49722, 143771, 100, 58
2026-06-30T20:03:18,49722, 143771, 100, 58
2026-06-30T20:03:19,49722, 143771, 99, 60
2026-06-30T20:03:20,49722, 143771, 100, 58
2026-06-30T20:03:21,49722, 143771, 94, 58
2026-06-30T20:03:22,49722, 143771, 100, 58
2026-06-30T20:03:23,49722, 143771, 76, 54
2026-06-30T20:03:24,49722, 143771, 100, 58
2026-06-30T20:03:25,49722, 143771, 98, 58
2026-06-30T20:03:26,49722, 143771, 100, 58
2026-06-30T20:03:27,49722, 143771, 100, 55
2026-06-30T20:03:28,49722, 143771, 98, 58
2026-06-30T20:03:29,49722, 143771, 100, 58
2026-06-30T20:03:30,49722, 143771, 97, 58
2026-06-30T20:03:31,49722, 143771, 100, 58
2026-06-30T20:03:32,49722, 143771, 78, 58
2026-06-30T20:03:33,49722, 143771, 100, 59
2026-06-30T20:03:34,49722, 143771, 73, 57
2026-06-30T20:03:35,49722, 143771, 100, 58
2026-06-30T20:03:36,49722, 143771, 100, 58
2026-06-30T20:03:37,49722, 143771, 100, 59
2026-06-30T20:03:38,49722, 143771, 100, 58
2026-06-30T20:03:39,49722, 143771, 94, 59
2026-06-30T20:03:40,49722, 143771, 100, 58
2026-06-30T20:03:41,49722, 143771, 93, 58
2026-06-30T20:03:42,49722, 143771, 100, 58
2026-06-30T20:03:43,49722, 143771, 96, 58
2026-06-30T20:03:44,49722, 143771, 100, 58
2026-06-30T20:03:45,49722, 143771, 100, 57
2026-06-30T20:03:46,49722, 143771, 98, 59
2026-06-30T20:03:48,49722, 143771, 100, 59
2026-06-30T20:03:49,49722, 143771, 94, 58
2026-06-30T20:03:50,49722, 143771, 100, 58
2026-06-30T20:03:51,49722, 143771, 76, 58
2026-06-30T20:03:52,49722, 143771, 100, 59
2026-06-30T20:03:53,49722, 143771, 96, 59
2026-06-30T20:03:54,49722, 143771, 100, 58
2026-06-30T20:03:55,49722, 143771, 100, 59
2026-06-30T20:03:56,49722, 143771, 95, 58
2026-06-30T20:03:57,49722, 143771, 100, 58
2026-06-30T20:03:58,49722, 143771, 86, 57
2026-06-30T20:03:59,49722, 143771, 100, 59
2026-06-30T20:04:00,49722, 143771, 95, 54
2026-06-30T20:04:01,49722, 143771, 100, 59
2026-06-30T20:04:02,49722, 143771, 100, 59
2026-06-30T20:04:03,49722, 143771, 99, 59
2026-06-30T20:04:04,49722, 143771, 100, 58
2026-06-30T20:04:05,49722, 143771, 84, 58
2026-06-30T20:04:06,49722, 143771, 100, 58
2026-06-30T20:04:07,49722, 143771, 96, 59
2026-06-30T20:04:08,49722, 143771, 100, 57
2026-06-30T20:04:09,49722, 143771, 98, 57
2026-06-30T20:04:10,49722, 143771, 100, 58
2026-06-30T20:04:11,49722, 143771, 100, 57
2026-06-30T20:04:12,49722, 143771, 93, 58
2026-06-30T20:04:13,49722, 143771, 100, 59
2026-06-30T20:04:14,49722, 143771, 96, 60
2026-06-30T20:04:15,49722, 143771, 100, 57
2026-06-30T20:04:16,49722, 143771, 97, 55
2026-06-30T20:04:17,49722, 143771, 100, 58
2026-06-30T20:04:18,49722, 143771, 96, 58
2026-06-30T20:04:19,49722, 143771, 99, 58
2026-06-30T20:04:20,49722, 143771, 100, 58
2026-06-30T20:04:21,49722, 143771, 98, 59
2026-06-30T20:04:22,49722, 143771, 100, 58
2026-06-30T20:04:24,49722, 143771, 80, 58
2026-06-30T20:04:25,49722, 143771, 100, 59
2026-06-30T20:04:26,49722, 143771, 76, 58
2026-06-30T20:04:27,49722, 143771, 100, 59
2026-06-30T20:04:28,49722, 143771, 100, 58
2026-06-30T20:04:29,49722, 143771, 100, 58
2026-06-30T20:04:30,49722, 143771, 100, 59
2026-06-30T20:04:31,49722, 143771, 96, 60
2026-06-30T20:04:32,49722, 143771, 100, 58
2026-06-30T20:04:33,49722, 143771, 92, 58
2026-06-30T20:04:34,49722, 143771, 100, 58
2026-06-30T20:04:35,49722, 143771, 97, 58
2026-06-30T20:04:36,49722, 143771, 100, 58
2026-06-30T20:04:37,49722, 143771, 100, 58
2026-06-30T20:04:38,49722, 143771, 98, 58
2026-06-30T20:04:39,49722, 143771, 100, 58
2026-06-30T20:04:40,49722, 143771, 92, 57
2026-06-30T20:04:41,49722, 143771, 100, 59
2026-06-30T20:04:42,49722, 143771, 73, 57
2026-06-30T20:04:43,49722, 143771, 100, 59
2026-06-30T20:04:44,49722, 143771, 95, 58
2026-06-30T20:04:45,49722, 143771, 100, 59
2026-06-30T20:04:46,49722, 143771, 100, 58
2026-06-30T20:04:47,49722, 143771, 98, 60
2026-06-30T20:04:48,49722, 143771, 100, 58
2026-06-30T20:04:49,49722, 143771, 74, 58
2026-06-30T20:04:50,49722, 143771, 100, 59
2026-06-30T20:04:51,49722, 143771, 77, 58
2026-06-30T20:04:52,49722, 143771, 100, 58
2026-06-30T20:04:53,49722, 143771, 100, 57
2026-06-30T20:04:54,49722, 143771, 100, 58
2026-06-30T20:04:55,49722, 143771, 100, 58
2026-06-30T20:04:56,49722, 143771, 94, 60
2026-06-30T20:04:57,49722, 143771, 100, 58
2026-06-30T20:04:58,49722, 143771, 94, 58
2026-06-30T20:04:59,49722, 143771, 100, 57
2026-06-30T20:05:01,49722, 143771, 95, 58
2026-06-30T20:05:02,49722, 143771, 100, 58
2026-06-30T20:05:03,49722, 143771, 100, 56
2026-06-30T20:05:04,49722, 143771, 96, 58
2026-06-30T20:05:05,49722, 143771, 100, 58
2026-06-30T20:05:06,49722, 143771, 96, 59
2026-06-30T20:05:07,49722, 143771, 100, 59
2026-06-30T20:05:08,49722, 143771, 81, 58
2026-06-30T20:05:09,49722, 143771, 100, 58
2026-06-30T20:05:10,49722, 143771, 92, 58
2026-06-30T20:05:11,49722, 143771, 100, 58
2026-06-30T20:05:12,49722, 143771, 100, 59
2026-06-30T20:05:13,49722, 143771, 99, 60
2026-06-30T20:05:14,49722, 143771, 100, 58
2026-06-30T20:05:15,49722, 143771, 93, 58
2026-06-30T20:05:16,49722, 143771, 100, 59
2026-06-30T20:05:17,49722, 143771, 75, 58
2026-06-30T20:05:18,49722, 143771, 100, 59
2026-06-30T20:05:19,49722, 143771, 100, 58
2026-06-30T20:05:20,49722, 143771, 100, 58
2026-06-30T20:05:21,49722, 143771, 100, 59
2026-06-30T20:05:22,49722, 143771, 97, 58
2026-06-30T20:05:23,49722, 143771, 100, 59
2026-06-30T20:05:24,49722, 143771, 96, 59
2026-06-30T20:05:25,49722, 143771, 100, 58
2026-06-30T20:05:26,49722, 143771, 96, 56
2026-06-30T20:05:27,49722, 143771, 100, 58
2026-06-30T20:05:28,49722, 143771, 95, 58
2026-06-30T20:05:29,49722, 143771, 99, 58
2026-06-30T20:05:30,49722, 143771, 100, 59
2026-06-30T20:05:31,49722, 143771, 98, 58
2026-06-30T20:05:32,49722, 143771, 100, 58
2026-06-30T20:05:33,49722, 143771, 75, 58
2026-06-30T20:05:34,49722, 143771, 100, 58
2026-06-30T20:05:35,49722, 143771, 92, 58
2026-06-30T20:05:36,49722, 143771, 100, 58
2026-06-30T20:05:38,49722, 143771, 100, 58
2026-06-30T20:05:39,49722, 143771, 98, 59
2026-06-30T20:05:40,49722, 143771, 100, 59
2026-06-30T20:05:41,49722, 143771, 75, 58
2026-06-30T20:05:42,49722, 143771, 100, 58
2026-06-30T20:05:43,49722, 143771, 75, 57
2026-06-30T20:05:44,49722, 143771, 100, 58
2026-06-30T20:05:45,49722, 143771, 100, 58
2026-06-30T20:05:46,49722, 143771, 100, 61
2026-06-30T20:05:47,49722, 143771, 100, 58
2026-06-30T20:05:48,49722, 143771, 85, 58
2026-06-30T20:05:49,49722, 143771, 100, 58
2026-06-30T20:05:50,49722, 143771, 94, 57
2026-06-30T20:05:51,49722, 143771, 100, 58
2026-06-30T20:05:52,49722, 143771, 100, 57
2026-06-30T20:05:53,49722, 143771, 100, 58
2026-06-30T20:05:54,49722, 143771, 100, 58
2026-06-30T20:05:55,49722, 143771, 93, 61
2026-06-30T20:05:56,49722, 143771, 100, 58
2026-06-30T20:05:57,49722, 143771, 93, 57
2026-06-30T20:05:58,49722, 143771, 100, 58
2026-06-30T20:05:59,49722, 143771, 94, 55
2026-06-30T20:06:00,49722, 143771, 100, 58
2026-06-30T20:06:01,49722, 143771, 100, 56
2026-06-30T20:06:02,49722, 143771, 99, 58
2026-06-30T20:06:03,49722, 143771, 100, 58
2026-06-30T20:06:04,49722, 143771, 97, 59
2026-06-30T20:06:05,49722, 143771, 100, 58
2026-06-30T20:06:06,49722, 143771, 76, 58
2026-06-30T20:06:07,49722, 143771, 100, 58
2026-06-30T20:06:08,49722, 143771, 91, 54
2026-06-30T20:06:09,49722, 143771, 100, 58
2026-06-30T20:06:10,49722, 143771, 100, 58
2026-06-30T20:06:11,49722, 143771, 99, 58
2026-06-30T20:06:12,49722, 143771, 100, 58
2026-06-30T20:06:14,49722, 143771, 74, 58
2026-06-30T20:06:15,49722, 143771, 100, 58
2026-06-30T20:06:16,49722, 143771, 94, 58
2026-06-30T20:06:17,49722, 143771, 100, 57
2026-06-30T20:06:18,49722, 143771, 100, 58
2026-06-30T20:06:19,49722, 143771, 100, 59
2026-06-30T20:06:20,49722, 143771, 100, 58
2026-06-30T20:06:21,49722, 143771, 93, 59
2026-06-30T20:06:22,49722, 143771, 100, 59
2026-06-30T20:06:23,49722, 143771, 77, 58
2026-06-30T20:06:24,49722, 143771, 100, 58
2026-06-30T20:06:25,49722, 143771, 97, 58
2026-06-30T20:06:26,49722, 143771, 100, 58
2026-06-30T20:06:27,49722, 143771, 100, 55
2026-06-30T20:06:28,49722, 143771, 98, 58
2026-06-30T20:06:29,49722, 143771, 100, 59
2026-06-30T20:06:30,49722, 143771, 94, 58
2026-06-30T20:06:31,49722, 143771, 100, 58
2026-06-30T20:06:32,49722, 143771, 85, 56
2026-06-30T20:06:33,49722, 143771, 100, 58
2026-06-30T20:06:34,49722, 143771, 95, 58
2026-06-30T20:06:35,49722, 143771, 100, 58
2026-06-30T20:06:36,49722, 143771, 100, 58
2026-06-30T20:06:37,49722, 143771, 95, 58
2026-06-30T20:06:38,49722, 143771, 100, 58
2026-06-30T20:06:39,49722, 143771, 76, 58
2026-06-30T20:06:40,49722, 143771, 100, 58
2026-06-30T20:06:41,49722, 143771, 93, 58
2026-06-30T20:06:42,49722, 143771, 100, 58
2026-06-30T20:06:43,49722, 143771, 100, 58
2026-06-30T20:06:44,49722, 143771, 100, 58
2026-06-30T20:06:45,49722, 143771, 100, 58
2026-06-30T20:06:46,49722, 143771, 96, 61
2026-06-30T20:06:47,49722, 143771, 100, 59
2026-06-30T20:06:48,49722, 143771, 93, 58
2026-06-30T20:06:49,49722, 143771, 100, 59
2026-06-30T20:06:51,49722, 143771, 95, 56
2026-06-30T20:06:52,49722, 143771, 100, 58
2026-06-30T20:06:53,49722, 143771, 95, 57
2026-06-30T20:06:54,49722, 143771, 99, 58
2026-06-30T20:06:55,49722, 143771, 100, 58
2026-06-30T20:06:56,49722, 143771, 96, 58
2026-06-30T20:06:57,49722, 143771, 100, 58
2026-06-30T20:06:58,49722, 143771, 78, 58
2026-06-30T20:06:59,49722, 143771, 100, 58
2026-06-30T20:07:00,49722, 143771, 76, 58
2026-06-30T20:07:01,49722, 143771, 100, 58
2026-06-30T20:07:02,49722, 143771, 100, 58
2026-06-30T20:07:03,49722, 143771, 100, 58
2026-06-30T20:07:04,49722, 143771, 100, 59
2026-06-30T20:07:05,49722, 143771, 97, 60
2026-06-30T20:07:06,49722, 143771, 100, 59
2026-06-30T20:07:07,49722, 143771, 94, 60
2026-06-30T20:07:08,49722, 143771, 100, 58
2026-06-30T20:07:09,49722, 143771, 79, 58
2026-06-30T20:07:10,49722, 143771, 100, 59
2026-06-30T20:07:11,49722, 143771, 83, 57
2026-06-30T20:07:12,49722, 143771, 100, 59
2026-06-30T20:07:13,49722, 143771, 98, 59
2026-06-30T20:07:14,49722, 143771, 100, 61
2026-06-30T20:07:15,49722, 143771, 100, 59
2026-06-30T20:07:16,49722, 143771, 96, 58
2026-06-30T20:07:17,49722, 143771, 100, 58
2026-06-30T20:07:18,49722, 143771, 94, 59
2026-06-30T20:07:19,49722, 143771, 100, 58
2026-06-30T20:07:20,49722, 143771, 98, 59
2026-06-30T20:07:21,49722, 143771, 100, 59
2026-06-30T20:07:22,49722, 143771, 100, 58
2026-06-30T20:07:23,49722, 143771, 98, 58
2026-06-30T20:07:24,49722, 143771, 100, 58
2026-06-30T20:07:25,49722, 143771, 96, 58
2026-06-30T20:07:26,49722, 143771, 100, 58
2026-06-30T20:07:28,49722, 143771, 74, 58
2026-06-30T20:07:29,49722, 143771, 100, 58
2026-06-30T20:07:30,49722, 143771, 94, 59
2026-06-30T20:07:31,49722, 143771, 100, 59
2026-06-30T20:07:32,49722, 143771, 100, 60
2026-06-30T20:07:33,49722, 143771, 100, 60
2026-06-30T20:07:34,49722, 143771, 100, 58
2026-06-30T20:07:35,49722, 143771, 94, 60
2026-06-30T20:07:36,49722, 143771, 100, 58
2026-06-30T20:07:37,49722, 143771, 93, 59
2026-06-30T20:07:38,49722, 143771, 100, 57
2026-06-30T20:07:39,49722, 143771, 94, 56
2026-06-30T20:07:40,49722, 143771, 100, 58
2026-06-30T20:07:41,49722, 143771, 97, 58
2026-06-30T20:07:42,49722, 143771, 100, 58
2026-06-30T20:07:43,49722, 143771, 100, 58
2026-06-30T20:07:44,49722, 143771, 97, 59
2026-06-30T20:07:45,49722, 143771, 100, 59
2026-06-30T20:07:46,49722, 143771, 75, 59
2026-06-30T20:07:47,49722, 143771, 100, 59
2026-06-30T20:07:48,49722, 143771, 75, 58
2026-06-30T20:07:49,49722, 143771, 100, 59
2026-06-30T20:07:50,49722, 143771, 100, 58
2026-06-30T20:07:51,49722, 143771, 100, 58
2026-06-30T20:07:52,49722, 143771, 100, 59
2026-06-30T20:07:53,49722, 143771, 96, 60
2026-06-30T20:07:54,49722, 143771, 100, 58
2026-06-30T20:07:55,49722, 143771, 96, 59
2026-06-30T20:07:56,49722, 143771, 100, 59
2026-06-30T20:07:57,49722, 143771, 78, 58
2026-06-30T20:07:58,49722, 143771, 100, 58
2026-06-30T20:07:59,49722, 143771, 95, 55
2026-06-30T20:08:00,49722, 143771, 100, 59
2026-06-30T20:08:01,49722, 143771, 100, 59
2026-06-30T20:08:02,49722, 143771, 99, 60
2026-06-30T20:08:03,49722, 143771, 100, 58
2026-06-30T20:08:05,49722, 143771, 92, 58
2026-06-30T20:08:06,49722, 143771, 100, 59
2026-06-30T20:08:07,49722, 143771, 96, 58
2026-06-30T20:08:08,49722, 143771, 100, 58
2026-06-30T20:08:09,49722, 143771, 100, 57
2026-06-30T20:08:10,49722, 143771, 100, 59
2026-06-30T20:08:11,49722, 143771, 100, 60
2026-06-30T20:08:12,49722, 143771, 93, 61
2026-06-30T20:08:13,49722, 143771, 100, 58
2026-06-30T20:08:14,49722, 143771, 96, 57
2026-06-30T20:08:15,49722, 143771, 100, 59
2026-06-30T20:08:16,49722, 143771, 84, 56
2026-06-30T20:08:17,49722, 143771, 100, 59
2026-06-30T20:08:18,49722, 143771, 96, 59
2026-06-30T20:08:19,49722, 143771, 99, 58
2026-06-30T20:08:20,49722, 143771, 100, 59
2026-06-30T20:08:21,49722, 143771, 95, 58
2026-06-30T20:08:22,49722, 143771, 100, 58
2026-06-30T20:08:23,49722, 143771, 77, 59
2026-06-30T20:08:24,49722, 143771, 100, 59
2026-06-30T20:08:25,49722, 143771, 78, 58
2026-06-30T20:08:26,49722, 143771, 100, 58
2026-06-30T20:08:27,49722, 143771, 100, 56
2026-06-30T20:08:28,49722, 143771, 100, 58
2026-06-30T20:08:29,49722, 143771, 100, 59
2026-06-30T20:08:30,49722, 143771, 96, 60
2026-06-30T20:08:31,49722, 143771, 100, 58
2026-06-30T20:08:32,49722, 143771, 92, 58
2026-06-30T20:08:33,49722, 143771, 100, 59
2026-06-30T20:08:34,49722, 143771, 97, 55
2026-06-30T20:08:35,49722, 143771, 100, 59
2026-06-30T20:08:36,49722, 143771, 98, 59
2026-06-30T20:08:37,49722, 143771, 99, 58
2026-06-30T20:08:38,49722, 143771, 100, 59
2026-06-30T20:08:39,49722, 143771, 93, 58
2026-06-30T20:08:40,49722, 143771, 100, 58
2026-06-30T20:08:41,49722, 143771, 77, 58
2026-06-30T20:08:43,49722, 143771, 100, 57
2026-06-30T20:08:44,49722, 143771, 93, 57
2026-06-30T20:08:45,49722, 143771, 100, 59
2026-06-30T20:08:46,49722, 143771, 100, 56
2026-06-30T20:08:47,49722, 143771, 96, 58
2026-06-30T20:08:48,49722, 143771, 100, 58
2026-06-30T20:08:49,49722, 143771, 97, 59
2026-06-30T20:08:50,49722, 143771, 100, 58
2026-06-30T20:08:51,49722, 143771, 96, 58
2026-06-30T20:08:52,49722, 143771, 100, 59
2026-06-30T20:08:53,49722, 143771, 76, 58
2026-06-30T20:08:54,49722, 143771, 100, 58
2026-06-30T20:08:55,49722, 143771, 95, 58
2026-06-30T20:08:56,49722, 143771, 100, 58
2026-06-30T20:08:57,49722, 143771, 100, 59
2026-06-30T20:08:58,49722, 143771, 96, 61
2026-06-30T20:08:59,49722, 143771, 100, 58
2026-06-30T20:09:00,49722, 143771, 96, 61
2026-06-30T20:09:01,49722, 143771, 100, 59
2026-06-30T20:09:02,49722, 143771, 96, 58
2026-06-30T20:09:03,49722, 143771, 100, 59
2026-06-30T20:09:04,49722, 143771, 81, 57
2026-06-30T20:09:05,49722, 143771, 100, 58
2026-06-30T20:09:06,49722, 143771, 95, 58
2026-06-30T20:09:07,49722, 143771, 100, 59
2026-06-30T20:09:08,49722, 143771, 100, 59
2026-06-30T20:09:09,49722, 143771, 93, 59
2026-06-30T20:09:10,49722, 143771, 100, 59
2026-06-30T20:09:11,49722, 143771, 81, 58
2026-06-30T20:09:12,49722, 143771, 100, 58
2026-06-30T20:09:13,49722, 143771, 97, 59
2026-06-30T20:09:14,49722, 143771, 100, 58
2026-06-30T20:09:15,49722, 143771, 98, 58
2026-06-30T20:09:16,49722, 143771, 100, 58
2026-06-30T20:09:17,49722, 143771, 99, 59
2026-06-30T20:09:18,49722, 143771, 98, 58
2026-06-30T20:09:19,49722, 143771, 100, 59
2026-06-30T20:09:21,49722, 143771, 96, 59
2026-06-30T20:09:22,49722, 143771, 100, 59
2026-06-30T20:09:23,49722, 143771, 86, 59
2026-06-30T20:09:24,49722, 143771, 100, 59
2026-06-30T20:09:25,49722, 143771, 95, 57
2026-06-30T20:09:26,49722, 143771, 100, 58
2026-06-30T20:09:27,49722, 143771, 98, 58
2026-06-30T20:09:28,49722, 143771, 99, 58
2026-06-30T20:09:29,49722, 143771, 100, 59
2026-06-30T20:09:30,49722, 143771, 98, 59
2026-06-30T20:09:31,49722, 143771, 100, 58
2026-06-30T20:09:32,49722, 143771, 93, 59
2026-06-30T20:09:33,49722, 143771, 100, 59
2026-06-30T20:09:34,49722, 143771, 77, 57
2026-06-30T20:09:35,49722, 143771, 100, 59
2026-06-30T20:09:36,49722, 143771, 100, 58
2026-06-30T20:09:37,49722, 143771, 100, 59
2026-06-30T20:09:38,49722, 143771, 100, 58
2026-06-30T20:09:39,49722, 143771, 96, 62
2026-06-30T20:09:40,49722, 143771, 100, 59
2026-06-30T20:09:41,49722, 143771, 93, 58
2026-06-30T20:09:42,49722, 143771, 100, 58
2026-06-30T20:09:43,49722, 143771, 95, 58
2026-06-30T20:09:44,49722, 143771, 100, 58
2026-06-30T20:09:45,49722, 143771, 94, 56
2026-06-30T20:09:46,49722, 143771, 100, 58
2026-06-30T20:09:47,49722, 143771, 100, 59
2026-06-30T20:09:48,49722, 143771, 99, 59
2026-06-30T20:09:49,49722, 143771, 100, 59
2026-06-30T20:09:50,49722, 143771, 94, 59
2026-06-30T20:09:51,49722, 143771, 100, 59
2026-06-30T20:09:52,49722, 143771, 79, 59
2026-06-30T20:09:53,49722, 143771, 100, 59
2026-06-30T20:09:54,49722, 143771, 97, 58
2026-06-30T20:09:55,49722, 143771, 100, 59
2026-06-30T20:09:56,49722, 143771, 100, 57
2026-06-30T20:09:57,49722, 143771, 98, 59
2026-06-30T20:09:59,49722, 143771, 100, 58
2026-06-30T20:10:00,49722, 143771, 97, 58
2026-06-30T20:10:01,49722, 143771, 100, 59
2026-06-30T20:10:02,49722, 143771, 78, 58
2026-06-30T20:10:03,49722, 143771, 100, 59
2026-06-30T20:10:04,49722, 143771, 76, 57
2026-06-30T20:10:05,49722, 143771, 100, 58
2026-06-30T20:10:06,49722, 143771, 100, 58
2026-06-30T20:10:07,49722, 143771, 100, 59
2026-06-30T20:10:08,49722, 143771, 100, 58
2026-06-30T20:10:09,49722, 143771, 91, 61
2026-06-30T20:10:10,49722, 143771, 100, 58
2026-06-30T20:10:11,49722, 143771, 93, 58
2026-06-30T20:10:12,49722, 143771, 100, 58
2026-06-30T20:10:13,49722, 143771, 79, 57
2026-06-30T20:10:14,49722, 143771, 100, 59
2026-06-30T20:10:15,49722, 143771, 97, 59
2026-06-30T20:10:16,49722, 143771, 0, 49
2026-06-30T20:10:17,49722, 143771, 100, 58
2026-06-30T20:10:18,49722, 143771, 89, 57
2026-06-30T20:10:19,49722, 143771, 100, 59
2026-06-30T20:10:20,49722, 143771, 100, 58
2026-06-30T20:10:21,49722, 143771, 91, 59
2026-06-30T20:10:22,49722, 143771, 100, 58
2026-06-30T20:10:23,49722, 143771, 96, 59
2026-06-30T20:10:24,49722, 143771, 100, 58
2026-06-30T20:10:25,49722, 143771, 93, 57
2026-06-30T20:10:26,49722, 143771, 100, 59
2026-06-30T20:10:27,49722, 143771, 95, 55
2026-06-30T20:10:28,49722, 143771, 100, 59
2026-06-30T20:10:29,49722, 143771, 98, 59
2026-06-30T20:10:30,49722, 143771, 99, 58
2026-06-30T20:10:31,49722, 143771, 100, 59
2026-06-30T20:10:32,49722, 143771, 96, 59
2026-06-30T20:10:33,49722, 143771, 100, 58
2026-06-30T20:10:34,49722, 143771, 96, 59
2026-06-30T20:10:35,49722, 143771, 100, 58
2026-06-30T20:10:37,49722, 143771, 97, 58
2026-06-30T20:10:38,49722, 143771, 100, 58
2026-06-30T20:10:39,49722, 143771, 100, 57
2026-06-30T20:10:40,49722, 143771, 97, 58
2026-06-30T20:10:41,49722, 143771, 100, 58
2026-06-30T20:10:42,49722, 143771, 98, 59
2026-06-30T20:10:43,49722, 143771, 100, 59
2026-06-30T20:10:44,49722, 143771, 76, 58
2026-06-30T20:10:45,49722, 143771, 100, 59
2026-06-30T20:10:46,49722, 143771, 94, 59
2026-06-30T20:10:47,49722, 143771, 100, 58
2026-06-30T20:10:48,49722, 143771, 81, 57
2026-06-30T20:10:49,49722, 143771, 100, 59
2026-06-30T20:10:50,49722, 143771, 100, 59
2026-06-30T20:10:51,49722, 143771, 97, 59
2026-06-30T20:10:52,49722, 143771, 100, 59
2026-06-30T20:10:53,49722, 143771, 93, 62
2026-06-30T20:10:54,49722, 143771, 100, 58
2026-06-30T20:10:55,49722, 143771, 82, 58
2026-06-30T20:10:56,49722, 143771, 100, 59
2026-06-30T20:10:57,49722, 143771, 92, 58
2026-06-30T20:10:58,49722, 143771, 100, 58
2026-06-30T20:10:59,49722, 143771, 89, 59
2026-06-30T20:11:00,49722, 143771, 100, 59
2026-06-30T20:11:01,49722, 143771, 100, 58
2026-06-30T20:11:02,49722, 143771, 92, 60
2026-06-30T20:11:03,49722, 143771, 100, 58
2026-06-30T20:11:04,49722, 143771, 96, 60
2026-06-30T20:11:05,49722, 143771, 100, 58
2026-06-30T20:11:06,49722, 143771, 83, 57
2026-06-30T20:11:07,49722, 143771, 100, 58
2026-06-30T20:11:08,49722, 143771, 94, 58
2026-06-30T20:11:09,49722, 143771, 100, 58
2026-06-30T20:11:10,49722, 143771, 97, 58
2026-06-30T20:11:11,49722, 143771, 99, 60
2026-06-30T20:11:12,49722, 143771, 100, 58
2026-06-30T20:11:14,49722, 143771, 92, 58
2026-06-30T20:11:15,49722, 143771, 100, 59
2026-06-30T20:11:16,49722, 143771, 82, 59
2026-06-30T20:11:17,49722, 143771, 100, 58
2026-06-30T20:11:18,49722, 143771, 97, 55
2026-06-30T20:11:19,49722, 143771, 100, 58
2026-06-30T20:11:20,49722, 143771, 98, 58
2026-06-30T20:11:21,49722, 143771, 100, 58
2026-06-30T20:11:22,49722, 143771, 100, 58
2026-06-30T20:11:23,49722, 143771, 99, 59
2026-06-30T20:11:24,49722, 143771, 100, 59
2026-06-30T20:11:25,49722, 143771, 96, 59
2026-06-30T20:11:26,49722, 143771, 100, 59
2026-06-30T20:11:27,49722, 143771, 78, 58
2026-06-30T20:11:28,49722, 143771, 100, 59
2026-06-30T20:11:29,49722, 143771, 100, 58
2026-06-30T20:11:30,49722, 143771, 100, 58
2026-06-30T20:11:31,49722, 143771, 100, 58
2026-06-30T20:11:32,49722, 143771, 97, 59
2026-06-30T20:11:33,49722, 143771, 100, 59
2026-06-30T20:11:34,49722, 143771, 94, 58
2026-06-30T20:11:35,49722, 143771, 100, 59
2026-06-30T20:11:36,49722, 143771, 77, 58
2026-06-30T20:11:37,49722, 143771, 100, 59
2026-06-30T20:11:38,49722, 143771, 94, 55
2026-06-30T20:11:39,49722, 143771, 100, 59
2026-06-30T20:11:40,49722, 143771, 100, 59
2026-06-30T20:11:41,49722, 143771, 99, 60
2026-06-30T20:11:42,49722, 143771, 100, 58
2026-06-30T20:11:43,49722, 143771, 91, 58
2026-06-30T20:11:44,49722, 143771, 100, 58
2026-06-30T20:11:45,49722, 143771, 94, 58
2026-06-30T20:11:46,49722, 143771, 100, 58
2026-06-30T20:11:47,49722, 143771, 100, 58
2026-06-30T20:11:48,49722, 143771, 100, 58
2026-06-30T20:11:49,49722, 143771, 100, 59
2026-06-30T20:11:50,49722, 143771, 97, 58
2026-06-30T20:11:52,49722, 143771, 100, 59
2026-06-30T20:11:53,49722, 143771, 93, 58
2026-06-30T20:11:54,49722, 143771, 100, 59
2026-06-30T20:11:55,49722, 143771, 78, 58
2026-06-30T20:11:56,49722, 143771, 100, 58
2026-06-30T20:11:57,49722, 143771, 95, 58
2026-06-30T20:11:58,49722, 143771, 100, 59
2026-06-30T20:11:59,49722, 143771, 100, 58
2026-06-30T20:12:00,49722, 143771, 100, 59
2026-06-30T20:12:01,49722, 143771, 100, 59
2026-06-30T20:12:02,49722, 143771, 96, 60
2026-06-30T20:12:03,49722, 143771, 100, 58
2026-06-30T20:12:04,49722, 143771, 96, 58
2026-06-30T20:12:05,49722, 143771, 100, 58
2026-06-30T20:12:06,49722, 143771, 80, 58
2026-06-30T20:12:07,49722, 143771, 100, 58
2026-06-30T20:12:08,49722, 143771, 94, 59
2026-06-30T20:12:09,49722, 143771, 100, 59
2026-06-30T20:12:10,49722, 143771, 100, 58
2026-06-30T20:12:11,49722, 143771, 99, 60
2026-06-30T20:12:12,49722, 143771, 100, 59
2026-06-30T20:12:13,49722, 143771, 74, 59
2026-06-30T20:12:14,49722, 143771, 100, 59
2026-06-30T20:12:15,49722, 143771, 77, 56
2026-06-30T20:12:16,49722, 143771, 100, 58
2026-06-30T20:12:17,49722, 143771, 97, 59
2026-06-30T20:12:18,49722, 143771, 100, 58
2026-06-30T20:12:19,49722, 143771, 100, 56
2026-06-30T20:12:20,49722, 143771, 99, 58
2026-06-30T20:12:21,49722, 143771, 100, 59
2026-06-30T20:12:22,49722, 143771, 94, 58
2026-06-30T20:12:23,49722, 143771, 100, 59
2026-06-30T20:12:24,49722, 143771, 77, 58
2026-06-30T20:12:25,49722, 143771, 100, 59
2026-06-30T20:12:26,49722, 143771, 76, 57
2026-06-30T20:12:27,49722, 143771, 100, 58
2026-06-30T20:12:29,49722, 143771, 100, 58
2026-06-30T20:12:30,49722, 143771, 100, 60
2026-06-30T20:12:31,49722, 143771, 100, 58
2026-06-30T20:12:32,49722, 143771, 94, 61
2026-06-30T20:12:33,49722, 143771, 100, 59
2026-06-30T20:12:34,49722, 143771, 96, 58
2026-06-30T20:12:35,49722, 143771, 100, 59
2026-06-30T20:12:36,49722, 143771, 97, 55
2026-06-30T20:12:37,49722, 143771, 100, 58
2026-06-30T20:12:38,49722, 143771, 98, 58
2026-06-30T20:12:39,49722, 143771, 99, 58
2026-06-30T20:12:40,49722, 143771, 100, 58
2026-06-30T20:12:41,49722, 143771, 98, 59
2026-06-30T20:12:42,49722, 143771, 100, 57
2026-06-30T20:12:43,49722, 143771, 74, 58
2026-06-30T20:12:44,49722, 143771, 100, 58
2026-06-30T20:12:45,49722, 143771, 93, 58
2026-06-30T20:12:46,49722, 143771, 100, 57
2026-06-30T20:12:47,49722, 143771, 100, 58
2026-06-30T20:12:48,49722, 143771, 100, 58
2026-06-30T20:12:49,49722, 143771, 100, 58
2026-06-30T20:12:50,49722, 143771, 94, 59
2026-06-30T20:12:51,49722, 143771, 100, 59
2026-06-30T20:12:52,49722, 143771, 96, 57
2026-06-30T20:12:53,49722, 143771, 100, 58
2026-06-30T20:12:54,49722, 143771, 95, 56
2026-06-30T20:12:55,49722, 143771, 100, 58
2026-06-30T20:12:56,49722, 143771, 96, 59
2026-06-30T20:12:57,49722, 143771, 99, 58
2026-06-30T20:12:58,49722, 143771, 100, 58
2026-06-30T20:12:59,49722, 143771, 96, 58
2026-06-30T20:13:00,49722, 143771, 100, 58
2026-06-30T20:13:01,49722, 143771, 78, 58
2026-06-30T20:13:02,49722, 143771, 100, 58
2026-06-30T20:13:03,49722, 143771, 80, 59
2026-06-30T20:13:04,49722, 143771, 100, 58
2026-06-30T20:13:06,49722, 143771, 100, 58
2026-06-30T20:13:07,49722, 143771, 97, 58
2026-06-30T20:13:08,49722, 143771, 100, 58
2026-06-30T20:13:09,49722, 143771, 94, 59
2026-06-30T20:13:10,49722, 143771, 100, 59
2026-06-30T20:13:11,49722, 143771, 91, 58
2026-06-30T20:13:12,49722, 143771, 100, 58
2026-06-30T20:13:13,49722, 143771, 77, 58
2026-06-30T20:13:14,49722, 143771, 100, 58
2026-06-30T20:13:15,49722, 143771, 84, 57
2026-06-30T20:13:16,49722, 143771, 100, 58
2026-06-30T20:13:17,49722, 143771, 100, 59
2026-06-30T20:13:18,49722, 143771, 98, 59
2026-06-30T20:13:19,49722, 143771, 100, 58
2026-06-30T20:13:20,49722, 143771, 94, 59
2026-06-30T20:13:21,49722, 143771, 100, 58
2026-06-30T20:13:22,49722, 143771, 96, 58
2026-06-30T20:13:23,49722, 143771, 100, 58
2026-06-30T20:13:24,49722, 143771, 77, 57
2026-06-30T20:13:25,49722, 143771, 100, 58
2026-06-30T20:13:26,49722, 143771, 97, 59
2026-06-30T20:13:27,49722, 143771, 100, 58
2026-06-30T20:13:28,49722, 143771, 100, 59
2026-06-30T20:13:29,49722, 143771, 96, 61
2026-06-30T20:13:30,49722, 143771, 100, 58
2026-06-30T20:13:31,49722, 143771, 96, 61
2026-06-30T20:13:32,49722, 143771, 100, 58
2026-06-30T20:13:33,49722, 143771, 96, 59
2026-06-30T20:13:34,49722, 143771, 100, 58
2026-06-30T20:13:35,49722, 143771, 80, 57
2026-06-30T20:13:36,49722, 143771, 100, 59
2026-06-30T20:13:37,49722, 143771, 94, 58
2026-06-30T20:13:38,49722, 143771, 100, 58
2026-06-30T20:13:39,49722, 143771, 100, 58
2026-06-30T20:13:40,49722, 143771, 94, 58
2026-06-30T20:13:41,49722, 143771, 100, 59
2026-06-30T20:13:42,49722, 143771, 96, 59
2026-06-30T20:13:44,49722, 143771, 100, 58
2026-06-30T20:13:45,49722, 143771, 93, 58
2026-06-30T20:13:46,49722, 143771, 100, 59
2026-06-30T20:13:47,49722, 143771, 98, 58
2026-06-30T20:13:48,49722, 143771, 99, 58
2026-06-30T20:13:49,49722, 143771, 100, 58
2026-06-30T20:13:50,49722, 143771, 94, 59
2026-06-30T20:13:51,49722, 143771, 100, 59
2026-06-30T20:13:52,49722, 143771, 76, 58
2026-06-30T20:13:53,49722, 143771, 100, 59
2026-06-30T20:13:54,49722, 143771, 88, 57
2026-06-30T20:13:55,49722, 143771, 100, 59
2026-06-30T20:13:56,49722, 143771, 100, 59
2026-06-30T20:13:57,49722, 143771, 100, 62
2026-06-30T20:13:58,49722, 143771, 100, 59
2026-06-30T20:13:59,49722, 143771, 96, 59
2026-06-30T20:14:00,49722, 143771, 100, 58
2026-06-30T20:14:01,49722, 143771, 89, 58
2026-06-30T20:14:02,49722, 143771, 100, 59
2026-06-30T20:14:03,49722, 143771, 97, 59
2026-06-30T20:14:04,49722, 143771, 100, 58
2026-06-30T20:14:05,49722, 143771, 100, 58
2026-06-30T20:14:06,49722, 143771, 98, 58
2026-06-30T20:14:07,49722, 143771, 100, 59
2026-06-30T20:14:08,49722, 143771, 94, 58
2026-06-30T20:14:09,49722, 143771, 100, 59
2026-06-30T20:14:10,49722, 143771, 92, 58
2026-06-30T20:14:11,49722, 143771, 100, 59
2026-06-30T20:14:12,49722, 143771, 81, 58
2026-06-30T20:14:13,49722, 143771, 100, 58
2026-06-30T20:14:14,49722, 143771, 100, 56
2026-06-30T20:14:15,49722, 143771, 100, 59
2026-06-30T20:14:16,49722, 143771, 100, 59
2026-06-30T20:14:17,49722, 143771, 97, 59
2026-06-30T20:14:18,49722, 143771, 100, 59
2026-06-30T20:14:19,49722, 143771, 96, 58
2026-06-30T20:14:20,49722, 143771, 100, 59
2026-06-30T20:14:22,49722, 143771, 93, 58
2026-06-30T20:14:23,49722, 143771, 100, 59
2026-06-30T20:14:24,49722, 143771, 96, 56
2026-06-30T20:14:25,49722, 143771, 100, 59
2026-06-30T20:14:26,49722, 143771, 100, 59
2026-06-30T20:14:27,49722, 143771, 98, 59
2026-06-30T20:14:28,49722, 143771, 100, 58
2026-06-30T20:14:29,49722, 143771, 77, 58
2026-06-30T20:14:30,49722, 143771, 100, 58
2026-06-30T20:14:31,49722, 143771, 76, 58
2026-06-30T20:14:32,49722, 143771, 100, 58
2026-06-30T20:14:33,49722, 143771, 100, 55
2026-06-30T20:14:34,49722, 143771, 100, 59
2026-06-30T20:14:35,49722, 143771, 100, 59
2026-06-30T20:14:36,49722, 143771, 94, 60
2026-06-30T20:14:37,49722, 143771, 100, 58
2026-06-30T20:14:38,49722, 143771, 93, 58
2026-06-30T20:14:39,49722, 143771, 100, 58
2026-06-30T20:14:40,49722, 143771, 88, 57
2026-06-30T20:14:41,49722, 143771, 100, 59
2026-06-30T20:14:42,49722, 143771, 96, 59
2026-06-30T20:14:43,49722, 143771, 100, 58
2026-06-30T20:14:44,49722, 143771, 100, 59
2026-06-30T20:14:45,49722, 143771, 98, 58
2026-06-30T20:14:46,49722, 143771, 100, 58
2026-06-30T20:14:47,49722, 143771, 94, 58
2026-06-30T20:14:48,49722, 143771, 100, 58
2026-06-30T20:14:49,49722, 143771, 79, 56
2026-06-30T20:14:50,49722, 143771, 100, 58
2026-06-30T20:14:51,49722, 143771, 97, 58
2026-06-30T20:14:52,49722, 143771, 99, 58
2026-06-30T20:14:53,49722, 143771, 100, 58
2026-06-30T20:14:54,49722, 143771, 98, 59
2026-06-30T20:14:55,49722, 143771, 100, 58
2026-06-30T20:14:56,49722, 143771, 97, 59
2026-06-30T20:14:57,49722, 143771, 100, 58
2026-06-30T20:14:58,49722, 143771, 95, 59
2026-06-30T20:15:00,49722, 143771, 100, 58
2026-06-30T20:15:01,49722, 143771, 77, 58
2026-06-30T20:15:02,49722, 143771, 100, 59
2026-06-30T20:15:03,49722, 143771, 100, 57
2026-06-30T20:15:04,49722, 143771, 100, 58
2026-06-30T20:15:05,49722, 143771, 100, 59
2026-06-30T20:15:06,49722, 143771, 90, 59
2026-06-30T20:15:07,49722, 143771, 100, 59
2026-06-30T20:15:08,49722, 143771, 93, 57
2026-06-30T20:15:09,49722, 143771, 100, 58
2026-06-30T20:15:10,49722, 143771, 95, 58
2026-06-30T20:15:11,49722, 143771, 100, 58
2026-06-30T20:15:12,49722, 143771, 99, 58
2026-06-30T20:15:13,49722, 143771, 99, 59
2026-06-30T20:15:14,49722, 143771, 100, 58
2026-06-30T20:15:15,49722, 143771, 97, 59
2026-06-30T20:15:16,49722, 143771, 100, 58
2026-06-30T20:15:17,49722, 143771, 77, 58
2026-06-30T20:15:18,49722, 143771, 100, 59
2026-06-30T20:15:19,49722, 143771, 75, 58
2026-06-30T20:15:20,49722, 143771, 100, 58
2026-06-30T20:15:21,49722, 143771, 100, 56
2026-06-30T20:15:22,49722, 143771, 98, 58
2026-06-30T20:15:23,49722, 143771, 100, 58
2026-06-30T20:15:24,49722, 143771, 95, 59
2026-06-30T20:15:25,49722, 143771, 100, 58
2026-06-30T20:15:26,49722, 143771, 93, 58
2026-06-30T20:15:27,49722, 143771, 100, 58
2026-06-30T20:15:28,49722, 143771, 72, 57
2026-06-30T20:15:29,49722, 143771, 100, 59
2026-06-30T20:15:30,49722, 143771, 95, 59
2026-06-30T20:15:31,49722, 143771, 100, 58
2026-06-30T20:15:32,49722, 143771, 100, 59
2026-06-30T20:15:33,49722, 143771, 94, 60
2026-06-30T20:15:34,49722, 143771, 100, 58
2026-06-30T20:15:35,49722, 143771, 96, 61
2026-06-30T20:15:37,49722, 143771, 100, 58
2026-06-30T20:15:38,49722, 143771, 96, 58
2026-06-30T20:15:39,49722, 143771, 100, 59
2026-06-30T20:15:40,49722, 143771, 97, 56
2026-06-30T20:15:41,49722, 143771, 100, 58
2026-06-30T20:15:42,49722, 143771, 98, 59
2026-06-30T20:15:43,49722, 143771, 100, 59
2026-06-30T20:15:44,49722, 143771, 100, 59
2026-06-30T20:15:45,49722, 143771, 96, 61
2026-06-30T20:15:46,49722, 143771, 100, 58
2026-06-30T20:15:47,49722, 143771, 93, 60
2026-06-30T20:15:48,49722, 143771, 100, 59
2026-06-30T20:15:49,49722, 143771, 82, 58
2026-06-30T20:15:50,49722, 143771, 100, 58
2026-06-30T20:15:51,49722, 143771, 97, 57
2026-06-30T20:15:52,49722, 143771, 100, 58
2026-06-30T20:15:53,49722, 143771, 96, 59
2026-06-30T20:15:54,49722, 143771, 99, 58
2026-06-30T20:15:55,49722, 143771, 100, 59
2026-06-30T20:15:56,49722, 143771, 96, 59
2026-06-30T20:15:57,49722, 143771, 100, 59
2026-06-30T20:15:58,49722, 143771, 90, 58
2026-06-30T20:15:59,49722, 143771, 100, 59
2026-06-30T20:16:00,49722, 143771, 79, 59
2026-06-30T20:16:01,49722, 143771, 100, 58
2026-06-30T20:16:02,49722, 143771, 100, 58
2026-06-30T20:16:03,49722, 143771, 99, 59
2026-06-30T20:16:04,49722, 143771, 100, 58
2026-06-30T20:16:05,49722, 143771, 95, 58
2026-06-30T20:16:06,49722, 143771, 100, 59
2026-06-30T20:16:07,49722, 143771, 78, 59
2026-06-30T20:16:08,49722, 143771, 100, 58
2026-06-30T20:16:09,49722, 143771, 93, 59
2026-06-30T20:16:10,49722, 143771, 100, 58
2026-06-30T20:16:11,49722, 143771, 79, 57
2026-06-30T20:16:12,49722, 143771, 100, 60
2026-06-30T20:16:13,49722, 143771, 100, 58
2026-06-30T20:16:15,49722, 143771, 97, 59
2026-06-30T20:16:16,49722, 143771, 100, 58
2026-06-30T20:16:17,49722, 143771, 94, 59
2026-06-30T20:16:18,49722, 143771, 100, 58
2026-06-30T20:16:19,49722, 143771, 81, 58
2026-06-30T20:16:20,49722, 143771, 100, 59
2026-06-30T20:16:21,49722, 143771, 91, 59
2026-06-30T20:16:22,49722, 143771, 100, 58
2026-06-30T20:16:23,49722, 143771, 96, 59
2026-06-30T20:16:24,49722, 143771, 100, 59
2026-06-30T20:16:25,49722, 143771, 100, 59
2026-06-30T20:16:26,49722, 143771, 96, 59
2026-06-30T20:16:27,49722, 143771, 100, 59
2026-06-30T20:16:28,49722, 143771, 83, 59
2026-06-30T20:16:29,49722, 143771, 100, 58
2026-06-30T20:16:30,49722, 143771, 97, 56
2026-06-30T20:16:31,49722, 143771, 100, 59
2026-06-30T20:16:32,49722, 143771, 96, 58
2026-06-30T20:16:33,49722, 143771, 99, 58
2026-06-30T20:16:34,49722, 143771, 100, 59
2026-06-30T20:16:35,49722, 143771, 96, 59
2026-06-30T20:16:36,49722, 143771, 100, 58
2026-06-30T20:16:37,49722, 143771, 81, 59
2026-06-30T20:16:38,49722, 143771, 100, 59
2026-06-30T20:16:39,49722, 143771, 77, 58
2026-06-30T20:16:40,49722, 143771, 100, 59
2026-06-30T20:16:41,49722, 143771, 100, 57
2026-06-30T20:16:42,49722, 143771, 100, 58
2026-06-30T20:16:43,49722, 143771, 100, 60
2026-06-30T20:16:44,49722, 143771, 97, 59
2026-06-30T20:16:45,49722, 143771, 100, 58
2026-06-30T20:16:46,49722, 143771, 93, 62
2026-06-30T20:16:47,49722, 143771, 100, 59
2026-06-30T20:16:48,49722, 143771, 70, 57
2026-06-30T20:16:49,49722, 143771, 100, 59
2026-06-30T20:16:50,49722, 143771, 84, 57
2026-06-30T20:16:51,49722, 143771, 100, 59
2026-06-30T20:16:53,49722, 143771, 100, 58
2026-06-30T20:16:54,49722, 143771, 99, 60
2026-06-30T20:16:55,49722, 143771, 100, 58
2026-06-30T20:16:56,49722, 143771, 96, 58
2026-06-30T20:16:57,49722, 143771, 100, 59
2026-06-30T20:16:58,49722, 143771, 93, 58
2026-06-30T20:16:59,49722, 143771, 100, 59
2026-06-30T20:17:00,49722, 143771, 97, 56
2026-06-30T20:17:01,49722, 143771, 100, 58
2026-06-30T20:17:02,49722, 143771, 97, 58
2026-06-30T20:17:03,49722, 143771, 99, 59
2026-06-30T20:17:04,49722, 143771, 100, 59
2026-06-30T20:17:05,49722, 143771, 98, 59
2026-06-30T20:17:06,49722, 143771, 100, 59
2026-06-30T20:17:07,49722, 143771, 82, 59
2026-06-30T20:17:08,49722, 143771, 100, 59
2026-06-30T20:17:09,49722, 143771, 93, 58
2026-06-30T20:17:10,49722, 143771, 100, 59
2026-06-30T20:17:11,49722, 143771, 100, 57
2026-06-30T20:17:12,49722, 143771, 100, 59
2026-06-30T20:17:13,49722, 143771, 100, 58
2026-06-30T20:17:14,49722, 143771, 91, 60
2026-06-30T20:17:15,49722, 143771, 100, 59
2026-06-30T20:17:16,49722, 143771, 93, 58
2026-06-30T20:17:17,49722, 143771, 100, 59
2026-06-30T20:17:18,49722, 143771, 96, 57
2026-06-30T20:17:19,49722, 143771, 100, 58
2026-06-30T20:17:20,49722, 143771, 96, 59
2026-06-30T20:17:21,49722, 143771, 99, 59
2026-06-30T20:17:22,49722, 143771, 100, 59
2026-06-30T20:17:23,49722, 143771, 98, 59
2026-06-30T20:17:24,49722, 143771, 100, 59
2026-06-30T20:17:25,49722, 143771, 73, 59
2026-06-30T20:17:26,49722, 143771, 100, 59
2026-06-30T20:17:27,49722, 143771, 77, 58
2026-06-30T20:17:28,49722, 143771, 100, 58
2026-06-30T20:17:30,49722, 143771, 100, 58
2026-06-30T20:17:31,49722, 143771, 100, 59
2026-06-30T20:17:32,49722, 143771, 100, 58
2026-06-30T20:17:33,49722, 143771, 98, 59
2026-06-30T20:17:34,49722, 143771, 100, 58
2026-06-30T20:17:35,49722, 143771, 95, 59
2026-06-30T20:17:36,49722, 143771, 100, 58
2026-06-30T20:17:37,49722, 143771, 77, 58
2026-06-30T20:17:38,49722, 143771, 100, 59
2026-06-30T20:17:39,49722, 143771, 80, 57
2026-06-30T20:17:40,49722, 143771, 100, 59
2026-06-30T20:17:41,49722, 143771, 100, 59
2026-06-30T20:17:42,49722, 143771, 100, 59
2026-06-30T20:17:43,49722, 143771, 100, 59
2026-06-30T20:17:44,49722, 143771, 96, 59
2026-06-30T20:17:45,49722, 143771, 100, 59
2026-06-30T20:17:46,49722, 143771, 93, 58
2026-06-30T20:17:47,49722, 143771, 100, 59
2026-06-30T20:17:48,49722, 143771, 96, 57
2026-06-30T20:17:49,49722, 143771, 100, 59
2026-06-30T20:17:50,49722, 143771, 98, 58
2026-06-30T20:17:51,49722, 143771, 97, 59
2026-06-30T20:17:52,49722, 143771, 100, 59
2026-06-30T20:17:53,49722, 143771, 94, 58
2026-06-30T20:17:54,49722, 143771, 100, 59
2026-06-30T20:17:55,49722, 143771, 77, 58
2026-06-30T20:17:56,49722, 143771, 100, 59
2026-06-30T20:17:57,49722, 143771, 94, 56
2026-06-30T20:17:58,49722, 143771, 100, 58
2026-06-30T20:17:59,49722, 143771, 100, 58
2026-06-30T20:18:00,49722, 143771, 95, 59
2026-06-30T20:18:01,49722, 143771, 100, 58
2026-06-30T20:18:02,49722, 143771, 94, 60
2026-06-30T20:18:03,49722, 143771, 100, 59
2026-06-30T20:18:04,49722, 143771, 80, 58
2026-06-30T20:18:05,49722, 143771, 100, 58
2026-06-30T20:18:06,49722, 143771, 79, 58
2026-06-30T20:18:08,49722, 143771, 100, 58
2026-06-30T20:18:09,49722, 143771, 94, 59
2026-06-30T20:18:10,49722, 143771, 100, 59
2026-06-30T20:18:11,49722, 143771, 100, 58
2026-06-30T20:18:12,49722, 143771, 93, 62
2026-06-30T20:18:13,49722, 143771, 100, 58
2026-06-30T20:18:14,49722, 143771, 96, 61
2026-06-30T20:18:15,49722, 143771, 100, 58
2026-06-30T20:18:16,49722, 143771, 96, 58
2026-06-30T20:18:17,49722, 143771, 100, 59
2026-06-30T20:18:18,49722, 143771, 90, 57
2026-06-30T20:18:19,49722, 143771, 100, 59
2026-06-30T20:18:20,49722, 143771, 96, 59
2026-06-30T20:18:21,49722, 143771, 99, 58
2026-06-30T20:18:22,49722, 143771, 100, 58
2026-06-30T20:18:23,49722, 143771, 96, 60
2026-06-30T20:18:24,49722, 143771, 100, 59
2026-06-30T20:18:25,49722, 143771, 90, 59
2026-06-30T20:18:26,49722, 143771, 100, 58
2026-06-30T20:18:27,49722, 143771, 80, 56
2026-06-30T20:18:28,49722, 143771, 100, 58
2026-06-30T20:18:29,49722, 143771, 98, 58
2026-06-30T20:18:30,49722, 143771, 99, 59
2026-06-30T20:18:31,49722, 143771, 100, 59
2026-06-30T20:18:32,49722, 143771, 98, 58
2026-06-30T20:18:33,49722, 143771, 100, 58
2026-06-30T20:18:34,49722, 143771, 93, 58
2026-06-30T20:18:35,49722, 143771, 100, 59
2026-06-30T20:18:36,49722, 143771, 77, 58
2026-06-30T20:18:37,49722, 143771, 100, 59
2026-06-30T20:18:38,49722, 143771, 74, 58
2026-06-30T20:18:39,49722, 143771, 100, 59
2026-06-30T20:18:40,49722, 143771, 100, 57
2026-06-30T20:18:41,49722, 143771, 98, 59
2026-06-30T20:18:42,49722, 143771, 100, 59
2026-06-30T20:18:43,49722, 143771, 94, 61
2026-06-30T20:18:44,49722, 143771, 100, 59
2026-06-30T20:18:46,49722, 143771, 93, 59
2026-06-30T20:18:47,49722, 143771, 100, 59
2026-06-30T20:18:48,49722, 143771, 79, 58
2026-06-30T20:18:49,49722, 143771, 100, 58
2026-06-30T20:18:50,49722, 143771, 95, 59
2026-06-30T20:18:51,49722, 143771, 100, 59
2026-06-30T20:18:52,49722, 143771, 100, 59
2026-06-30T20:18:53,49722, 143771, 94, 60
2026-06-30T20:18:54,49722, 143771, 100, 59
2026-06-30T20:18:55,49722, 143771, 90, 59
2026-06-30T20:18:56,49722, 143771, 100, 59
2026-06-30T20:18:57,49722, 143771, 95, 59
2026-06-30T20:18:58,49722, 143771, 100, 59
2026-06-30T20:18:59,49722, 143771, 98, 58
2026-06-30T20:19:00,49722, 143771, 98, 59
2026-06-30T20:19:01,49722, 143771, 100, 58
2026-06-30T20:19:02,49722, 143771, 95, 59
2026-06-30T20:19:03,49722, 143771, 100, 59
2026-06-30T20:19:04,49722, 143771, 74, 58
2026-06-30T20:19:05,49722, 143771, 100, 59
2026-06-30T20:19:06,49722, 143771, 72, 58
2026-06-30T20:19:07,49722, 143771, 100, 59
2026-06-30T20:19:08,49722, 143771, 100, 59
2026-06-30T20:19:09,49722, 143771, 100, 59
2026-06-30T20:19:10,49722, 143771, 100, 60
2026-06-30T20:19:11,49722, 143771, 92, 59
2026-06-30T20:19:12,49722, 143771, 100, 60
2026-06-30T20:19:13,49722, 143771, 77, 58
2026-06-30T20:19:14,49722, 143771, 100, 59
2026-06-30T20:19:15,49722, 143771, 98, 59
2026-06-30T20:19:16,49722, 143771, 100, 59
2026-06-30T20:19:17,49722, 143771, 100, 58
2026-06-30T20:19:18,49722, 143771, 98, 58
2026-06-30T20:19:19,49722, 143771, 100, 59
2026-06-30T20:19:20,49722, 143771, 98, 59
2026-06-30T20:19:21,49722, 143771, 100, 59
2026-06-30T20:19:23,49722, 143771, 96, 59
2026-06-30T20:19:24,49722, 143771, 100, 59
2026-06-30T20:19:25,49722, 143771, 78, 59
2026-06-30T20:19:26,49722, 143771, 100, 58
2026-06-30T20:19:27,49722, 143771, 100, 58
2026-06-30T20:19:28,49722, 143771, 100, 59
2026-06-30T20:19:29,49722, 143771, 100, 56
2026-06-30T20:19:30,49722, 143771, 98, 59
2026-06-30T20:19:31,49722, 143771, 100, 60
2026-06-30T20:19:32,49722, 143771, 98, 59
2026-06-30T20:19:33,49722, 143771, 100, 59
2026-06-30T20:19:34,49722, 143771, 96, 59
2026-06-30T20:19:35,49722, 143771, 100, 59
2026-06-30T20:19:36,49722, 143771, 81, 59
2026-06-30T20:19:37,49722, 143771, 100, 59
2026-06-30T20:19:38,49722, 143771, 100, 57
2026-06-30T20:19:39,49722, 143771, 100, 59
2026-06-30T20:19:40,49722, 143771, 100, 59
2026-06-30T20:19:41,49722, 143771, 96, 59
2026-06-30T20:19:42,49722, 143771, 100, 59
2026-06-30T20:19:43,49722, 143771, 95, 59
2026-06-30T20:19:44,49722, 143771, 100, 58
2026-06-30T20:19:45,49722, 143771, 92, 59
2026-06-30T20:19:46,49722, 143771, 100, 59
2026-06-30T20:19:47,49722, 143771, 85, 58
2026-06-30T20:19:48,49722, 143771, 100, 59
2026-06-30T20:19:49,49722, 143771, 100, 59
2026-06-30T20:19:50,49722, 143771, 100, 59
2026-06-30T20:19:51,49722, 143771, 100, 59
2026-06-30T20:19:52,49722, 143771, 95, 61
2026-06-30T20:19:53,49722, 143771, 100, 59
2026-06-30T20:19:54,49722, 143771, 96, 59
2026-06-30T20:19:55,49722, 143771, 100, 59
2026-06-30T20:19:56,49722, 143771, 92, 59
2026-06-30T20:19:57,49722, 143771, 100, 58
2026-06-30T20:19:58,49722, 143771, 95, 57
2026-06-30T20:19:59,49722, 143771, 100, 59
2026-06-30T20:20:01,49722, 143771, 100, 59
2026-06-30T20:20:02,49722, 143771, 100, 59
2026-06-30T20:20:03,49722, 143771, 100, 59
2026-06-30T20:20:04,49722, 143771, 93, 59
2026-06-30T20:20:05,49722, 143771, 100, 59
2026-06-30T20:20:06,49722, 143771, 96, 58
2026-06-30T20:20:07,49722, 143771, 100, 59
2026-06-30T20:20:08,49722, 143771, 95, 59
2026-06-30T20:20:09,49722, 143771, 100, 59
2026-06-30T20:20:10,49722, 143771, 96, 56
2026-06-30T20:20:11,49722, 143771, 100, 59
2026-06-30T20:20:12,49722, 143771, 100, 58
2026-06-30T20:20:13,49722, 143771, 99, 61
2026-06-30T20:20:14,49722, 143771, 100, 59
2026-06-30T20:20:15,49722, 143771, 94, 59
2026-06-30T20:20:16,49722, 143771, 100, 59
2026-06-30T20:20:17,49722, 143771, 87, 58
2026-06-30T20:20:18,49722, 143771, 100, 58
2026-06-30T20:20:19,49722, 143771, 95, 58
2026-06-30T20:20:20,49722, 143771, 100, 59
2026-06-30T20:20:21,49722, 143771, 100, 58
2026-06-30T20:20:22,49722, 143771, 98, 60
2026-06-30T20:20:23,49722, 143771, 100, 59
2026-06-30T20:20:24,49722, 143771, 97, 59
2026-06-30T20:20:25,49722, 143771, 100, 59
2026-06-30T20:20:26,49722, 143771, 81, 59
2026-06-30T20:20:27,49722, 143771, 100, 58
2026-06-30T20:20:28,49722, 143771, 74, 59
2026-06-30T20:20:29,49722, 143771, 100, 59
2026-06-30T20:20:30,49722, 143771, 100, 57
2026-06-30T20:20:31,49722, 143771, 100, 59
2026-06-30T20:20:32,49722, 143771, 100, 59
2026-06-30T20:20:33,49722, 143771, 94, 61
2026-06-30T20:20:34,49722, 143771, 100, 59
2026-06-30T20:20:35,49722, 143771, 94, 58
2026-06-30T20:20:36,49722, 143771, 100, 58
2026-06-30T20:20:38,49722, 143771, 97, 59
2026-06-30T20:20:39,49722, 143771, 100, 58
2026-06-30T20:20:40,49722, 143771, 100, 59
2026-06-30T20:20:41,49722, 143771, 97, 58
2026-06-30T20:20:42,49722, 143771, 100, 59
2026-06-30T20:20:43,49722, 143771, 93, 58
2026-06-30T20:20:44,49722, 143771, 100, 58
2026-06-30T20:20:45,49722, 143771, 94, 59
2026-06-30T20:20:46,49722, 143771, 100, 59
2026-06-30T20:20:47,49722, 143771, 76, 58
2026-06-30T20:20:48,49722, 143771, 100, 59
2026-06-30T20:20:49,49722, 143771, 100, 59
2026-06-30T20:20:50,49722, 143771, 97, 59
2026-06-30T20:20:51,49722, 143771, 100, 59
2026-06-30T20:20:52,49722, 143771, 94, 61
2026-06-30T20:20:53,49722, 143771, 100, 59
2026-06-30T20:20:54,49722, 143771, 94, 58
2026-06-30T20:20:55,49722, 143771, 100, 59
2026-06-30T20:20:56,49722, 143771, 93, 59
2026-06-30T20:20:57,49722, 143771, 100, 59
2026-06-30T20:20:58,49722, 143771, 96, 59
2026-06-30T20:20:59,49722, 143771, 100, 60
2026-06-30T20:21:00,49722, 143771, 100, 60
2026-06-30T20:21:01,49722, 143771, 99, 59
2026-06-30T20:21:02,49722, 143771, 100, 59
2026-06-30T20:21:03,49722, 143771, 96, 59
2026-06-30T20:21:04,49722, 143771, 100, 59
2026-06-30T20:21:05,49722, 143771, 81, 58
2026-06-30T20:21:06,49722, 143771, 100, 59
2026-06-30T20:21:07,49722, 143771, 96, 58
2026-06-30T20:21:08,49722, 143771, 99, 59
2026-06-30T20:21:09,49722, 143771, 100, 59
2026-06-30T20:21:10,49722, 143771, 96, 59
2026-06-30T20:21:11,49722, 143771, 100, 58
2026-06-30T20:21:12,49722, 143771, 92, 58
2026-06-30T20:21:13,49722, 143771, 100, 59
2026-06-30T20:21:14,49722, 143771, 80, 58
2026-06-30T20:21:16,49722, 143771, 100, 59
2026-06-30T20:21:17,49722, 143771, 81, 58
2026-06-30T20:21:18,49722, 143771, 100, 59
2026-06-30T20:21:19,49722, 143771, 100, 59
2026-06-30T20:21:20,49722, 143771, 91, 62
2026-06-30T20:21:21,49722, 143771, 100, 59
2026-06-30T20:21:22,49722, 143771, 93, 59
2026-06-30T20:21:23,49722, 143771, 100, 59
2026-06-30T20:21:24,49722, 143771, 79, 57
2026-06-30T20:21:25,49722, 143771, 100, 59
2026-06-30T20:21:26,49722, 143771, 97, 56
2026-06-30T20:21:27,49722, 143771, 100, 59
2026-06-30T20:21:28,49722, 143771, 98, 59
2026-06-30T20:21:29,49722, 143771, 99, 59
2026-06-30T20:21:30,49722, 143771, 100, 59
2026-06-30T20:21:31,49722, 143771, 96, 59
2026-06-30T20:21:32,49722, 143771, 100, 59
2026-06-30T20:21:33,49722, 143771, 96, 59
2026-06-30T20:21:34,49722, 143771, 100, 59
2026-06-30T20:21:35,49722, 143771, 79, 57
2026-06-30T20:21:36,49722, 143771, 100, 59
2026-06-30T20:21:37,49722, 143771, 98, 59
2026-06-30T20:21:38,49722, 143771, 97, 59
2026-06-30T20:21:39,49722, 143771, 100, 58
2026-06-30T20:21:40,49722, 143771, 95, 58
2026-06-30T20:21:41,49722, 143771, 100, 59
2026-06-30T20:21:42,49722, 143771, 79, 59
2026-06-30T20:21:43,49722, 143771, 100, 59
2026-06-30T20:21:44,49722, 143771, 96, 59
2026-06-30T20:21:45,49722, 143771, 100, 58
2026-06-30T20:21:46,49722, 143771, 81, 58
2026-06-30T20:21:47,49722, 143771, 100, 60
2026-06-30T20:21:48,49722, 143771, 100, 57
2026-06-30T20:21:49,49722, 143771, 98, 59
2026-06-30T20:21:50,49722, 143771, 100, 58
2026-06-30T20:21:51,49722, 143771, 97, 59
2026-06-30T20:21:52,49722, 143771, 100, 58
2026-06-30T20:21:54,49722, 143771, 76, 58
2026-06-30T20:21:55,49722, 143771, 100, 59
2026-06-30T20:21:56,49722, 143771, 94, 59
2026-06-30T20:21:57,49722, 143771, 100, 59
2026-06-30T20:21:58,49722, 143771, 98, 59
2026-06-30T20:21:59,49722, 143771, 99, 60
2026-06-30T20:22:00,49722, 143771, 100, 59
2026-06-30T20:22:01,49722, 143771, 86, 59
2026-06-30T20:22:02,49722, 143771, 100, 58
2026-06-30T20:22:03,49722, 143771, 76, 59
2026-06-30T20:22:04,49722, 143771, 100, 59
2026-06-30T20:22:05,49722, 143771, 98, 59
2026-06-30T20:22:06,49722, 143771, 100, 59
2026-06-30T20:22:07,49722, 143771, 100, 56
2026-06-30T20:22:08,49722, 143771, 98, 58
2026-06-30T20:22:09,49722, 143771, 100, 60
2026-06-30T20:22:10,49722, 143771, 95, 59
2026-06-30T20:22:11,49722, 143771, 100, 59
2026-06-30T20:22:12,49722, 143771, 79, 59
2026-06-30T20:22:13,49722, 143771, 100, 59
2026-06-30T20:22:14,49722, 143771, 81, 58
2026-06-30T20:22:15,49722, 143771, 100, 59
2026-06-30T20:22:16,49722, 143771, 100, 59
2026-06-30T20:22:17,49722, 143771, 100, 60
2026-06-30T20:22:18,49722, 143771, 100, 58
2026-06-30T20:22:19,49722, 143771, 96, 61
2026-06-30T20:22:20,49722, 143771, 100, 59
2026-06-30T20:22:21,49722, 143771, 96, 61
2026-06-30T20:22:22,49722, 143771, 100, 59
2026-06-30T20:22:23,49722, 143771, 79, 58
2026-06-30T20:22:24,49722, 143771, 100, 58
2026-06-30T20:22:25,49722, 143771, 98, 58
2026-06-30T20:22:26,49722, 143771, 100, 58
2026-06-30T20:22:27,49722, 143771, 100, 58
2026-06-30T20:22:28,49722, 143771, 99, 60
2026-06-30T20:22:29,49722, 143771, 100, 59
2026-06-30T20:22:31,49722, 143771, 96, 59
2026-06-30T20:22:32,49722, 143771, 100, 60
2026-06-30T20:22:33,49722, 143771, 96, 59
2026-06-30T20:22:34,49722, 143771, 100, 59
2026-06-30T20:22:35,49722, 143771, 97, 55
2026-06-30T20:22:36,49722, 143771, 100, 59
2026-06-30T20:22:37,49722, 143771, 97, 58
2026-06-30T20:22:38,49722, 143771, 99, 59
2026-06-30T20:22:39,49722, 143771, 100, 59
2026-06-30T20:22:40,49722, 143771, 98, 59
2026-06-30T20:22:41,49722, 143771, 100, 59
2026-06-30T20:22:42,49722, 143771, 80, 59
2026-06-30T20:22:43,49722, 143771, 100, 59
2026-06-30T20:22:44,49722, 143771, 94, 59
2026-06-30T20:22:45,49722, 143771, 100, 58
2026-06-30T20:22:46,49722, 143771, 100, 59
2026-06-30T20:22:47,49722, 143771, 100, 58
2026-06-30T20:22:48,49722, 143771, 100, 57
2026-06-30T20:22:49,49722, 143771, 98, 59
2026-06-30T20:22:50,49722, 143771, 100, 59
2026-06-30T20:22:51,49722, 143771, 97, 59
2026-06-30T20:22:52,49722, 143771, 100, 59
2026-06-30T20:22:53,49722, 143771, 78, 59
2026-06-30T20:22:54,49722, 143771, 100, 59
2026-06-30T20:22:55,49722, 143771, 94, 59
2026-06-30T20:22:56,49722, 143771, 100, 59
2026-06-30T20:22:57,49722, 143771, 100, 58
2026-06-30T20:22:58,49722, 143771, 100, 59
2026-06-30T20:22:59,49722, 143771, 100, 59
2026-06-30T20:23:00,49722, 143771, 97, 59
2026-06-30T20:23:01,49722, 143771, 100, 59
2026-06-30T20:23:02,49722, 143771, 96, 59
2026-06-30T20:23:03,49722, 143771, 100, 59
2026-06-30T20:23:04,49722, 143771, 76, 58
2026-06-30T20:23:05,49722, 143771, 100, 59
2026-06-30T20:23:06,49722, 143771, 95, 58
2026-06-30T20:23:07,49722, 143771, 100, 59
2026-06-30T20:23:09,49722, 143771, 100, 59
2026-06-30T20:23:10,49722, 143771, 97, 59
2026-06-30T20:23:11,49722, 143771, 100, 60
2026-06-30T20:23:12,49722, 143771, 81, 59
2026-06-30T20:23:13,49722, 143771, 100, 59
2026-06-30T20:23:14,49722, 143771, 78, 59
2026-06-30T20:23:15,49722, 143771, 100, 58
2026-06-30T20:23:16,49722, 143771, 100, 58
2026-06-30T20:23:17,49722, 143771, 100, 59
2026-06-30T20:23:18,49722, 143771, 100, 59
2026-06-30T20:23:19,49722, 143771, 95, 59
2026-06-30T20:23:20,49722, 143771, 100, 59
2026-06-30T20:23:21,49722, 143771, 96, 59
2026-06-30T20:23:22,49722, 143771, 100, 58
2026-06-30T20:23:23,49722, 143771, 79, 58
2026-06-30T20:23:24,49722, 143771, 100, 59
2026-06-30T20:23:25,49722, 143771, 97, 57
2026-06-30T20:23:26,49722, 143771, 100, 59
2026-06-30T20:23:27,49722, 143771, 100, 59
2026-06-30T20:23:28,49722, 143771, 99, 61
2026-06-30T20:23:29,49722, 143771, 100, 59
2026-06-30T20:23:30,49722, 143771, 100, 57
2026-06-30T20:23:31,49722, 143771, 96, 59
2026-06-30T20:23:32,49722, 143771, 100, 59
2026-06-30T20:23:33,49722, 143771, 78, 59
2026-06-30T20:23:34,49722, 143771, 100, 59
2026-06-30T20:23:35,49722, 143771, 96, 58
2026-06-30T20:23:36,49722, 143771, 100, 59
2026-06-30T20:23:37,49722, 143771, 99, 58
2026-06-30T20:23:38,49722, 143771, 97, 60
2026-06-30T20:23:39,49722, 143771, 100, 59
2026-06-30T20:23:40,49722, 143771, 98, 59
2026-06-30T20:23:41,49722, 143771, 100, 59
2026-06-30T20:23:42,49722, 143771, 76, 59
2026-06-30T20:23:43,49722, 143771, 100, 59
2026-06-30T20:23:44,49722, 143771, 81, 59
2026-06-30T20:23:46,49722, 143771, 100, 59
2026-06-30T20:23:47,49722, 143771, 94, 57
2026-06-30T20:23:48,49722, 143771, 100, 58
2026-06-30T20:23:49,49722, 143771, 100, 59
2026-06-30T20:23:50,49722, 143771, 96, 60
2026-06-30T20:23:51,49722, 143771, 100, 59
2026-06-30T20:23:52,49722, 143771, 93, 60
2026-06-30T20:23:53,49722, 143771, 100, 59
2026-06-30T20:23:54,49722, 143771, 74, 58
2026-06-30T20:23:55,49722, 143771, 100, 60
2026-06-30T20:23:56,49722, 143771, 96, 56
2026-06-30T20:23:57,49722, 143771, 100, 59
2026-06-30T20:23:58,49722, 143771, 100, 59
2026-06-30T20:23:59,49722, 143771, 98, 58
2026-06-30T20:24:00,49722, 143771, 100, 58
2026-06-30T20:24:01,49722, 143771, 94, 59
2026-06-30T20:24:02,49722, 143771, 100, 60
2026-06-30T20:24:03,49722, 143771, 75, 58
2026-06-30T20:24:04,49722, 143771, 100, 59
2026-06-30T20:24:05,49722, 143771, 100, 58
2026-06-30T20:24:06,49722, 143771, 100, 59
2026-06-30T20:24:07,49722, 143771, 100, 58
2026-06-30T20:24:08,49722, 143771, 95, 59
2026-06-30T20:24:09,49722, 143771, 100, 59
2026-06-30T20:24:10,49722, 143771, 96, 61
2026-06-30T20:24:11,49722, 143771, 100, 59
2026-06-30T20:24:12,49722, 143771, 94, 59
2026-06-30T20:24:13,49722, 143771, 100, 59
2026-06-30T20:24:14,49722, 143771, 79, 58
2026-06-30T20:24:15,49722, 143771, 100, 59
2026-06-30T20:24:16,49722, 143771, 97, 59
2026-06-30T20:24:17,49722, 143771, 100, 59
2026-06-30T20:24:18,49722, 143771, 100, 59
2026-06-30T20:24:19,49722, 143771, 96, 61
2026-06-30T20:24:20,49722, 143771, 100, 59
2026-06-30T20:24:21,49722, 143771, 92, 59
2026-06-30T20:24:22,49722, 143771, 100, 59
2026-06-30T20:24:24,49722, 143771, 94, 59
2026-06-30T20:24:25,49722, 143771, 100, 59
2026-06-30T20:24:26,49722, 143771, 98, 59
2026-06-30T20:24:27,49722, 143771, 98, 59
2026-06-30T20:24:28,49722, 143771, 100, 59
2026-06-30T20:24:29,49722, 143771, 98, 59
2026-06-30T20:24:30,49722, 143771, 100, 59
2026-06-30T20:24:31,49722, 143771, 80, 59
2026-06-30T20:24:32,49722, 143771, 100, 59
2026-06-30T20:24:33,49722, 143771, 79, 58
2026-06-30T20:24:34,49722, 143771, 100, 59
2026-06-30T20:24:35,49722, 143771, 99, 58
2026-06-30T20:24:36,49722, 143771, 100, 59
2026-06-30T20:24:37,49722, 143771, 100, 56
2026-06-30T20:24:38,49722, 143771, 95, 59
2026-06-30T20:24:39,49722, 143771, 100, 59
2026-06-30T20:24:40,49722, 143771, 97, 60
2026-06-30T20:24:41,49722, 143771, 100, 59
2026-06-30T20:24:42,49722, 143771, 74, 58
2026-06-30T20:24:43,49722, 143771, 100, 59
2026-06-30T20:24:44,49722, 143771, 94, 56
2026-06-30T20:24:45,49722, 143771, 100, 58
2026-06-30T20:24:46,49722, 143771, 99, 59
2026-06-30T20:24:47,49722, 143771, 97, 58
2026-06-30T20:24:48,49722, 143771, 100, 59
2026-06-30T20:24:49,49722, 143771, 93, 59
2026-06-30T20:24:50,49722, 143771, 100, 59
2026-06-30T20:24:51,49722, 143771, 83, 59
2026-06-30T20:24:52,49722, 143771, 100, 59
2026-06-30T20:24:53,49722, 143771, 97, 57
2026-06-30T20:24:54,49722, 143771, 100, 59
2026-06-30T20:24:55,49722, 143771, 100, 58
2026-06-30T20:24:56,49722, 143771, 97, 58
2026-06-30T20:24:57,49722, 143771, 100, 59
2026-06-30T20:24:58,49722, 143771, 95, 59
2026-06-30T20:24:59,49722, 143771, 100, 59
2026-06-30T20:25:01,49722, 143771, 93, 59
2026-06-30T20:25:02,49722, 143771, 100, 59
2026-06-30T20:25:03,49722, 143771, 78, 59
2026-06-30T20:25:04,49722, 143771, 100, 59
2026-06-30T20:25:05,49722, 143771, 100, 60
2026-06-30T20:25:06,49722, 143771, 100, 59
2026-06-30T20:25:07,49722, 143771, 100, 59
2026-06-30T20:25:08,49722, 143771, 94, 61
2026-06-30T20:25:09,49722, 143771, 100, 59
2026-06-30T20:25:10,49722, 143771, 77, 57
2026-06-30T20:25:11,49722, 143771, 100, 59
2026-06-30T20:25:12,49722, 143771, 94, 59
2026-06-30T20:25:13,49722, 143771, 100, 59
2026-06-30T20:25:14,49722, 143771, 98, 56
2026-06-30T20:25:15,49722, 143771, 100, 59
2026-06-30T20:25:16,49722, 143771, 100, 59
2026-06-30T20:25:17,49722, 143771, 98, 59
2026-06-30T20:25:18,49722, 143771, 100, 59
2026-06-30T20:25:19,49722, 143771, 75, 59
2026-06-30T20:25:20,49722, 143771, 100, 59
2026-06-30T20:25:21,49722, 143771, 74, 58
2026-06-30T20:25:22,49722, 143771, 100, 59
2026-06-30T20:25:23,49722, 143771, 100, 57
2026-06-30T20:25:24,49722, 143771, 100, 59
2026-06-30T20:25:25,49722, 143771, 100, 59
2026-06-30T20:25:26,49722, 143771, 92, 62
2026-06-30T20:25:27,49722, 143771, 100, 59
2026-06-30T20:25:28,49722, 143771, 79, 57
2026-06-30T20:25:29,49722, 143771, 100, 59
2026-06-30T20:25:30,49722, 143771, 97, 55
2026-06-30T20:25:31,49722, 143771, 100, 59
2026-06-30T20:25:32,49722, 143771, 100, 58
2026-06-30T20:25:33,49722, 143771, 96, 58
2026-06-30T20:25:34,49722, 143771, 100, 59
2026-06-30T20:25:35,49722, 143771, 96, 59
2026-06-30T20:25:36,49722, 143771, 100, 58
2026-06-30T20:25:38,49722, 143771, 95, 59
2026-06-30T20:25:39,49722, 143771, 100, 59
2026-06-30T20:25:40,49722, 143771, 75, 58
2026-06-30T20:25:41,49722, 143771, 100, 60
2026-06-30T20:25:42,49722, 143771, 100, 60
2026-06-30T20:25:43,49722, 143771, 100, 62
2026-06-30T20:25:44,49722, 143771, 100, 59
2026-06-30T20:25:45,49722, 143771, 92, 59
2026-06-30T20:25:46,49722, 143771, 100, 59
2026-06-30T20:25:47,49722, 143771, 83, 58
2026-06-30T20:25:48,49722, 143771, 100, 59
2026-06-30T20:25:49,49722, 143771, 95, 58
2026-06-30T20:25:50,49722, 143771, 100, 59
2026-06-30T20:25:51,49722, 143771, 100, 59
2026-06-30T20:25:52,49722, 143771, 98, 59
2026-06-30T20:25:53,49722, 143771, 100, 60
2026-06-30T20:25:54,49722, 143771, 97, 59
2026-06-30T20:25:55,49722, 143771, 100, 59
2026-06-30T20:25:56,49722, 143771, 76, 59
2026-06-30T20:25:57,49722, 143771, 100, 59
2026-06-30T20:25:58,49722, 143771, 75, 58
2026-06-30T20:25:59,49722, 143771, 100, 59
2026-06-30T20:26:00,49722, 143771, 100, 59
2026-06-30T20:26:01,49722, 143771, 94, 59
2026-06-30T20:26:02,49722, 143771, 100, 58
2026-06-30T20:26:03,49722, 143771, 96, 61
2026-06-30T20:26:04,49722, 143771, 100, 59
2026-06-30T20:26:05,49722, 143771, 79, 57
2026-06-30T20:26:06,49722, 143771, 100, 59
2026-06-30T20:26:07,49722, 143771, 98, 59
2026-06-30T20:26:08,49722, 143771, 100, 58
2026-06-30T20:26:09,49722, 143771, 100, 59
2026-06-30T20:26:10,49722, 143771, 96, 59
2026-06-30T20:26:11,49722, 143771, 100, 59
2026-06-30T20:26:12,49722, 143771, 86, 58
2026-06-30T20:26:13,49722, 143771, 100, 60
2026-06-30T20:26:14,49722, 143771, 94, 59
2026-06-30T20:26:16,49722, 143771, 100, 59
2026-06-30T20:26:17,49722, 143771, 81, 58
2026-06-30T20:26:18,49722, 143771, 100, 59
2026-06-30T20:26:19,49722, 143771, 100, 60
2026-06-30T20:26:20,49722, 143771, 97, 59
2026-06-30T20:26:21,49722, 143771, 100, 59
2026-06-30T20:26:22,49722, 143771, 96, 61
2026-06-30T20:26:23,49722, 143771, 100, 59
2026-06-30T20:26:24,49722, 143771, 79, 59
2026-06-30T20:26:25,49722, 143771, 100, 59
2026-06-30T20:26:26,49722, 143771, 95, 59
2026-06-30T20:26:27,49722, 143771, 100, 59
2026-06-30T20:26:28,49722, 143771, 94, 59
2026-06-30T20:26:29,49722, 143771, 100, 59
2026-06-30T20:26:30,49722, 143771, 100, 59
2026-06-30T20:26:31,49722, 143771, 92, 62
2026-06-30T20:26:32,49722, 143771, 100, 59
2026-06-30T20:26:33,49722, 143771, 94, 59
2026-06-30T20:26:34,49722, 143771, 100, 59
2026-06-30T20:26:35,49722, 143771, 73, 56
2026-06-30T20:26:36,49722, 143771, 100, 58
2026-06-30T20:26:37,49722, 143771, 100, 56
2026-06-30T20:26:38,49722, 143771, 98, 59
2026-06-30T20:26:39,49722, 143771, 100, 59
2026-06-30T20:26:40,49722, 143771, 97, 59
2026-06-30T20:26:41,49722, 143771, 100, 60
2026-06-30T20:26:42,49722, 143771, 80, 59
2026-06-30T20:26:43,49722, 143771, 100, 58
2026-06-30T20:26:44,49722, 143771, 79, 59
2026-06-30T20:26:45,49722, 143771, 100, 60
2026-06-30T20:26:46,49722, 143771, 91, 59
2026-06-30T20:26:47,49722, 143771, 100, 59
2026-06-30T20:26:48,49722, 143771, 100, 59
2026-06-30T20:26:49,49722, 143771, 96, 61
2026-06-30T20:26:50,49722, 143771, 100, 59
2026-06-30T20:26:51,49722, 143771, 96, 59
2026-06-30T20:26:53,49722, 143771, 100, 59
2026-06-30T20:26:54,49722, 143771, 75, 56
2026-06-30T20:26:55,49722, 143771, 100, 59
2026-06-30T20:26:56,49722, 143771, 98, 58
2026-06-30T20:26:57,49722, 143771, 100, 59
2026-06-30T20:26:58,49722, 143771, 97, 59
2026-06-30T20:26:59,49722, 143771, 99, 58
2026-06-30T20:27:00,49722, 143771, 100, 59
2026-06-30T20:27:01,49722, 143771, 75, 59
2026-06-30T20:27:02,49722, 143771, 100, 59
2026-06-30T20:27:03,49722, 143771, 96, 59
2026-06-30T20:27:04,49722, 143771, 100, 59
2026-06-30T20:27:05,49722, 143771, 76, 58
2026-06-30T20:27:06,49722, 143771, 100, 59
2026-06-30T20:27:07,49722, 143771, 100, 60
2026-06-30T20:27:08,49722, 143771, 94, 59
2026-06-30T20:27:09,49722, 143771, 100, 59
2026-06-30T20:27:10,49722, 143771, 93, 60
2026-06-30T20:27:11,49722, 143771, 100, 59
2026-06-30T20:27:12,49722, 143771, 79, 58
2026-06-30T20:27:13,49722, 143771, 100, 59
2026-06-30T20:27:14,49722, 143771, 96, 59
2026-06-30T20:27:15,49722, 143771, 100, 59
2026-06-30T20:27:16,49722, 143771, 100, 59
2026-06-30T20:27:17,49722, 143771, 97, 60
2026-06-30T20:27:18,49722, 143771, 100, 59
2026-06-30T20:27:19,49722, 143771, 72, 58
2026-06-30T20:27:20,49722, 143771, 100, 59
2026-06-30T20:27:21,49722, 143771, 78, 58
2026-06-30T20:27:22,49722, 143771, 100, 59
2026-06-30T20:27:23,49722, 143771, 100, 58
2026-06-30T20:27:24,49722, 143771, 100, 59
2026-06-30T20:27:25,49722, 143771, 100, 59
2026-06-30T20:27:26,49722, 143771, 96, 60
2026-06-30T20:27:27,49722, 143771, 100, 59
2026-06-30T20:27:28,49722, 143771, 96, 62
2026-06-30T20:27:29,49722, 143771, 100, 59
2026-06-30T20:27:31,49722, 143771, 78, 58
2026-06-30T20:27:32,49722, 143771, 100, 60
2026-06-30T20:27:33,49722, 143771, 92, 57
2026-06-30T20:27:34,49722, 143771, 100, 59
2026-06-30T20:27:35,49722, 143771, 100, 60
2026-06-30T20:27:36,49722, 143771, 99, 62
2026-06-30T20:27:37,49722, 143771, 100, 59
2026-06-30T20:27:38,49722, 143771, 91, 59
2026-06-30T20:27:39,49722, 143771, 100, 59
2026-06-30T20:27:40,49722, 143771, 96, 59
2026-06-30T20:27:41,49722, 143771, 100, 59
2026-06-30T20:27:42,49722, 143771, 98, 59
2026-06-30T20:27:43,49722, 143771, 100, 59
2026-06-30T20:27:44,49722, 143771, 100, 58
2026-06-30T20:27:45,49722, 143771, 97, 59
2026-06-30T20:27:46,49722, 143771, 100, 59
2026-06-30T20:27:47,49722, 143771, 97, 59
2026-06-30T20:27:48,49722, 143771, 100, 59
2026-06-30T20:27:49,49722, 143771, 69, 57
2026-06-30T20:27:50,49722, 143771, 100, 59
2026-06-30T20:27:51,49722, 143771, 94, 59
2026-06-30T20:27:52,49722, 143771, 100, 59
2026-06-30T20:27:53,49722, 143771, 100, 60
2026-06-30T20:27:54,49722, 143771, 100, 62
2026-06-30T20:27:55,49722, 143771, 100, 59
2026-06-30T20:27:56,49722, 143771, 87, 59
2026-06-30T20:27:57,49722, 143771, 100, 60
2026-06-30T20:27:58,49722, 143771, 68, 55
2026-06-30T20:27:59,49722, 143771, 100, 59
2026-06-30T20:28:00,49722, 143771, 100, 57
2026-06-30T20:28:01,49722, 143771, 100, 60
2026-06-30T20:28:02,49722, 143771, 100, 59
2026-06-30T20:28:03,49722, 143771, 96, 62
2026-06-30T20:28:04,49722, 143771, 100, 59
2026-06-30T20:28:05,49722, 143771, 94, 59
2026-06-30T20:28:06,49722, 143771, 100, 60
2026-06-30T20:28:08,49722, 143771, 97, 57
2026-06-30T20:28:09,49722, 143771, 98, 59
2026-06-30T20:28:10,49722, 143771, 100, 60
2026-06-30T20:28:11,49722, 143771, 96, 59
2026-06-30T20:28:12,49722, 143771, 100, 59
2026-06-30T20:28:13,49722, 143771, 94, 59
2026-06-30T20:28:14,49722, 143771, 100, 59
2026-06-30T20:28:15,49722, 143771, 81, 59
2026-06-30T20:28:16,49722, 143771, 100, 59
2026-06-30T20:28:17,49722, 143771, 93, 57
2026-06-30T20:28:18,49722, 143771, 100, 59
2026-06-30T20:28:19,49722, 143771, 100, 58
2026-06-30T20:28:20,49722, 143771, 94, 60
2026-06-30T20:28:21,49722, 143771, 100, 59
2026-06-30T20:28:22,49722, 143771, 96, 62
2026-06-30T20:28:23,49722, 143771, 100, 59
2026-06-30T20:28:24,49722, 143771, 96, 59
2026-06-30T20:28:25,49722, 143771, 100, 59
2026-06-30T20:28:26,49722, 143771, 80, 59
2026-06-30T20:28:27,49722, 143771, 100, 59
2026-06-30T20:28:28,49722, 143771, 95, 59
2026-06-30T20:28:29,49722, 143771, 100, 60
2026-06-30T20:28:30,49722, 143771, 100, 60
2026-06-30T20:28:31,49722, 143771, 97, 60
2026-06-30T20:28:32,49722, 143771, 100, 59
2026-06-30T20:28:33,49722, 143771, 96, 63
2026-06-30T20:28:34,49722, 143771, 100, 59
2026-06-30T20:28:35,49722, 143771, 94, 59
2026-06-30T20:28:36,49722, 143771, 100, 59
2026-06-30T20:28:37,49722, 143771, 79, 58
2026-06-30T20:28:38,49722, 143771, 100, 59
2026-06-30T20:28:39,49722, 143771, 96, 59
2026-06-30T20:28:40,49722, 143771, 100, 59
2026-06-30T20:28:41,49722, 143771, 100, 59
2026-06-30T20:28:42,49722, 143771, 96, 62
2026-06-30T20:28:43,49722, 143771, 100, 59
2026-06-30T20:28:44,49722, 143771, 93, 59
2026-06-30T20:28:46,49722, 143771, 100, 59
2026-06-30T20:28:47,49722, 143771, 88, 58
2026-06-30T20:28:48,49722, 143771, 100, 60
2026-06-30T20:28:49,49722, 143771, 97, 55
2026-06-30T20:28:50,49722, 143771, 100, 59
2026-06-30T20:28:51,49722, 143771, 97, 59
2026-06-30T20:28:52,49722, 143771, 100, 59
2026-06-30T20:28:53,49722, 143771, 100, 59
2026-06-30T20:28:54,49722, 143771, 96, 59
2026-06-30T20:28:55,49722, 143771, 100, 59
2026-06-30T20:28:56,49722, 143771, 80, 59
2026-06-30T20:28:57,49722, 143771, 100, 60
2026-06-30T20:28:58,49722, 143771, 80, 59
2026-06-30T20:28:59,49722, 143771, 100, 60
2026-06-30T20:29:00,49722, 143771, 100, 59
2026-06-30T20:29:01,49722, 143771, 99, 59
2026-06-30T20:29:02,49722, 143771, 100, 59
2026-06-30T20:29:03,49722, 143771, 96, 59
2026-06-30T20:29:04,49722, 143771, 100, 60
2026-06-30T20:29:05,49722, 143771, 96, 59
2026-06-30T20:29:06,49722, 143771, 100, 59
2026-06-30T20:29:07,49722, 143771, 84, 59
2026-06-30T20:29:08,49722, 143771, 100, 59
2026-06-30T20:29:09,49722, 143771, 80, 58
2026-06-30T20:29:10,49722, 143771, 100, 59
2026-06-30T20:29:11,49722, 143771, 100, 59
2026-06-30T20:29:12,49722, 143771, 94, 59
2026-06-30T20:29:13,49722, 143771, 100, 59
2026-06-30T20:29:14,49722, 143771, 96, 61
2026-06-30T20:29:15,49722, 143771, 100, 59
2026-06-30T20:29:16,49722, 143771, 96, 59
2026-06-30T20:29:17,49722, 143771, 100, 60
2026-06-30T20:29:18,49722, 143771, 80, 59
2026-06-30T20:29:19,49722, 143771, 100, 59
2026-06-30T20:29:20,49722, 143771, 83, 59
2026-06-30T20:29:21,49722, 143771, 100, 59
2026-06-30T20:29:22,49722, 143771, 100, 59
2026-06-30T20:29:24,49722, 143771, 96, 60
2026-06-30T20:29:25,49722, 143771, 100, 59
2026-06-30T20:29:26,49722, 143771, 93, 59
2026-06-30T20:29:27,49722, 143771, 100, 58
2026-06-30T20:29:28,49722, 143771, 93, 59
2026-06-30T20:29:29,49722, 143771, 100, 59
2026-06-30T20:29:30,49722, 143771, 100, 58
2026-06-30T20:29:31,49722, 143771, 98, 59
2026-06-30T20:29:32,49722, 143771, 100, 59
2026-06-30T20:29:33,49722, 143771, 94, 60
2026-06-30T20:29:34,49722, 143771, 100, 58
2026-06-30T20:29:35,49722, 143771, 80, 59
2026-06-30T20:29:36,49722, 143771, 100, 59
2026-06-30T20:29:37,49722, 143771, 78, 58
2026-06-30T20:29:38,49722, 143771, 100, 60
2026-06-30T20:29:39,49722, 143771, 94, 60
2026-06-30T20:29:40,49722, 143771, 100, 59
2026-06-30T20:29:41,49722, 143771, 100, 59
2026-06-30T20:29:42,49722, 143771, 93, 62
2026-06-30T20:29:43,49722, 143771, 100, 59
2026-06-30T20:29:44,49722, 143771, 96, 59
2026-06-30T20:29:45,49722, 143771, 100, 60
2026-06-30T20:29:46,49722, 143771, 97, 56
2026-06-30T20:29:47,49722, 143771, 100, 59
2026-06-30T20:29:48,49722, 143771, 98, 59
2026-06-30T20:29:49,49722, 143771, 99, 59
2026-06-30T20:29:50,49722, 143771, 100, 59
2026-06-30T20:29:51,49722, 143771, 98, 59
2026-06-30T20:29:52,49722, 143771, 100, 59
2026-06-30T20:29:53,49722, 143771, 91, 59
2026-06-30T20:29:54,49722, 143771, 100, 59
2026-06-30T20:29:55,49722, 143771, 78, 59
2026-06-30T20:29:56,49722, 143771, 100, 59
2026-06-30T20:29:57,49722, 143771, 100, 58
2026-06-30T20:29:58,49722, 143771, 100, 59
2026-06-30T20:29:59,49722, 143771, 100, 57
2026-06-30T20:30:01,49722, 143771, 96, 59
2026-06-30T20:30:02,49722, 143771, 100, 59
2026-06-30T20:30:03,49722, 143771, 96, 62
2026-06-30T20:30:04,49722, 143771, 100, 59
2026-06-30T20:30:05,49722, 143771, 94, 59
2026-06-30T20:30:06,49722, 143771, 100, 59
2026-06-30T20:30:07,49722, 143771, 88, 57
2026-06-30T20:30:08,49722, 143771, 100, 59
2026-06-30T20:30:09,49722, 143771, 98, 59
2026-06-30T20:30:10,49722, 143771, 100, 62
2026-06-30T20:30:11,49722, 143771, 100, 59
2026-06-30T20:30:12,49722, 143771, 96, 60
2026-06-30T20:30:13,49722, 143771, 100, 60
2026-06-30T20:30:14,49722, 143771, 75, 59
2026-06-30T20:30:15,49722, 143771, 100, 59
2026-06-30T20:30:16,49722, 143771, 99, 58
2026-06-30T20:30:17,49722, 143771, 100, 59
2026-06-30T20:30:18,49722, 143771, 100, 57
2026-06-30T20:30:19,49722, 143771, 98, 59
2026-06-30T20:30:20,49722, 143771, 100, 59
2026-06-30T20:30:21,49722, 143771, 94, 59
2026-06-30T20:30:22,49722, 143771, 100, 59
2026-06-30T20:30:23,49722, 143771, 83, 59
2026-06-30T20:30:24,49722, 143771, 100, 59
2026-06-30T20:30:25,49722, 143771, 80, 59
2026-06-30T20:30:26,49722, 143771, 100, 59
2026-06-30T20:30:27,49722, 143771, 100, 56
2026-06-30T20:30:28,49722, 143771, 100, 59
2026-06-30T20:30:29,49722, 143771, 100, 59
2026-06-30T20:30:30,49722, 143771, 96, 59
2026-06-30T20:30:31,49722, 143771, 100, 58
2026-06-30T20:30:32,49722, 143771, 96, 59
2026-06-30T20:30:33,49722, 143771, 100, 59
2026-06-30T20:30:34,49722, 143771, 80, 58
2026-06-30T20:30:35,49722, 143771, 100, 59
2026-06-30T20:30:36,49722, 143771, 98, 56
2026-06-30T20:30:37,49722, 143771, 100, 59
2026-06-30T20:30:39,49722, 143771, 100, 59
2026-06-30T20:30:40,49722, 143771, 99, 60
2026-06-30T20:30:41,49722, 143771, 100, 59
2026-06-30T20:30:42,49722, 143771, 96, 59
2026-06-30T20:30:43,49722, 143771, 100, 59
2026-06-30T20:30:44,49722, 143771, 77, 57
2026-06-30T20:30:45,49722, 143771, 100, 59
2026-06-30T20:30:46,49722, 143771, 97, 59
2026-06-30T20:30:47,49722, 143771, 100, 59
2026-06-30T20:30:48,49722, 143771, 100, 59
2026-06-30T20:30:49,49722, 143771, 98, 59
2026-06-30T20:30:50,49722, 143771, 100, 59
2026-06-30T20:30:51,49722, 143771, 96, 59
2026-06-30T20:30:52,49722, 143771, 100, 59
2026-06-30T20:30:53,49722, 143771, 92, 59
2026-06-30T20:30:54,49722, 143771, 100, 59
2026-06-30T20:30:55,49722, 143771, 88, 59
2026-06-30T20:30:56,49722, 143771, 100, 60
2026-06-30T20:30:57,49722, 143771, 100, 59
2026-06-30T20:30:58,49722, 143771, 100, 61
2026-06-30T20:30:59,49722, 143771, 100, 59
2026-06-30T20:31:00,49722, 143771, 92, 59
2026-06-30T20:31:01,49722, 143771, 100, 60
2026-06-30T20:31:02,49722, 143771, 83, 58
2026-06-30T20:31:03,49722, 143771, 100, 59
2026-06-30T20:31:04,49722, 143771, 96, 59
2026-06-30T20:31:05,49722, 143771, 100, 60
2026-06-30T20:31:06,49722, 143771, 98, 59
2026-06-30T20:31:07,49722, 143771, 99, 59
2026-06-30T20:31:08,49722, 143771, 100, 59
2026-06-30T20:31:09,49722, 143771, 99, 62
2026-06-30T20:31:10,49722, 143771, 100, 59
2026-06-30T20:31:11,49722, 143771, 96, 59
2026-06-30T20:31:12,49722, 143771, 100, 59
2026-06-30T20:31:13,49722, 143771, 76, 57
2026-06-30T20:31:14,49722, 143771, 100, 60
2026-06-30T20:31:15,49722, 143771, 98, 58
2026-06-30T20:31:17,49722, 143771, 98, 59
2026-06-30T20:31:18,49722, 143771, 100, 60
2026-06-30T20:31:19,49722, 143771, 96, 59
2026-06-30T20:31:20,49722, 143771, 100, 59
2026-06-30T20:31:21,49722, 143771, 94, 59
2026-06-30T20:31:22,49722, 143771, 100, 59
2026-06-30T20:31:23,49722, 143771, 78, 59
2026-06-30T20:31:24,49722, 143771, 100, 60
2026-06-30T20:31:25,49722, 143771, 91, 58
2026-06-30T20:31:26,49722, 143771, 100, 60
2026-06-30T20:31:27,49722, 143771, 100, 59
2026-06-30T20:31:28,49722, 143771, 96, 63
2026-06-30T20:31:29,49722, 143771, 100, 60
2026-06-30T20:31:30,49722, 143771, 93, 59
2026-06-30T20:31:31,49722, 143771, 100, 59
2026-06-30T20:31:32,49722, 143771, 77, 57
2026-06-30T20:31:33,49722, 143771, 100, 60
2026-06-30T20:31:34,49722, 143771, 99, 59
2026-06-30T20:31:35,49722, 143771, 100, 58
2026-06-30T20:31:36,49722, 143771, 100, 60
2026-06-30T20:31:37,49722, 143771, 97, 60
2026-06-30T20:31:38,49722, 143771, 100, 59
2026-06-30T20:31:39,49722, 143771, 97, 59
2026-06-30T20:31:40,49722, 143771, 100, 59
2026-06-30T20:31:41,49722, 143771, 96, 59
2026-06-30T20:31:42,49722, 143771, 100, 60
2026-06-30T20:31:43,49722, 143771, 77, 59
2026-06-30T20:31:44,49722, 143771, 100, 59
2026-06-30T20:31:45,49722, 143771, 100, 59
2026-06-30T20:31:46,49722, 143771, 94, 60
2026-06-30T20:31:47,49722, 143771, 100, 60
2026-06-30T20:31:48,49722, 143771, 96, 59
2026-06-30T20:31:49,49722, 143771, 100, 59
2026-06-30T20:31:50,49722, 143771, 88, 58
2026-06-30T20:31:51,49722, 143771, 100, 59
2026-06-30T20:31:52,49722, 143771, 97, 59
2026-06-30T20:31:54,49722, 143771, 100, 60
2026-06-30T20:31:55,49722, 143771, 98, 59
2026-06-30T20:31:56,49722, 143771, 99, 60
2026-06-30T20:31:57,49722, 143771, 100, 60
2026-06-30T20:31:58,49722, 143771, 92, 59
2026-06-30T20:31:59,49722, 143771, 100, 60
2026-06-30T20:32:00,49722, 143771, 80, 59
2026-06-30T20:32:01,49722, 143771, 100, 60
2026-06-30T20:32:02,49722, 143771, 83, 58
2026-06-30T20:32:03,49722, 143771, 100, 59
2026-06-30T20:32:04,49722, 143771, 99, 59
2026-06-30T20:32:05,49722, 143771, 100, 60
2026-06-30T20:32:06,49722, 143771, 100, 59
2026-06-30T20:32:07,49722, 143771, 97, 59
2026-06-30T20:32:08,49722, 143771, 100, 60
2026-06-30T20:32:09,49722, 143771, 81, 60
2026-06-30T20:32:10,49722, 143771, 100, 60
2026-06-30T20:32:11,49722, 143771, 76, 59
2026-06-30T20:32:12,49722, 143771, 100, 60
2026-06-30T20:32:13,49722, 143771, 81, 58
2026-06-30T20:32:14,49722, 143771, 100, 60
2026-06-30T20:32:15,49722, 143771, 100, 59
2026-06-30T20:32:16,49722, 143771, 94, 60
2026-06-30T20:32:17,49722, 143771, 100, 59
2026-06-30T20:32:18,49722, 143771, 91, 59
2026-06-30T20:32:19,49722, 143771, 100, 59
2026-06-30T20:32:20,49722, 143771, 84, 59
2026-06-30T20:32:21,49722, 143771, 100, 60
2026-06-30T20:32:22,49722, 143771, 97, 57
2026-06-30T20:32:23,49722, 143771, 100, 60
2026-06-30T20:32:24,49722, 143771, 98, 60
2026-06-30T20:32:25,49722, 143771, 97, 59
2026-06-30T20:32:26,49722, 143771, 100, 59
2026-06-30T20:32:27,49722, 143771, 76, 59
2026-06-30T20:32:28,49722, 143771, 100, 59
2026-06-30T20:32:29,49722, 143771, 96, 60
2026-06-30T20:32:30,49722, 143771, 100, 59
2026-06-30T20:32:32,49722, 143771, 100, 59
2026-06-30T20:32:33,49722, 143771, 100, 60
2026-06-30T20:32:34,49722, 143771, 100, 59
2026-06-30T20:32:35,49722, 143771, 97, 60
2026-06-30T20:32:36,49722, 143771, 100, 59
2026-06-30T20:32:37,49722, 143771, 96, 63
2026-06-30T20:32:38,49722, 143771, 100, 60
2026-06-30T20:32:39,49722, 143771, 78, 59
2026-06-30T20:32:40,49722, 143771, 100, 59
2026-06-30T20:32:41,49722, 143771, 95, 59
2026-06-30T20:32:42,49722, 143771, 100, 59
2026-06-30T20:32:43,49722, 143771, 100, 60
2026-06-30T20:32:44,49722, 143771, 100, 63
2026-06-30T20:32:45,49722, 143771, 100, 60
2026-06-30T20:32:46,49722, 143771, 86, 59
2026-06-30T20:32:47,49722, 143771, 100, 59
2026-06-30T20:32:48,49722, 143771, 75, 59
2026-06-30T20:32:49,49722, 143771, 100, 60
2026-06-30T20:32:50,49722, 143771, 100, 58
2026-06-30T20:32:51,49722, 143771, 100, 59
2026-06-30T20:32:52,49722, 143771, 100, 60
2026-06-30T20:32:53,49722, 143771, 96, 60
2026-06-30T20:32:54,49722, 143771, 100, 59
2026-06-30T20:32:55,49722, 143771, 91, 59
2026-06-30T20:32:56,49722, 143771, 100, 59
2026-06-30T20:32:57,49722, 143771, 95, 56
2026-06-30T20:32:58,49722, 143771, 100, 59
2026-06-30T20:32:59,49722, 143771, 98, 59
2026-06-30T20:33:00,49722, 143771, 98, 59
2026-06-30T20:33:01,49722, 143771, 100, 59
2026-06-30T20:33:02,49722, 143771, 98, 60
2026-06-30T20:33:03,49722, 143771, 100, 58
2026-06-30T20:33:04,49722, 143771, 78, 59
2026-06-30T20:33:05,49722, 143771, 100, 60
2026-06-30T20:33:06,49722, 143771, 94, 57
2026-06-30T20:33:07,49722, 143771, 100, 60
2026-06-30T20:33:09,49722, 143771, 100, 60
2026-06-30T20:33:10,49722, 143771, 100, 60
2026-06-30T20:33:11,49722, 143771, 100, 60
2026-06-30T20:33:12,49722, 143771, 96, 61
2026-06-30T20:33:13,49722, 143771, 100, 59
2026-06-30T20:33:14,49722, 143771, 92, 58
2026-06-30T20:33:15,49722, 143771, 100, 59
2026-06-30T20:33:16,49722, 143771, 95, 56
2026-06-30T20:33:17,49722, 143771, 100, 60
2026-06-30T20:33:18,49722, 143771, 97, 60
2026-06-30T20:33:19,49722, 143771, 99, 59
2026-06-30T20:33:20,49722, 143771, 100, 59
2026-06-30T20:33:21,49722, 143771, 94, 59
2026-06-30T20:33:22,49722, 143771, 100, 59
2026-06-30T20:33:23,49722, 143771, 77, 59
2026-06-30T20:33:24,49722, 143771, 100, 59
2026-06-30T20:33:25,49722, 143771, 72, 59
2026-06-30T20:33:26,49722, 143771, 100, 59
2026-06-30T20:33:27,49722, 143771, 100, 59
2026-06-30T20:33:28,49722, 143771, 94, 61
2026-06-30T20:33:29,49722, 143771, 100, 59
2026-06-30T20:33:30,49722, 143771, 96, 62
2026-06-30T20:33:31,49722, 143771, 100, 59
2026-06-30T20:33:32,49722, 143771, 94, 59
2026-06-30T20:33:33,49722, 143771, 100, 59
2026-06-30T20:33:34,49722, 143771, 97, 57
2026-06-30T20:33:35,49722, 143771, 100, 59
2026-06-30T20:33:36,49722, 143771, 98, 59
2026-06-30T20:33:37,49722, 143771, 99, 59
2026-06-30T20:33:38,49722, 143771, 100, 59
2026-06-30T20:33:39,49722, 143771, 94, 60
2026-06-30T20:33:40,49722, 143771, 100, 58
2026-06-30T20:33:41,49722, 143771, 89, 59
2026-06-30T20:33:42,49722, 143771, 100, 59
2026-06-30T20:33:43,49722, 143771, 96, 59
2026-06-30T20:33:44,49722, 143771, 100, 60
2026-06-30T20:33:45,49722, 143771, 98, 59
2026-06-30T20:33:47,49722, 143771, 97, 59
2026-06-30T20:33:48,49722, 143771, 100, 59
2026-06-30T20:33:49,49722, 143771, 95, 60
2026-06-30T20:33:50,49722, 143771, 100, 60
2026-06-30T20:33:51,49722, 143771, 78, 59
2026-06-30T20:33:52,49722, 143771, 100, 59
2026-06-30T20:33:53,49722, 143771, 80, 59
2026-06-30T20:33:54,49722, 143771, 100, 59
2026-06-30T20:33:55,49722, 143771, 95, 60
2026-06-30T20:33:56,49722, 143771, 100, 59
2026-06-30T20:33:57,49722, 143771, 100, 60
2026-06-30T20:33:58,49722, 143771, 96, 62
2026-06-30T20:33:59,49722, 143771, 100, 59
2026-06-30T20:34:00,49722, 143771, 96, 59
2026-06-30T20:34:01,49722, 143771, 100, 59
2026-06-30T20:34:02,49722, 143771, 97, 56
2026-06-30T20:34:03,49722, 143771, 100, 59
2026-06-30T20:34:04,49722, 143771, 100, 59
2026-06-30T20:34:05,49722, 143771, 99, 59
2026-06-30T20:34:06,49722, 143771, 100, 59
2026-06-30T20:34:07,49722, 143771, 94, 59
2026-06-30T20:34:08,49722, 143771, 100, 59
2026-06-30T20:34:09,49722, 143771, 96, 60
2026-06-30T20:34:10,49722, 143771, 100, 59
2026-06-30T20:34:11,49722, 143771, 76, 59
2026-06-30T20:34:12,49722, 143771, 100, 59
2026-06-30T20:34:13,49722, 143771, 100, 60
2026-06-30T20:34:14,49722, 143771, 100, 62
2026-06-30T20:34:15,49722, 143771, 100, 59
2026-06-30T20:34:16,49722, 143771, 94, 61
2026-06-30T20:34:17,49722, 143771, 100, 60
2026-06-30T20:34:18,49722, 143771, 93, 59
2026-06-30T20:34:19,49722, 143771, 100, 59
2026-06-30T20:34:20,49722, 143771, 96, 59
2026-06-30T20:34:21,49722, 143771, 100, 59
2026-06-30T20:34:22,49722, 143771, 97, 57
2026-06-30T20:34:24,49722, 143771, 100, 60
2026-06-30T20:34:25,49722, 143771, 100, 60
2026-06-30T20:34:26,49722, 143771, 99, 60
2026-06-30T20:34:27,49722, 143771, 100, 59
2026-06-30T20:34:28,49722, 143771, 86, 59
2026-06-30T20:34:29,49722, 143771, 100, 60
2026-06-30T20:34:30,49722, 143771, 77, 59
2026-06-30T20:34:31,49722, 143771, 100, 59
2026-06-30T20:34:32,49722, 143771, 98, 59
2026-06-30T20:34:33,49722, 143771, 100, 59
2026-06-30T20:34:34,49722, 143771, 100, 59
2026-06-30T20:34:35,49722, 143771, 96, 59
2026-06-30T20:34:36,49722, 143771, 100, 59
2026-06-30T20:34:37,49722, 143771, 97, 60
2026-06-30T20:34:38,49722, 143771, 100, 59
2026-06-30T20:34:39,49722, 143771, 75, 59
2026-06-30T20:34:40,49722, 143771, 100, 60
2026-06-30T20:34:41,49722, 143771, 77, 59
2026-06-30T20:34:42,49722, 143771, 100, 60
2026-06-30T20:34:43,49722, 143771, 100, 60
2026-06-30T20:34:44,49722, 143771, 100, 62
2026-06-30T20:34:45,49722, 143771, 100, 59
2026-06-30T20:34:46,49722, 143771, 96, 62
2026-06-30T20:34:47,49722, 143771, 100, 59
2026-06-30T20:34:48,49722, 143771, 87, 57
2026-06-30T20:34:49,49722, 143771, 100, 60
2026-06-30T20:34:50,49722, 143771, 97, 59
2026-06-30T20:34:51,49722, 143771, 100, 60
2026-06-30T20:34:52,49722, 143771, 100, 58
2026-06-30T20:34:53,49722, 143771, 98, 58
2026-06-30T20:34:54,49722, 143771, 100, 60
2026-06-30T20:34:55,49722, 143771, 97, 60
2026-06-30T20:34:56,49722, 143771, 100, 59
2026-06-30T20:34:57,49722, 143771, 93, 59
2026-06-30T20:34:58,49722, 143771, 100, 60
2026-06-30T20:34:59,49722, 143771, 76, 58
2026-06-30T20:35:00,49722, 143771, 100, 59
2026-06-30T20:35:02,49722, 143771, 100, 60
2026-06-30T20:35:03,49722, 143771, 100, 59
2026-06-30T20:35:04,49722, 143771, 100, 60
2026-06-30T20:35:05,49722, 143771, 96, 60
2026-06-30T20:35:06,49722, 143771, 100, 59
2026-06-30T20:35:07,49722, 143771, 90, 58
2026-06-30T20:35:08,49722, 143771, 100, 60
2026-06-30T20:35:09,49722, 143771, 96, 59
2026-06-30T20:35:10,49722, 143771, 97, 59
2026-06-30T20:35:11,49722, 143771, 100, 59
2026-06-30T20:35:12,49722, 143771, 93, 60
2026-06-30T20:35:13,49722, 143771, 100, 60
2026-06-30T20:35:14,49722, 143771, 94, 59
2026-06-30T20:35:15,49722, 143771, 100, 59
2026-06-30T20:35:16,49722, 143771, 74, 59
2026-06-30T20:35:17,49722, 143771, 100, 60
2026-06-30T20:35:18,49722, 143771, 96, 60
2026-06-30T20:35:19,49722, 143771, 100, 60
2026-06-30T20:35:20,49722, 143771, 100, 59
2026-06-30T20:35:21,49722, 143771, 93, 60
2026-06-30T20:35:22,49722, 143771, 100, 60
2026-06-30T20:35:23,49722, 143771, 93, 59
2026-06-30T20:35:24,49722, 143771, 100, 60
2026-06-30T20:35:25,49722, 143771, 71, 56
2026-06-30T20:35:26,49722, 143771, 100, 59
2026-06-30T20:35:27,49722, 143771, 100, 58
2026-06-30T20:35:28,49722, 143771, 98, 60
2026-06-30T20:35:29,49722, 143771, 100, 59
2026-06-30T20:35:30,49722, 143771, 94, 61
2026-06-30T20:35:31,49722, 143771, 100, 59
2026-06-30T20:35:32,49722, 143771, 77, 59
2026-06-30T20:35:33,49722, 143771, 100, 59
2026-06-30T20:35:34,49722, 143771, 95, 59
2026-06-30T20:35:35,49722, 143771, 100, 60
2026-06-30T20:35:36,49722, 143771, 97, 59
2026-06-30T20:35:37,49722, 143771, 100, 59
2026-06-30T20:35:38,49722, 143771, 100, 60
2026-06-30T20:35:40,49722, 143771, 96, 60
2026-06-30T20:35:41,49722, 143771, 100, 59
2026-06-30T20:35:42,49722, 143771, 75, 59
2026-06-30T20:35:43,49722, 143771, 100, 59
2026-06-30T20:35:44,49722, 143771, 98, 59
2026-06-30T20:35:45,49722, 143771, 100, 59
2026-06-30T20:35:46,49722, 143771, 100, 58
2026-06-30T20:35:47,49722, 143771, 98, 60
2026-06-30T20:35:48,49722, 143771, 100, 59
2026-06-30T20:35:49,49722, 143771, 94, 60
2026-06-30T20:35:50,49722, 143771, 100, 60
2026-06-30T20:35:51,49722, 143771, 76, 59
2026-06-30T20:35:52,49722, 143771, 100, 59
2026-06-30T20:35:53,49722, 143771, 86, 58
2026-06-30T20:35:54,49722, 143771, 100, 59
2026-06-30T20:35:55,49722, 143771, 100, 60
2026-06-30T20:35:56,49722, 143771, 100, 62
2026-06-30T20:35:57,49722, 143771, 100, 60
2026-06-30T20:35:58,49722, 143771, 96, 61
2026-06-30T20:35:59,49722, 143771, 100, 59
2026-06-30T20:36:00,49722, 143771, 96, 59
2026-06-30T20:36:01,49722, 143771, 100, 59
2026-06-30T20:36:02,49722, 143771, 95, 56
2026-06-30T20:36:03,49722, 143771, 100, 59
2026-06-30T20:36:04,49722, 143771, 98, 59
2026-06-30T20:36:05,49722, 143771, 99, 59
2026-06-30T20:36:06,49722, 143771, 100, 60
2026-06-30T20:36:07,49722, 143771, 98, 59
2026-06-30T20:36:08,49722, 143771, 100, 59
2026-06-30T20:36:09,49722, 143771, 80, 59
2026-06-30T20:36:10,49722, 143771, 100, 59
2026-06-30T20:36:11,49722, 143771, 93, 58
2026-06-30T20:36:12,49722, 143771, 100, 60
2026-06-30T20:36:13,49722, 143771, 100, 58
2026-06-30T20:36:14,49722, 143771, 100, 60
2026-06-30T20:36:15,49722, 143771, 100, 60
2026-06-30T20:36:16,49722, 143771, 96, 61
2026-06-30T20:36:18,49722, 143771, 100, 60
2026-06-30T20:36:19,49722, 143771, 96, 59
2026-06-30T20:36:20,49722, 143771, 100, 60
2026-06-30T20:36:21,49722, 143771, 88, 59
2026-06-30T20:36:22,49722, 143771, 100, 59
2026-06-30T20:36:23,49722, 143771, 97, 59
2026-06-30T20:36:24,49722, 143771, 99, 59
2026-06-30T20:36:25,49722, 143771, 100, 60
2026-06-30T20:36:26,49722, 143771, 95, 59
2026-06-30T20:36:27,49722, 143771, 100, 60
2026-06-30T20:36:28,49722, 143771, 72, 59
2026-06-30T20:36:29,49722, 143771, 100, 60
2026-06-30T20:36:30,49722, 143771, 78, 58
2026-06-30T20:36:31,49722, 143771, 100, 60
2026-06-30T20:36:32,49722, 143771, 100, 60
2026-06-30T20:36:33,49722, 143771, 97, 60
2026-06-30T20:36:34,49722, 143771, 100, 59
2026-06-30T20:36:35,49722, 143771, 96, 63
2026-06-30T20:36:36,49722, 143771, 53, 56
2026-06-30T20:36:37,49722, 143771, 100, 58
2026-06-30T20:36:38,49722, 143771, 96, 61
2026-06-30T20:36:39,49722, 143771, 100, 59
2026-06-30T20:36:40,49722, 143771, 94, 59
2026-06-30T20:36:41,49722, 143771, 100, 60
2026-06-30T20:36:42,49722, 143771, 86, 58
2026-06-30T20:36:43,49722, 143771, 100, 60
2026-06-30T20:36:44,49722, 143771, 100, 60
2026-06-30T20:36:45,49722, 143771, 100, 62
2026-06-30T20:36:46,49722, 143771, 100, 59
2026-06-30T20:36:47,49722, 143771, 93, 59
2026-06-30T20:36:48,49722, 143771, 100, 59
2026-06-30T20:36:49,49722, 143771, 76, 59
2026-06-30T20:36:50,49722, 143771, 100, 60
2026-06-30T20:36:51,49722, 143771, 100, 58
2026-06-30T20:36:52,49722, 143771, 100, 59
2026-06-30T20:36:53,49722, 143771, 100, 57
2026-06-30T20:36:55,49722, 143771, 97, 59
2026-06-30T20:36:56,49722, 143771, 100, 59
2026-06-30T20:36:57,49722, 143771, 94, 59
2026-06-30T20:36:58,49722, 143771, 100, 60
2026-06-30T20:36:59,49722, 143771, 79, 59
2026-06-30T20:37:00,49722, 143771, 100, 60
2026-06-30T20:37:01,49722, 143771, 75, 58
2026-06-30T20:37:02,49722, 143771, 100, 60
2026-06-30T20:37:03,49722, 143771, 100, 59
2026-06-30T20:37:04,49722, 143771, 100, 60
2026-06-30T20:37:05,49722, 143771, 100, 60
2026-06-30T20:37:06,49722, 143771, 96, 62
2026-06-30T20:37:07,49722, 143771, 100, 60
2026-06-30T20:37:08,49722, 143771, 96, 59
2026-06-30T20:37:09,49722, 143771, 100, 59
2026-06-30T20:37:10,49722, 143771, 97, 55
2026-06-30T20:37:11,49722, 143771, 100, 59
2026-06-30T20:37:12,49722, 143771, 98, 59
2026-06-30T20:37:13,49722, 143771, 99, 60
2026-06-30T20:37:14,49722, 143771, 100, 59
2026-06-30T20:37:15,49722, 143771, 98, 60
2026-06-30T20:37:16,49722, 143771, 100, 60
2026-06-30T20:37:17,49722, 143771, 96, 60
2026-06-30T20:37:18,49722, 143771, 100, 59
2026-06-30T20:37:19,49722, 143771, 74, 59
2026-06-30T20:37:20,49722, 143771, 100, 59
2026-06-30T20:37:21,49722, 143771, 100, 59
2026-06-30T20:37:22,49722, 143771, 100, 60
2026-06-30T20:37:23,49722, 143771, 100, 59
2026-06-30T20:37:24,49722, 143771, 92, 61
2026-06-30T20:37:25,49722, 143771, 100, 59
2026-06-30T20:37:26,49722, 143771, 89, 58
2026-06-30T20:37:27,49722, 143771, 100, 59
2026-06-30T20:37:28,49722, 143771, 96, 59
2026-06-30T20:37:29,49722, 143771, 99, 59
2026-06-30T20:37:30,49722, 143771, 100, 60
2026-06-30T20:37:31,49722, 143771, 98, 59
2026-06-30T20:37:33,49722, 143771, 100, 59
2026-06-30T20:37:34,49722, 143771, 96, 59
2026-06-30T20:37:35,49722, 143771, 100, 59
2026-06-30T20:37:36,49722, 143771, 75, 59
2026-06-30T20:37:37,49722, 143771, 100, 59
2026-06-30T20:37:38,49722, 143771, 93, 58
2026-06-30T20:37:39,49722, 143771, 100, 59
2026-06-30T20:37:40,49722, 143771, 100, 59
2026-06-30T20:37:41,49722, 143771, 100, 61
2026-06-30T20:37:42,49722, 143771, 100, 60
2026-06-30T20:37:43,49722, 143771, 92, 59
2026-06-30T20:37:44,49722, 143771, 100, 59
2026-06-30T20:37:45,49722, 143771, 77, 57
2026-06-30T20:37:46,49722, 143771, 100, 59
2026-06-30T20:37:47,49722, 143771, 98, 59
2026-06-30T20:37:48,49722, 143771, 99, 59
2026-06-30T20:37:49,49722, 143771, 100, 60
2026-06-30T20:37:50,49722, 143771, 98, 60
2026-06-30T20:37:51,49722, 143771, 100, 60
2026-06-30T20:37:52,49722, 143771, 80, 59
2026-06-30T20:37:53,49722, 143771, 100, 59
2026-06-30T20:37:54,49722, 143771, 94, 60
2026-06-30T20:37:55,49722, 143771, 100, 60
2026-06-30T20:37:56,49722, 143771, 82, 58
2026-06-30T20:37:57,49722, 143771, 100, 59
2026-06-30T20:37:58,49722, 143771, 100, 59
2026-06-30T20:37:59,49722, 143771, 94, 61
2026-06-30T20:38:00,49722, 143771, 100, 60
2026-06-30T20:38:01,49722, 143771, 96, 60
2026-06-30T20:38:02,49722, 143771, 100, 60
2026-06-30T20:38:03,49722, 143771, 80, 58
2026-06-30T20:38:04,49722, 143771, 100, 59
2026-06-30T20:38:05,49722, 143771, 96, 59
2026-06-30T20:38:06,49722, 143771, 98, 59
2026-06-30T20:38:07,49722, 143771, 100, 60
2026-06-30T20:38:08,49722, 143771, 97, 59
2026-06-30T20:38:09,49722, 143771, 100, 59
2026-06-30T20:38:11,49722, 143771, 74, 59
2026-06-30T20:38:12,49722, 143771, 100, 59
2026-06-30T20:38:13,49722, 143771, 89, 58
2026-06-30T20:38:14,49722, 143771, 100, 59
2026-06-30T20:38:15,49722, 143771, 97, 60
2026-06-30T20:38:16,49722, 143771, 98, 60
2026-06-30T20:38:17,49722, 143771, 100, 59
2026-06-30T20:38:18,49722, 143771, 80, 59
2026-06-30T20:38:19,49722, 143771, 100, 59
2026-06-30T20:38:20,49722, 143771, 94, 59
2026-06-30T20:38:21,49722, 143771, 100, 59
2026-06-30T20:38:22,49722, 143771, 100, 58
2026-06-30T20:38:23,49722, 143771, 100, 59
2026-06-30T20:38:24,49722, 143771, 100, 59
2026-06-30T20:38:25,49722, 143771, 94, 62
2026-06-30T20:38:26,49722, 143771, 100, 59
2026-06-30T20:38:27,49722, 143771, 96, 59
2026-06-30T20:38:28,49722, 143771, 100, 60
2026-06-30T20:38:29,49722, 143771, 97, 57
2026-06-30T20:38:30,49722, 143771, 100, 59
2026-06-30T20:38:31,49722, 143771, 97, 58
2026-06-30T20:38:32,49722, 143771, 99, 59
2026-06-30T20:38:33,49722, 143771, 100, 60
2026-06-30T20:38:34,49722, 143771, 97, 60
2026-06-30T20:38:35,49722, 143771, 100, 60
2026-06-30T20:38:36,49722, 143771, 75, 59
2026-06-30T20:38:37,49722, 143771, 100, 59
2026-06-30T20:38:38,49722, 143771, 72, 59
2026-06-30T20:38:39,49722, 143771, 100, 60
2026-06-30T20:38:40,49722, 143771, 100, 59
2026-06-30T20:38:41,49722, 143771, 100, 59
2026-06-30T20:38:42,49722, 143771, 100, 60
2026-06-30T20:38:43,49722, 143771, 93, 60
2026-06-30T20:38:44,49722, 143771, 100, 59
2026-06-30T20:38:45,49722, 143771, 92, 59
2026-06-30T20:38:46,49722, 143771, 100, 60
2026-06-30T20:38:48,49722, 143771, 97, 59
2026-06-30T20:38:49,49722, 143771, 100, 59
2026-06-30T20:38:50,49722, 143771, 100, 58
2026-06-30T20:38:51,49722, 143771, 96, 59
2026-06-30T20:38:52,49722, 143771, 100, 60
2026-06-30T20:38:53,49722, 143771, 95, 59
2026-06-30T20:38:54,49722, 143771, 100, 59
2026-06-30T20:38:55,49722, 143771, 78, 59
2026-06-30T20:38:56,49722, 143771, 100, 59
2026-06-30T20:38:57,49722, 143771, 94, 58
2026-06-30T20:38:58,49722, 143771, 100, 59
2026-06-30T20:38:59,49722, 143771, 100, 59
2026-06-30T20:39:00,49722, 143771, 100, 60
2026-06-30T20:39:01,49722, 143771, 100, 59
2026-06-30T20:39:02,49722, 143771, 92, 59
2026-06-30T20:39:03,49722, 143771, 100, 60
2026-06-30T20:39:04,49722, 143771, 87, 58
2026-06-30T20:39:05,49722, 143771, 100, 59
2026-06-30T20:39:06,49722, 143771, 98, 58
2026-06-30T20:39:07,49722, 143771, 100, 59
2026-06-30T20:39:08,49722, 143771, 100, 60
2026-06-30T20:39:09,49722, 143771, 99, 59
2026-06-30T20:39:10,49722, 143771, 100, 59
2026-06-30T20:39:11,49722, 143771, 97, 59
2026-06-30T20:39:12,49722, 143771, 100, 59
2026-06-30T20:39:13,49722, 143771, 79, 59
2026-06-30T20:39:14,49722, 143771, 100, 60
2026-06-30T20:39:15,49722, 143771, 78, 57
2026-06-30T20:39:16,49722, 143771, 100, 59
2026-06-30T20:39:17,49722, 143771, 100, 60
2026-06-30T20:39:18,49722, 143771, 100, 62
2026-06-30T20:39:19,49722, 143771, 100, 59
2026-06-30T20:39:20,49722, 143771, 96, 60
2026-06-30T20:39:21,49722, 143771, 100, 59
2026-06-30T20:39:22,49722, 143771, 96, 59
2026-06-30T20:39:23,49722, 143771, 100, 59
2026-06-30T20:39:24,49722, 143771, 95, 56
2026-06-30T20:39:26,49722, 143771, 100, 59
2026-06-30T20:39:27,49722, 143771, 99, 59
2026-06-30T20:39:28,49722, 143771, 99, 59
2026-06-30T20:39:29,49722, 143771, 100, 59
2026-06-30T20:39:30,49722, 143771, 97, 59
2026-06-30T20:39:31,49722, 143771, 100, 59
2026-06-30T20:39:32,49722, 143771, 78, 59
2026-06-30T20:39:33,49722, 143771, 100, 59
2026-06-30T20:39:34,49722, 143771, 89, 58
2026-06-30T20:39:35,49722, 143771, 100, 60
2026-06-30T20:39:36,49722, 143771, 100, 60
2026-06-30T20:39:37,49722, 143771, 97, 59
2026-06-30T20:39:38,49722, 143771, 100, 59
2026-06-30T20:39:39,49722, 143771, 96, 62
2026-06-30T20:39:40,49722, 143771, 100, 58
2026-06-30T20:39:41,49722, 143771, 96, 58
2026-06-30T20:39:42,49722, 143771, 100, 59
2026-06-30T20:39:43,49722, 143771, 87, 57
2026-06-30T20:39:44,49722, 143771, 100, 59
2026-06-30T20:39:45,49722, 143771, 96, 59
2026-06-30T20:39:46,49722, 143771, 100, 59
2026-06-30T20:39:47,49722, 143771, 100, 59
2026-06-30T20:39:48,49722, 143771, 96, 60
2026-06-30T20:39:49,49722, 143771, 100, 59
2026-06-30T20:39:50,49722, 143771, 81, 59
2026-06-30T20:39:51,49722, 143771, 100, 59
2026-06-30T20:39:52,49722, 143771, 77, 59
2026-06-30T20:39:53,49722, 143771, 100, 59
2026-06-30T20:39:54,49722, 143771, 100, 58
2026-06-30T20:39:55,49722, 143771, 97, 59
2026-06-30T20:39:56,49722, 143771, 100, 59
2026-06-30T20:39:57,49722, 143771, 94, 62
2026-06-30T20:39:58,49722, 143771, 100, 58
2026-06-30T20:39:59,49722, 143771, 96, 59
2026-06-30T20:40:00,49722, 143771, 100, 59
2026-06-30T20:40:01,49722, 143771, 90, 58
2026-06-30T20:40:03,49722, 143771, 100, 60
2026-06-30T20:40:04,49722, 143771, 96, 59
2026-06-30T20:40:05,49722, 143771, 100, 59
2026-06-30T20:40:06,49722, 143771, 100, 59
2026-06-30T20:40:07,49722, 143771, 92, 59
2026-06-30T20:40:08,49722, 143771, 100, 59
2026-06-30T20:40:09,49722, 143771, 79, 59
2026-06-30T20:40:10,49722, 143771, 100, 60
2026-06-30T20:40:11,49722, 143771, 93, 58
2026-06-30T20:40:12,49722, 143771, 100, 59
2026-06-30T20:40:13,49722, 143771, 100, 57
2026-06-30T20:40:14,49722, 143771, 98, 59
2026-06-30T20:40:15,49722, 143771, 100, 59
2026-06-30T20:40:16,49722, 143771, 97, 59
2026-06-30T20:40:17,49722, 143771, 100, 59
2026-06-30T20:40:18,49722, 143771, 75, 59
2026-06-30T20:40:19,49722, 143771, 100, 59
2026-06-30T20:40:20,49722, 143771, 74, 58
2026-06-30T20:40:21,49722, 143771, 100, 59
2026-06-30T20:40:22,49722, 143771, 95, 60
2026-06-30T20:40:23,49722, 143771, 100, 59
2026-06-30T20:40:24,49722, 143771, 100, 58
2026-06-30T20:40:25,49722, 143771, 96, 60
2026-06-30T20:40:26,49722, 143771, 100, 59
2026-06-30T20:40:27,49722, 143771, 74, 59
2026-06-30T20:40:28,49722, 143771, 100, 59
2026-06-30T20:40:29,49722, 143771, 98, 59
2026-06-30T20:40:30,49722, 143771, 100, 59
2026-06-30T20:40:31,49722, 143771, 100, 59
2026-06-30T20:40:32,49722, 143771, 99, 59
2026-06-30T20:40:33,49722, 143771, 100, 59
2026-06-30T20:40:34,49722, 143771, 95, 59
2026-06-30T20:40:35,49722, 143771, 100, 59
2026-06-30T20:40:36,49722, 143771, 96, 59
2026-06-30T20:40:37,49722, 143771, 100, 59
2026-06-30T20:40:38,49722, 143771, 73, 58
2026-06-30T20:40:40,49722, 143771, 100, 59
2026-06-30T20:40:41,49722, 143771, 100, 57
2026-06-30T20:40:42,49722, 143771, 100, 59
2026-06-30T20:40:43,49722, 143771, 100, 60
2026-06-30T20:40:44,49722, 143771, 96, 61
2026-06-30T20:40:45,49722, 143771, 100, 59
2026-06-30T20:40:46,49722, 143771, 96, 61
2026-06-30T20:40:47,49722, 143771, 100, 59
2026-06-30T20:40:48,49722, 143771, 94, 58
2026-06-30T20:40:49,49722, 143771, 100, 59
2026-06-30T20:40:50,49722, 143771, 98, 59
2026-06-30T20:40:51,49722, 143771, 97, 59
2026-06-30T20:40:52,49722, 143771, 100, 58
2026-06-30T20:40:53,49722, 143771, 98, 59
2026-06-30T20:40:54,49722, 143771, 100, 59
2026-06-30T20:40:55,49722, 143771, 76, 59
2026-06-30T20:40:56,49722, 143771, 100, 60
2026-06-30T20:40:57,49722, 143771, 73, 59
2026-06-30T20:40:58,49722, 143771, 100, 59
2026-06-30T20:40:59,49722, 143771, 100, 59
2026-06-30T20:41:00,49722, 143771, 100, 59
2026-06-30T20:41:01,49722, 143771, 100, 59
2026-06-30T20:41:02,49722, 143771, 96, 61
2026-06-30T20:41:03,49722, 143771, 100, 59
2026-06-30T20:41:04,49722, 143771, 94, 61
2026-06-30T20:41:05,49722, 143771, 100, 60
2026-06-30T20:41:06,49722, 143771, 80, 58
2026-06-30T20:41:07,49722, 143771, 100, 60
2026-06-30T20:41:08,49722, 143771, 97, 56
2026-06-30T20:41:09,49722, 143771, 100, 59
2026-06-30T20:41:10,49722, 143771, 100, 60
2026-06-30T20:41:11,49722, 143771, 100, 62
2026-06-30T20:41:12,49722, 143771, 100, 59
2026-06-30T20:41:13,49722, 143771, 96, 60
2026-06-30T20:41:14,49722, 143771, 100, 59
2026-06-30T20:41:15,49722, 143771, 77, 57
2026-06-30T20:41:16,49722, 143771, 100, 59
2026-06-30T20:41:18,49722, 143771, 97, 57
2026-06-30T20:41:19,49722, 143771, 100, 59
2026-06-30T20:41:20,49722, 143771, 100, 59
2026-06-30T20:41:21,49722, 143771, 99, 59
2026-06-30T20:41:22,49722, 143771, 100, 59
2026-06-30T20:41:23,49722, 143771, 83, 59
2026-06-30T20:41:24,49722, 143771, 100, 60
2026-06-30T20:41:25,49722, 143771, 96, 60
2026-06-30T20:41:26,49722, 143771, 100, 60
2026-06-30T20:41:27,49722, 143771, 78, 59
2026-06-30T20:41:28,49722, 143771, 100, 60
2026-06-30T20:41:29,49722, 143771, 100, 58
2026-06-30T20:41:30,49722, 143771, 100, 59
2026-06-30T20:41:31,49722, 143771, 100, 60
2026-06-30T20:41:32,49722, 143771, 92, 60
2026-06-30T20:41:33,49722, 143771, 100, 59
2026-06-30T20:41:34,49722, 143771, 96, 59
2026-06-30T20:41:35,49722, 143771, 100, 60
2026-06-30T20:41:36,49722, 143771, 96, 59
2026-06-30T20:41:37,49722, 143771, 100, 59
2026-06-30T20:41:38,49722, 143771, 98, 59
2026-06-30T20:41:39,49722, 143771, 99, 59
2026-06-30T20:41:40,49722, 143771, 100, 59
2026-06-30T20:41:41,49722, 143771, 98, 60
2026-06-30T20:41:42,49722, 143771, 100, 60
2026-06-30T20:41:43,49722, 143771, 78, 59
2026-06-30T20:41:44,49722, 143771, 100, 59
2026-06-30T20:41:45,49722, 143771, 78, 59
2026-06-30T20:41:46,49722, 143771, 100, 59
2026-06-30T20:41:47,49722, 143771, 100, 56
2026-06-30T20:41:48,49722, 143771, 100, 59
2026-06-30T20:41:49,49722, 143771, 100, 59
2026-06-30T20:41:50,49722, 143771, 97, 59
2026-06-30T20:41:51,49722, 143771, 100, 59
2026-06-30T20:41:52,49722, 143771, 96, 59
2026-06-30T20:41:53,49722, 143771, 100, 60
2026-06-30T20:41:55,49722, 143771, 75, 59
2026-06-30T20:41:56,49722, 143771, 100, 59
2026-06-30T20:41:57,49722, 143771, 76, 58
2026-06-30T20:41:58,49722, 143771, 100, 59
2026-06-30T20:41:59,49722, 143771, 100, 58
2026-06-30T20:42:00,49722, 143771, 100, 61
2026-06-30T20:42:01,49722, 143771, 100, 59
2026-06-30T20:42:02,49722, 143771, 94, 59
2026-06-30T20:42:03,49722, 143771, 100, 59
2026-06-30T20:42:04,49722, 143771, 70, 55
2026-06-30T20:42:05,49722, 143771, 100, 58
2026-06-30T20:42:06,49722, 143771, 96, 59
2026-06-30T20:42:07,49722, 143771, 100, 59
2026-06-30T20:42:08,49722, 143771, 100, 59
2026-06-30T20:42:09,49722, 143771, 97, 59
2026-06-30T20:42:10,49722, 143771, 100, 60
2026-06-30T20:42:11,49722, 143771, 94, 59
2026-06-30T20:42:12,49722, 143771, 100, 59
2026-06-30T20:42:13,49722, 143771, 91, 59
2026-06-30T20:42:14,49722, 143771, 100, 59
2026-06-30T20:42:15,49722, 143771, 90, 59
2026-06-30T20:42:16,49722, 143771, 100, 60
2026-06-30T20:42:17,49722, 143771, 100, 59
2026-06-30T20:42:18,49722, 143771, 99, 61
2026-06-30T20:42:19,49722, 143771, 100, 59
2026-06-30T20:42:20,49722, 143771, 84, 59
2026-06-30T20:42:21,49722, 143771, 100, 60
2026-06-30T20:42:22,49722, 143771, 75, 58
2026-06-30T20:42:23,49722, 143771, 100, 60
2026-06-30T20:42:24,49722, 143771, 100, 57
2026-06-30T20:42:25,49722, 143771, 98, 59
2026-06-30T20:42:26,49722, 143771, 100, 59
2026-06-30T20:42:27,49722, 143771, 97, 59
2026-06-30T20:42:28,49722, 143771, 100, 59
2026-06-30T20:42:29,49722, 143771, 96, 59
2026-06-30T20:42:30,49722, 143771, 100, 59
2026-06-30T20:42:31,49722, 143771, 78, 58
2026-06-30T20:42:33,49722, 143771, 100, 59
2026-06-30T20:42:34,49722, 143771, 73, 58
2026-06-30T20:42:35,49722, 143771, 100, 59
2026-06-30T20:42:36,49722, 143771, 100, 60
2026-06-30T20:42:37,49722, 143771, 100, 59
2026-06-30T20:42:38,49722, 143771, 100, 59
2026-06-30T20:42:39,49722, 143771, 96, 62
2026-06-30T20:42:40,49722, 143771, 100, 59
2026-06-30T20:42:41,49722, 143771, 96, 58
2026-06-30T20:42:42,49722, 143771, 100, 60
2026-06-30T20:42:43,49722, 143771, 96, 57
2026-06-30T20:42:44,49722, 143771, 100, 59
2026-06-30T20:42:45,49722, 143771, 97, 58
2026-06-30T20:42:46,49722, 143771, 100, 58
2026-06-30T20:42:47,49722, 143771, 100, 58
2026-06-30T20:42:48,49722, 143771, 98, 60
2026-06-30T20:42:49,49722, 143771, 100, 59
2026-06-30T20:42:50,49722, 143771, 96, 59
2026-06-30T20:42:51,49722, 143771, 100, 59
2026-06-30T20:42:52,49722, 143771, 76, 59
2026-06-30T20:42:53,49722, 143771, 100, 59
2026-06-30T20:42:54,49722, 143771, 100, 58
2026-06-30T20:42:55,49722, 143771, 100, 59
2026-06-30T20:42:56,49722, 143771, 100, 59
2026-06-30T20:42:57,49722, 143771, 92, 61
2026-06-30T20:42:58,49722, 143771, 100, 58
2026-06-30T20:42:59,49722, 143771, 76, 57
2026-06-30T20:43:00,49722, 143771, 100, 59
2026-06-30T20:43:01,49722, 143771, 96, 59
2026-06-30T20:43:02,49722, 143771, 100, 60
2026-06-30T20:43:03,49722, 143771, 100, 59
2026-06-30T20:43:04,49722, 143771, 99, 59
2026-06-30T20:43:05,49722, 143771, 100, 59
2026-06-30T20:43:06,49722, 143771, 85, 59
2026-06-30T20:43:07,49722, 143771, 100, 58
2026-06-30T20:43:08,49722, 143771, 74, 59
2026-06-30T20:43:10,49722, 143771, 100, 59
2026-06-30T20:43:11,49722, 143771, 79, 59
2026-06-30T20:43:12,49722, 143771, 100, 60
2026-06-30T20:43:13,49722, 143771, 100, 57
2026-06-30T20:43:14,49722, 143771, 98, 59
2026-06-30T20:43:15,49722, 143771, 100, 58
2026-06-30T20:43:16,49722, 143771, 95, 59
2026-06-30T20:43:17,49722, 143771, 100, 58
2026-06-30T20:43:18,49722, 143771, 95, 59
2026-06-30T20:43:19,49722, 143771, 100, 59
2026-06-30T20:43:20,49722, 143771, 75, 59
2026-06-30T20:43:21,49722, 143771, 100, 59
2026-06-30T20:43:22,49722, 143771, 77, 57
2026-06-30T20:43:23,49722, 143771, 100, 59
2026-06-30T20:43:24,49722, 143771, 100, 59
2026-06-30T20:43:25,49722, 143771, 97, 59
2026-06-30T20:43:26,49722, 143771, 100, 59
2026-06-30T20:43:27,49722, 143771, 96, 62
2026-06-30T20:43:28,49722, 143771, 100, 59
2026-06-30T20:43:29,49722, 143771, 95, 58
2026-06-30T20:43:30,49722, 143771, 100, 59
2026-06-30T20:43:31,49722, 143771, 97, 55
2026-06-30T20:43:32,49722, 143771, 100, 60
2026-06-30T20:43:33,49722, 143771, 100, 60
2026-06-30T20:43:34,49722, 143771, 97, 59
2026-06-30T20:43:35,49722, 143771, 100, 59
2026-06-30T20:43:36,49722, 143771, 86, 59
2026-06-30T20:43:37,49722, 143771, 100, 59
2026-06-30T20:43:38,49722, 143771, 93, 59
2026-06-30T20:43:39,49722, 143771, 100, 60
2026-06-30T20:43:40,49722, 143771, 77, 59
2026-06-30T20:43:41,49722, 143771, 100, 60
2026-06-30T20:43:42,49722, 143771, 100, 59
2026-06-30T20:43:43,49722, 143771, 95, 59
2026-06-30T20:43:44,49722, 143771, 100, 59
2026-06-30T20:43:45,49722, 143771, 91, 62
2026-06-30T20:43:46,49722, 143771, 100, 60
2026-06-30T20:43:48,49722, 143771, 74, 58
2026-06-30T20:43:49,49722, 143771, 100, 60
2026-06-30T20:43:50,49722, 143771, 94, 59
2026-06-30T20:43:51,49722, 143771, 100, 59
2026-06-30T20:43:52,49722, 143771, 97, 58
2026-06-30T20:43:53,49722, 143771, 98, 60
2026-06-30T20:43:54,49722, 143771, 100, 59
2026-06-30T20:43:55,49722, 143771, 92, 59
2026-06-30T20:43:56,49722, 143771, 100, 59
2026-06-30T20:43:57,49722, 143771, 83, 59
2026-06-30T20:43:58,49722, 143771, 100, 60
2026-06-30T20:43:59,49722, 143771, 97, 57
2026-06-30T20:44:00,49722, 143771, 100, 60
2026-06-30T20:44:01,49722, 143771, 98, 59
2026-06-30T20:44:02,49722, 143771, 100, 59
2026-06-30T20:44:03,49722, 143771, 100, 59
2026-06-30T20:44:04,49722, 143771, 98, 61
2026-06-30T20:44:05,49722, 143771, 100, 59
2026-06-30T20:44:06,49722, 143771, 96, 60
2026-06-30T20:44:07,49722, 143771, 100, 58
2026-06-30T20:44:08,49722, 143771, 87, 59
2026-06-30T20:44:09,49722, 143771, 100, 59
2026-06-30T20:44:10,49722, 143771, 97, 56
2026-06-30T20:44:11,49722, 143771, 100, 59
2026-06-30T20:44:12,49722, 143771, 99, 58
2026-06-30T20:44:13,49722, 143771, 99, 59
2026-06-30T20:44:14,49722, 143771, 100, 60
2026-06-30T20:44:15,49722, 143771, 98, 60
2026-06-30T20:44:16,49722, 143771, 100, 60
2026-06-30T20:44:17,49722, 143771, 83, 60
2026-06-30T20:44:18,49722, 143771, 100, 59
2026-06-30T20:44:19,49722, 143771, 81, 60
2026-06-30T20:44:20,49722, 143771, 100, 59
2026-06-30T20:44:21,49722, 143771, 98, 59
2026-06-30T20:44:22,49722, 143771, 100, 59
2026-06-30T20:44:23,49722, 143771, 99, 58
2026-06-30T20:44:25,49722, 143771, 100, 59
2026-06-30T20:44:26,49722, 143771, 100, 60
2026-06-30T20:44:27,49722, 143771, 96, 59
2026-06-30T20:44:28,49722, 143771, 100, 58
2026-06-30T20:44:29,49722, 143771, 76, 59
2026-06-30T20:44:30,49722, 143771, 100, 60
2026-06-30T20:44:31,49722, 143771, 80, 59
2026-06-30T20:44:32,49722, 143771, 100, 59
2026-06-30T20:44:33,49722, 143771, 98, 59
2026-06-30T20:44:34,49722, 143771, 100, 59
2026-06-30T20:44:35,49722, 143771, 100, 56
2026-06-30T20:44:36,49722, 143771, 98, 60
2026-06-30T20:44:37,49722, 143771, 100, 59
2026-06-30T20:44:38,49722, 143771, 98, 60
2026-06-30T20:44:39,49722, 143771, 100, 60
2026-06-30T20:44:40,49722, 143771, 75, 59
2026-06-30T20:44:41,49722, 143771, 100, 60
2026-06-30T20:44:42,49722, 143771, 79, 59
2026-06-30T20:44:43,49722, 143771, 100, 60
2026-06-30T20:44:44,49722, 143771, 100, 60
2026-06-30T20:44:45,49722, 143771, 100, 60
2026-06-30T20:44:46,49722, 143771, 100, 60
2026-06-30T20:44:47,49722, 143771, 93, 62
2026-06-30T20:44:48,49722, 143771, 100, 59
2026-06-30T20:44:49,49722, 143771, 94, 59
2026-06-30T20:44:50,49722, 143771, 100, 59
2026-06-30T20:44:51,49722, 143771, 96, 56
2026-06-30T20:44:52,49722, 143771, 100, 60
2026-06-30T20:44:53,49722, 143771, 100, 59
2026-06-30T20:44:54,49722, 143771, 99, 60
2026-06-30T20:44:55,49722, 143771, 100, 59
2026-06-30T20:44:56,49722, 143771, 96, 59
2026-06-30T20:44:57,49722, 143771, 100, 60
2026-06-30T20:44:58,49722, 143771, 74, 59
2026-06-30T20:44:59,49722, 143771, 100, 59
2026-06-30T20:45:00,49722, 143771, 91, 59
2026-06-30T20:45:01,49722, 143771, 100, 59
2026-06-30T20:45:03,49722, 143771, 100, 59
2026-06-30T20:45:04,49722, 143771, 100, 60
2026-06-30T20:45:05,49722, 143771, 100, 59
2026-06-30T20:45:06,49722, 143771, 94, 60
2026-06-30T20:45:07,49722, 143771, 100, 59
2026-06-30T20:45:08,49722, 143771, 82, 58
2026-06-30T20:45:09,49722, 143771, 100, 59
2026-06-30T20:45:10,49722, 143771, 97, 55
2026-06-30T20:45:11,49722, 143771, 100, 59
2026-06-30T20:45:12,49722, 143771, 98, 58
2026-06-30T20:45:13,49722, 143771, 100, 60
2026-06-30T20:45:14,49722, 143771, 100, 59
2026-06-30T20:45:15,49722, 143771, 98, 60
2026-06-30T20:45:16,49722, 143771, 100, 59
2026-06-30T20:45:17,49722, 143771, 78, 59
2026-06-30T20:45:18,49722, 143771, 100, 59
2026-06-30T20:45:19,49722, 143771, 75, 59
2026-06-30T20:45:20,49722, 143771, 100, 59
2026-06-30T20:45:21,49722, 143771, 100, 58
2026-06-30T20:45:22,49722, 143771, 100, 59
2026-06-30T20:45:23,49722, 143771, 100, 59
2026-06-30T20:45:24,49722, 143771, 92, 61
2026-06-30T20:45:25,49722, 143771, 100, 59
2026-06-30T20:45:26,49722, 143771, 96, 59
2026-06-30T20:45:27,49722, 143771, 100, 59
2026-06-30T20:45:28,49722, 143771, 89, 58
2026-06-30T20:45:29,49722, 143771, 100, 59
2026-06-30T20:45:30,49722, 143771, 97, 60
2026-06-30T20:45:31,49722, 143771, 100, 60
2026-06-30T20:45:32,49722, 143771, 100, 59
2026-06-30T20:45:33,49722, 143771, 99, 61
2026-06-30T20:45:34,49722, 143771, 100, 59
2026-06-30T20:45:35,49722, 143771, 94, 59
2026-06-30T20:45:36,49722, 143771, 100, 59
2026-06-30T20:45:37,49722, 143771, 93, 59
2026-06-30T20:45:38,49722, 143771, 100, 60
2026-06-30T20:45:40,49722, 143771, 98, 58
2026-06-30T20:45:41,49722, 143771, 100, 60
2026-06-30T20:45:42,49722, 143771, 100, 59
2026-06-30T20:45:43,49722, 143771, 97, 59
2026-06-30T20:45:44,49722, 143771, 100, 60
2026-06-30T20:45:45,49722, 143771, 98, 59
2026-06-30T20:45:46,49722, 143771, 100, 59
2026-06-30T20:45:47,49722, 143771, 75, 59
2026-06-30T20:45:48,49722, 143771, 100, 59
2026-06-30T20:45:49,49722, 143771, 94, 58
2026-06-30T20:45:50,49722, 143771, 100, 59
2026-06-30T20:45:51,49722, 143771, 100, 58
2026-06-30T20:45:52,49722, 143771, 96, 59
2026-06-30T20:45:53,49722, 143771, 100, 59
2026-06-30T20:45:54,49722, 143771, 97, 60
2026-06-30T20:45:55,49722, 143771, 100, 60
2026-06-30T20:45:56,49722, 143771, 93, 59
2026-06-30T20:45:57,49722, 143771, 100, 59
2026-06-30T20:45:58,49722, 143771, 76, 59
2026-06-30T20:45:59,49722, 143771, 100, 59
2026-06-30T20:46:00,49722, 143771, 95, 59
2026-06-30T20:46:01,49722, 143771, 100, 60
2026-06-30T20:46:02,49722, 143771, 100, 59
2026-06-30T20:46:03,49722, 143771, 91, 61
2026-06-30T20:46:04,49722, 143771, 100, 59
2026-06-30T20:46:05,49722, 143771, 94, 59
2026-06-30T20:46:06,49722, 143771, 100, 59
2026-06-30T20:46:07,49722, 143771, 72, 55
2026-06-30T20:46:08,49722, 143771, 100, 59
2026-06-30T20:46:09,49722, 143771, 97, 57
2026-06-30T20:46:10,49722, 143771, 100, 60
2026-06-30T20:46:11,49722, 143771, 98, 59
2026-06-30T20:46:12,49722, 143771, 99, 59
2026-06-30T20:46:13,49722, 143771, 100, 59
2026-06-30T20:46:14,49722, 143771, 96, 60
2026-06-30T20:46:15,49722, 143771, 100, 60
2026-06-30T20:46:16,49722, 143771, 78, 59
2026-06-30T20:46:18,49722, 143771, 100, 60
2026-06-30T20:46:19,49722, 143771, 68, 59
2026-06-30T20:46:20,49722, 143771, 100, 59
2026-06-30T20:46:21,49722, 143771, 100, 59
2026-06-30T20:46:22,49722, 143771, 94, 61
2026-06-30T20:46:23,49722, 143771, 100, 59
2026-06-30T20:46:24,49722, 143771, 96, 62
2026-06-30T20:46:25,49722, 143771, 100, 60
2026-06-30T20:46:26,49722, 143771, 96, 59
2026-06-30T20:46:27,49722, 143771, 100, 59
2026-06-30T20:46:28,49722, 143771, 95, 56
2026-06-30T20:46:29,49722, 143771, 100, 60
2026-06-30T20:46:30,49722, 143771, 100, 59
2026-06-30T20:46:31,49722, 143771, 99, 60
2026-06-30T20:46:32,49722, 143771, 100, 59
2026-06-30T20:46:33,49722, 143771, 84, 59
2026-06-30T20:46:34,49722, 143771, 100, 59
2026-06-30T20:46:35,49722, 143771, 78, 59
2026-06-30T20:46:36,49722, 143771, 100, 59
2026-06-30T20:46:37,49722, 143771, 92, 58
2026-06-30T20:46:38,49722, 143771, 100, 59
2026-06-30T20:46:39,49722, 143771, 100, 59
2026-06-30T20:46:40,49722, 143771, 97, 60
2026-06-30T20:46:41,49722, 143771, 100, 59
2026-06-30T20:46:42,49722, 143771, 93, 62
2026-06-30T20:46:43,49722, 143771, 100, 59
2026-06-30T20:46:44,49722, 143771, 78, 58
2026-06-30T20:46:45,49722, 143771, 100, 59
2026-06-30T20:46:46,49722, 143771, 90, 58
2026-06-30T20:46:47,49722, 143771, 100, 59
2026-06-30T20:46:48,49722, 143771, 98, 60
2026-06-30T20:46:49,49722, 143771, 98, 59
2026-06-30T20:46:50,49722, 143771, 100, 60
2026-06-30T20:46:51,49722, 143771, 96, 60
2026-06-30T20:46:52,49722, 143771, 100, 59
2026-06-30T20:46:53,49722, 143771, 78, 59
2026-06-30T20:46:55,49722, 143771, 100, 60
2026-06-30T20:46:56,49722, 143771, 76, 59
2026-06-30T20:46:57,49722, 143771, 100, 59
2026-06-30T20:46:58,49722, 143771, 100, 58
2026-06-30T20:46:59,49722, 143771, 98, 60
2026-06-30T20:47:00,49722, 143771, 100, 60
2026-06-30T20:47:01,49722, 143771, 97, 59
2026-06-30T20:47:02,49722, 143771, 100, 60
2026-06-30T20:47:03,49722, 143771, 94, 59
2026-06-30T20:47:04,49722, 143771, 100, 59
2026-06-30T20:47:05,49722, 143771, 77, 59
2026-06-30T20:47:06,49722, 143771, 100, 59
2026-06-30T20:47:07,49722, 143771, 100, 59
2026-06-30T20:47:08,49722, 143771, 100, 59
2026-06-30T20:47:09,49722, 143771, 100, 59
2026-06-30T20:47:10,49722, 143771, 96, 62
2026-06-30T20:47:11,49722, 143771, 100, 59
2026-06-30T20:47:12,49722, 143771, 96, 59
2026-06-30T20:47:13,49722, 143771, 100, 59
2026-06-30T20:47:14,49722, 143771, 95, 59
2026-06-30T20:47:15,49722, 143771, 100, 59
2026-06-30T20:47:16,49722, 143771, 99, 59
2026-06-30T20:47:17,49722, 143771, 100, 60
2026-06-30T20:47:18,49722, 143771, 100, 60
2026-06-30T20:47:19,49722, 143771, 97, 59
2026-06-30T20:47:20,49722, 143771, 100, 59
2026-06-30T20:47:21,49722, 143771, 78, 59
2026-06-30T20:47:22,49722, 143771, 100, 60
2026-06-30T20:47:23,49722, 143771, 73, 59
2026-06-30T20:47:24,49722, 143771, 100, 60
2026-06-30T20:47:25,49722, 143771, 100, 57
2026-06-30T20:47:26,49722, 143771, 100, 59
2026-06-30T20:47:27,49722, 143771, 100, 60
2026-06-30T20:47:28,49722, 143771, 97, 60
2026-06-30T20:47:29,49722, 143771, 100, 60
2026-06-30T20:47:30,49722, 143771, 94, 59
2026-06-30T20:47:31,49722, 143771, 100, 60
2026-06-30T20:47:33,49722, 143771, 95, 57
2026-06-30T20:47:34,49722, 143771, 100, 59
2026-06-30T20:47:35,49722, 143771, 98, 60
2026-06-30T20:47:36,49722, 143771, 98, 59
2026-06-30T20:47:37,49722, 143771, 100, 59
2026-06-30T20:47:38,49722, 143771, 95, 59
2026-06-30T20:47:39,49722, 143771, 100, 59
2026-06-30T20:47:40,49722, 143771, 90, 59
2026-06-30T20:47:41,49722, 143771, 100, 60
2026-06-30T20:47:42,49722, 143771, 97, 56
2026-06-30T20:47:43,49722, 143771, 100, 60
2026-06-30T20:47:44,49722, 143771, 100, 59
2026-06-30T20:47:45,49722, 143771, 99, 62
2026-06-30T20:47:46,49722, 143771, 100, 59
2026-06-30T20:47:47,49722, 143771, 93, 59
2026-06-30T20:47:48,49722, 143771, 100, 60
2026-06-30T20:47:49,49722, 143771, 76, 57
2026-06-30T20:47:50,49722, 143771, 100, 60
2026-06-30T20:47:51,49722, 143771, 100, 58
2026-06-30T20:47:52,49722, 143771, 100, 60
2026-06-30T20:47:53,49722, 143771, 100, 59
2026-06-30T20:47:54,49722, 143771, 98, 60
2026-06-30T20:47:55,49722, 143771, 100, 59
2026-06-30T20:47:56,49722, 143771, 95, 59
2026-06-30T20:47:57,49722, 143771, 100, 60
2026-06-30T20:47:58,49722, 143771, 72, 59
2026-06-30T20:47:59,49722, 143771, 100, 59
2026-06-30T20:48:00,49722, 143771, 95, 60
2026-06-30T20:48:01,49722, 143771, 100, 60
2026-06-30T20:48:02,49722, 143771, 100, 59
2026-06-30T20:48:03,49722, 143771, 97, 59
2026-06-30T20:48:04,49722, 143771, 100, 60
2026-06-30T20:48:05,49722, 143771, 96, 60
2026-06-30T20:48:06,49722, 143771, 100, 60
2026-06-30T20:48:07,49722, 143771, 68, 59
2026-06-30T20:48:08,49722, 143771, 100, 60
2026-06-30T20:48:10,49722, 143771, 100, 57
2026-06-30T20:48:11,49722, 143771, 100, 59
2026-06-30T20:48:12,49722, 143771, 100, 59
2026-06-30T20:48:13,49722, 143771, 96, 61
2026-06-30T20:48:14,49722, 143771, 100, 60
2026-06-30T20:48:15,49722, 143771, 96, 59
2026-06-30T20:48:16,49722, 143771, 100, 59
2026-06-30T20:48:17,49722, 143771, 92, 59
2026-06-30T20:48:18,49722, 143771, 100, 60
2026-06-30T20:48:19,49722, 143771, 96, 59
2026-06-30T20:48:20,49722, 143771, 100, 59
2026-06-30T20:48:21,49722, 143771, 100, 60
2026-06-30T20:48:22,49722, 143771, 99, 60
2026-06-30T20:48:23,49722, 143771, 100, 60
2026-06-30T20:48:24,49722, 143771, 84, 59
2026-06-30T20:48:25,49722, 143771, 100, 59
2026-06-30T20:48:26,49722, 143771, 80, 57
2026-06-30T20:48:27,49722, 143771, 100, 59
2026-06-30T20:48:28,49722, 143771, 99, 58
2026-06-30T20:48:29,49722, 143771, 99, 59
2026-06-30T20:48:30,49722, 143771, 100, 60
2026-06-30T20:48:31,49722, 143771, 98, 59
2026-06-30T20:48:32,49722, 143771, 100, 59
2026-06-30T20:48:33,49722, 143771, 97, 59
2026-06-30T20:48:34,49722, 143771, 100, 60
2026-06-30T20:48:35,49722, 143771, 77, 59
2026-06-30T20:48:36,49722, 143771, 100, 59
2026-06-30T20:48:37,49722, 143771, 84, 58
2026-06-30T20:48:38,49722, 143771, 100, 59
2026-06-30T20:48:39,49722, 143771, 100, 59
2026-06-30T20:48:40,49722, 143771, 96, 63
2026-06-30T20:48:41,49722, 143771, 100, 60
2026-06-30T20:48:42,49722, 143771, 96, 60
2026-06-30T20:48:43,49722, 143771, 100, 60
2026-06-30T20:48:44,49722, 143771, 77, 57
2026-06-30T20:48:45,49722, 143771, 100, 59
2026-06-30T20:48:46,49722, 143771, 98, 59
2026-06-30T20:48:48,49722, 143771, 99, 59
2026-06-30T20:48:49,49722, 143771, 100, 60
2026-06-30T20:48:50,49722, 143771, 97, 60
2026-06-30T20:48:51,49722, 143771, 100, 59
2026-06-30T20:48:52,49722, 143771, 96, 59
2026-06-30T20:48:53,49722, 143771, 100, 60
2026-06-30T20:48:54,49722, 143771, 91, 59
2026-06-30T20:48:55,49722, 143771, 100, 60
2026-06-30T20:48:56,49722, 143771, 85, 59
2026-06-30T20:48:57,49722, 143771, 100, 59
2026-06-30T20:48:58,49722, 143771, 100, 60
2026-06-30T20:48:59,49722, 143771, 92, 59
2026-06-30T20:49:00,49722, 143771, 100, 60
2026-06-30T20:49:01,49722, 143771, 82, 59
2026-06-30T20:49:02,49722, 143771, 100, 59
2026-06-30T20:49:03,49722, 143771, 82, 58
2026-06-30T20:49:04,49722, 143771, 100, 59
2026-06-30T20:49:05,49722, 143771, 98, 59
2026-06-30T20:49:06,49722, 143771, 100, 59
2026-06-30T20:49:07,49722, 143771, 100, 60
2026-06-30T20:49:08,49722, 143771, 98, 59
2026-06-30T20:49:09,49722, 143771, 100, 60
2026-06-30T20:49:10,49722, 143771, 82, 59
2026-06-30T20:49:11,49722, 143771, 100, 60
2026-06-30T20:49:12,49722, 143771, 81, 60
2026-06-30T20:49:13,49722, 143771, 100, 60
2026-06-30T20:49:14,49722, 143771, 82, 59
2026-06-30T20:49:15,49722, 143771, 100, 60
2026-06-30T20:49:16,49722, 143771, 100, 57
2026-06-30T20:49:17,49722, 143771, 99, 59
2026-06-30T20:49:18,49722, 143771, 100, 59
2026-06-30T20:49:19,49722, 143771, 97, 60
2026-06-30T20:49:20,49722, 143771, 100, 60
2026-06-30T20:49:21,49722, 143771, 84, 60
2026-06-30T20:49:22,49722, 143771, 100, 59
2026-06-30T20:49:23,49722, 143771, 83, 59
2026-06-30T20:49:25,49722, 143771, 100, 59
2026-06-30T20:49:26,49722, 143771, 77, 59
2026-06-30T20:49:27,49722, 143771, 100, 60
2026-06-30T20:49:28,49722, 143771, 100, 60
2026-06-30T20:49:29,49722, 143771, 97, 60
2026-06-30T20:49:30,49722, 143771, 100, 60
2026-06-30T20:49:31,49722, 143771, 96, 61
2026-06-30T20:49:32,49722, 143771, 100, 59
2026-06-30T20:49:33,49722, 143771, 93, 59
2026-06-30T20:49:34,49722, 143771, 100, 60
2026-06-30T20:49:35,49722, 143771, 85, 58
2026-06-30T20:49:36,49722, 143771, 100, 59
2026-06-30T20:49:37,49722, 143771, 96, 59
2026-06-30T20:49:38,49722, 143771, 100, 59
2026-06-30T20:49:39,49722, 143771, 100, 60
2026-06-30T20:49:40,49722, 143771, 94, 61
2026-06-30T20:49:41,49722, 143771, 100, 59
2026-06-30T20:49:42,49722, 143771, 96, 60
2026-06-30T20:49:43,49722, 143771, 100, 60
2026-06-30T20:49:44,49722, 143771, 76, 57
2026-06-30T20:49:45,49722, 143771, 100, 59
2026-06-30T20:49:46,49722, 143771, 100, 58
2026-06-30T20:49:47,49722, 143771, 95, 59
2026-06-30T20:49:48,49722, 143771, 100, 60
2026-06-30T20:49:49,49722, 143771, 97, 60
2026-06-30T20:49:50,49722, 143771, 100, 59
2026-06-30T20:49:51,49722, 143771, 83, 60
2026-06-30T20:49:52,49722, 143771, 100, 59
2026-06-30T20:49:53,49722, 143771, 94, 60
2026-06-30T20:49:54,49722, 143771, 100, 59
2026-06-30T20:49:55,49722, 143771, 83, 59
2026-06-30T20:49:56,49722, 143771, 100, 60
2026-06-30T20:49:57,49722, 143771, 100, 59
2026-06-30T20:49:58,49722, 143771, 98, 59
2026-06-30T20:49:59,49722, 143771, 100, 59
2026-06-30T20:50:00,49722, 143771, 98, 59
2026-06-30T20:50:02,49722, 143771, 100, 58
2026-06-30T20:50:03,49722, 143771, 97, 60
2026-06-30T20:50:04,49722, 143771, 100, 59
2026-06-30T20:50:05,49722, 143771, 96, 60
2026-06-30T20:50:06,49722, 143771, 100, 60
2026-06-30T20:50:07,49722, 143771, 78, 59
2026-06-30T20:50:08,49722, 143771, 95, 59
2026-06-30T20:50:09,49722, 143771, 100, 60
2026-06-30T20:50:10,49722, 143771, 100, 59
2026-06-30T20:50:11,49722, 143771, 100, 59
2026-06-30T20:50:12,49722, 143771, 100, 59
2026-06-30T20:50:13,49722, 143771, 98, 60
2026-06-30T20:50:14,49722, 143771, 100, 59
2026-06-30T20:50:15,49722, 143771, 97, 60
2026-06-30T20:50:16,49722, 143771, 100, 59
2026-06-30T20:50:17,49722, 143771, 81, 59
2026-06-30T20:50:18,49722, 143771, 100, 60
2026-06-30T20:50:19,49722, 143771, 93, 60
2026-06-30T20:50:20,49722, 143771, 100, 59
2026-06-30T20:50:21,49722, 143771, 100, 57
2026-06-30T20:50:22,49722, 143771, 100, 60
2026-06-30T20:50:23,49722, 143771, 100, 61
2026-06-30T20:50:24,49722, 143771, 93, 61
2026-06-30T20:50:25,49722, 143771, 100, 60
2026-06-30T20:50:26,49722, 143771, 93, 59
2026-06-30T20:50:27,49722, 143771, 100, 60
2026-06-30T20:50:28,49722, 143771, 73, 59
2026-06-30T20:50:29,49722, 143771, 100, 59
2026-06-30T20:50:30,49722, 143771, 96, 59
2026-06-30T20:50:31,49722, 143771, 100, 60
2026-06-30T20:50:32,49722, 143771, 99, 59
2026-06-30T20:50:33,49722, 143771, 98, 60
2026-06-30T20:50:34,49722, 143771, 100, 60
2026-06-30T20:50:35,49722, 143771, 94, 60
2026-06-30T20:50:36,49722, 143771, 100, 59
2026-06-30T20:50:37,49722, 143771, 84, 60
2026-06-30T20:50:39,49722, 143771, 100, 59
2026-06-30T20:50:40,49722, 143771, 81, 57
2026-06-30T20:50:41,49722, 143771, 100, 60
2026-06-30T20:50:42,49722, 143771, 97, 59
2026-06-30T20:50:43,49722, 143771, 99, 59
2026-06-30T20:50:44,49722, 143771, 100, 60
2026-06-30T20:50:45,49722, 143771, 97, 60
2026-06-30T20:50:46,49722, 143771, 100, 59
2026-06-30T20:50:47,49722, 143771, 98, 60
2026-06-30T20:50:48,49722, 143771, 100, 60
2026-06-30T20:50:49,49722, 143771, 76, 59
2026-06-30T20:50:50,49722, 143771, 100, 60
2026-06-30T20:50:51,49722, 143771, 82, 59
2026-06-30T20:50:52,49722, 143771, 100, 60
2026-06-30T20:50:53,49722, 143771, 100, 59
2026-06-30T20:50:54,49722, 143771, 94, 60
2026-06-30T20:50:55,49722, 143771, 100, 59
2026-06-30T20:50:56,49722, 143771, 94, 61
2026-06-30T20:50:57,49722, 143771, 100, 60
2026-06-30T20:50:58,49722, 143771, 74, 57
2026-06-30T20:50:59,49722, 143771, 100, 60
2026-06-30T20:51:00,49722, 143771, 97, 59
2026-06-30T20:51:01,49722, 143771, 99, 59
2026-06-30T20:51:02,49722, 143771, 100, 60
2026-06-30T20:51:03,49722, 143771, 98, 60
2026-06-30T20:51:04,49722, 143771, 100, 60
2026-06-30T20:51:05,49722, 143771, 73, 59
2026-06-30T20:51:06,49722, 143771, 100, 60
2026-06-30T20:51:07,49722, 143771, 93, 60
2026-06-30T20:51:08,49722, 143771, 100, 60
2026-06-30T20:51:09,49722, 143771, 94, 60
2026-06-30T20:51:10,49722, 143771, 100, 60
2026-06-30T20:51:11,49722, 143771, 100, 60
2026-06-30T20:51:12,49722, 143771, 93, 61
2026-06-30T20:51:13,49722, 143771, 100, 60
2026-06-30T20:51:14,49722, 143771, 89, 60
2026-06-30T20:51:16,49722, 143771, 100, 60
2026-06-30T20:51:17,49722, 143771, 78, 57
2026-06-30T20:51:18,49722, 143771, 100, 59
2026-06-30T20:51:19,49722, 143771, 97, 58
2026-06-30T20:51:20,49722, 143771, 99, 59
2026-06-30T20:51:21,49722, 143771, 100, 60
2026-06-30T20:51:22,49722, 143771, 98, 60
2026-06-30T20:51:23,49722, 143771, 100, 59
2026-06-30T20:51:24,49722, 143771, 76, 60
2026-06-30T20:51:25,49722, 143771, 100, 60
2026-06-30T20:51:26,49722, 143771, 77, 59
2026-06-30T20:51:27,49722, 143771, 100, 59
2026-06-30T20:51:28,49722, 143771, 91, 59
2026-06-30T20:51:29,49722, 143771, 100, 60
2026-06-30T20:51:30,49722, 143771, 100, 60
2026-06-30T20:51:31,49722, 143771, 93, 63
2026-06-30T20:51:32,49722, 143771, 100, 60
2026-06-30T20:51:33,49722, 143771, 96, 62
2026-06-30T20:51:34,49722, 143771, 100, 59
2026-06-30T20:51:35,49722, 143771, 80, 58
2026-06-30T20:51:36,49722, 143771, 100, 60
2026-06-30T20:51:37,49722, 143771, 91, 57
2026-06-30T20:51:38,49722, 143771, 99, 59
2026-06-30T20:51:39,49722, 143771, 100, 59
2026-06-30T20:51:40,49722, 143771, 97, 59
2026-06-30T20:51:41,49722, 143771, 100, 60
2026-06-30T20:51:42,49722, 143771, 75, 59
2026-06-30T20:51:43,49722, 143771, 100, 59
2026-06-30T20:51:44,49722, 143771, 91, 59
2026-06-30T20:51:45,49722, 143771, 100, 59
2026-06-30T20:51:46,49722, 143771, 94, 60
2026-06-30T20:51:47,49722, 143771, 100, 59
2026-06-30T20:51:48,49722, 143771, 100, 60
2026-06-30T20:51:49,49722, 143771, 93, 62
2026-06-30T20:51:50,49722, 143771, 100, 60
2026-06-30T20:51:51,49722, 143771, 96, 61
2026-06-30T20:51:53,49722, 143771, 100, 60
2026-06-30T20:51:54,49722, 143771, 90, 59
2026-06-30T20:51:55,49722, 143771, 100, 60
2026-06-30T20:51:56,49722, 143771, 96, 59
2026-06-30T20:51:57,49722, 143771, 100, 60
2026-06-30T20:51:58,49722, 143771, 100, 60
2026-06-30T20:51:59,49722, 143771, 98, 60
2026-06-30T20:52:00,49722, 143771, 100, 60
2026-06-30T20:52:01,49722, 143771, 80, 60
2026-06-30T20:52:02,49722, 143771, 100, 60
2026-06-30T20:52:03,49722, 143771, 77, 59
2026-06-30T20:52:04,49722, 143771, 100, 60
2026-06-30T20:52:05,49722, 143771, 85, 60
2026-06-30T20:52:06,49722, 143771, 100, 59
2026-06-30T20:52:07,49722, 143771, 100, 60
2026-06-30T20:52:08,49722, 143771, 92, 61
2026-06-30T20:52:09,49722, 143771, 100, 60
2026-06-30T20:52:10,49722, 143771, 92, 59
2026-06-30T20:52:11,49722, 143771, 100, 59
2026-06-30T20:52:12,49722, 143771, 97, 56
2026-06-30T20:52:13,49722, 143771, 100, 60
2026-06-30T20:52:14,49722, 143771, 99, 58
2026-06-30T20:52:15,49722, 143771, 97, 60
2026-06-30T20:52:16,49722, 143771, 100, 60
2026-06-30T20:52:17,49722, 143771, 93, 59
2026-06-30T20:52:18,49722, 143771, 100, 60
2026-06-30T20:52:19,49722, 143771, 74, 59
2026-06-30T20:52:20,49722, 143771, 100, 60
2026-06-30T20:52:21,49722, 143771, 95, 59
2026-06-30T20:52:22,49722, 143771, 100, 60
2026-06-30T20:52:23,49722, 143771, 100, 60
2026-06-30T20:52:24,49722, 143771, 98, 62
2026-06-30T20:52:25,49722, 143771, 100, 59
2026-06-30T20:52:26,49722, 143771, 78, 60
2026-06-30T20:52:27,49722, 143771, 100, 59
2026-06-30T20:52:28,49722, 143771, 78, 59
2026-06-30T20:52:29,49722, 143771, 100, 60
2026-06-30T20:52:31,49722, 143771, 100, 59
2026-06-30T20:52:32,49722, 143771, 100, 60
2026-06-30T20:52:33,49722, 143771, 100, 60
2026-06-30T20:52:34,49722, 143771, 93, 63
2026-06-30T20:52:35,49722, 143771, 100, 59
2026-06-30T20:52:36,49722, 143771, 94, 60
2026-06-30T20:52:37,49722, 143771, 100, 60
2026-06-30T20:52:38,49722, 143771, 97, 58
2026-06-30T20:52:39,49722, 143771, 98, 59
2026-06-30T20:52:40,49722, 143771, 100, 60
2026-06-30T20:52:41,49722, 143771, 93, 60
2026-06-30T20:52:42,49722, 143771, 100, 60
2026-06-30T20:52:43,49722, 143771, 71, 60
2026-06-30T20:52:44,49722, 143771, 100, 60
2026-06-30T20:52:45,49722, 143771, 97, 57
2026-06-30T20:52:46,49722, 143771, 100, 59
2026-06-30T20:52:47,49722, 143771, 96, 59
2026-06-30T20:52:48,49722, 143771, 98, 60
2026-06-30T20:52:49,49722, 143771, 100, 59
2026-06-30T20:52:50,49722, 143771, 93, 60
2026-06-30T20:52:51,49722, 143771, 100, 60
2026-06-30T20:52:52,49722, 143771, 76, 60
2026-06-30T20:52:53,49722, 143771, 100, 60
2026-06-30T20:52:54,49722, 143771, 74, 59
2026-06-30T20:52:55,49722, 143771, 100, 60
2026-06-30T20:52:56,49722, 143771, 100, 60
2026-06-30T20:52:57,49722, 143771, 100, 60
2026-06-30T20:52:58,49722, 143771, 100, 60
2026-06-30T20:52:59,49722, 143771, 96, 62
2026-06-30T20:53:00,49722, 143771, 100, 60
2026-06-30T20:53:01,49722, 143771, 96, 59
2026-06-30T20:53:02,49722, 143771, 100, 60
2026-06-30T20:53:03,49722, 143771, 98, 60
2026-06-30T20:53:04,49722, 143771, 100, 60
2026-06-30T20:53:05,49722, 143771, 100, 60
2026-06-30T20:53:06,49722, 143771, 94, 59
2026-06-30T20:53:08,49722, 143771, 100, 60
2026-06-30T20:53:09,49722, 143771, 96, 59
2026-06-30T20:53:10,49722, 143771, 100, 61
2026-06-30T20:53:11,49722, 143771, 78, 59
2026-06-30T20:53:12,49722, 143771, 100, 59
2026-06-30T20:53:13,49722, 143771, 96, 60
2026-06-30T20:53:14,49722, 143771, 100, 60
2026-06-30T20:53:15,49722, 143771, 100, 61
2026-06-30T20:53:16,49722, 143771, 99, 61
2026-06-30T20:53:17,49722, 143771, 100, 60
2026-06-30T20:53:18,49722, 143771, 71, 59
2026-06-30T20:53:19,49722, 143771, 100, 60
2026-06-30T20:53:20,49722, 143771, 72, 60
2026-06-30T20:53:21,49722, 143771, 100, 60
2026-06-30T20:53:22,49722, 143771, 100, 58
2026-06-30T20:53:23,49722, 143771, 100, 62
2026-06-30T20:53:24,49722, 143771, 100, 60
2026-06-30T20:53:25,49722, 143771, 88, 60
2026-06-30T20:53:26,49722, 143771, 100, 60
2026-06-30T20:53:27,49722, 143771, 93, 59
2026-06-30T20:53:28,49722, 143771, 100, 60
2026-06-30T20:53:29,49722, 143771, 100, 59
2026-06-30T20:53:30,49722, 143771, 100, 60
2026-06-30T20:53:31,49722, 143771, 100, 60
2026-06-30T20:53:32,49722, 143771, 96, 62
2026-06-30T20:53:33,49722, 143771, 100, 59
2026-06-30T20:53:34,49722, 143771, 91, 58
2026-06-30T20:53:35,49722, 143771, 100, 60
2026-06-30T20:53:36,49722, 143771, 95, 60
2026-06-30T20:53:37,49722, 143771, 100, 60
2026-06-30T20:53:38,49722, 143771, 99, 59
2026-06-30T20:53:39,49722, 143771, 98, 59
2026-06-30T20:53:40,49722, 143771, 100, 60
2026-06-30T20:53:41,49722, 143771, 93, 60
2026-06-30T20:53:42,49722, 143771, 100, 60
2026-06-30T20:53:44,49722, 143771, 76, 59
2026-06-30T20:53:45,49722, 143771, 100, 60
2026-06-30T20:53:46,49722, 143771, 84, 59
2026-06-30T20:53:47,49722, 143771, 100, 60
2026-06-30T20:53:48,49722, 143771, 100, 59
2026-06-30T20:53:49,49722, 143771, 100, 61
2026-06-30T20:53:50,49722, 143771, 100, 60
2026-06-30T20:53:51,49722, 143771, 96, 60
2026-06-30T20:53:52,49722, 143771, 100, 60
2026-06-30T20:53:53,49722, 143771, 93, 59
2026-06-30T20:53:54,49722, 143771, 100, 59
2026-06-30T20:53:55,49722, 143771, 98, 59
2026-06-30T20:53:56,49722, 143771, 100, 60
2026-06-30T20:53:57,49722, 143771, 100, 60
2026-06-30T20:53:58,49722, 143771, 99, 59
2026-06-30T20:53:59,49722, 143771, 100, 60
2026-06-30T20:54:00,49722, 143771, 97, 60
2026-06-30T20:54:01,49722, 143771, 100, 59
2026-06-30T20:54:02,49722, 143771, 78, 60
2026-06-30T20:54:03,49722, 143771, 100, 60
2026-06-30T20:54:04,49722, 143771, 94, 58
2026-06-30T20:54:05,49722, 143771, 100, 60
2026-06-30T20:54:06,49722, 143771, 100, 60
2026-06-30T20:54:07,49722, 143771, 100, 60
2026-06-30T20:54:08,49722, 143771, 100, 60
2026-06-30T20:54:09,49722, 143771, 93, 62
2026-06-30T20:54:10,49722, 143771, 100, 60
2026-06-30T20:54:11,49722, 143771, 86, 58
2026-06-30T20:54:12,49722, 143771, 100, 60
2026-06-30T20:54:13,49722, 143771, 97, 60
2026-06-30T20:54:14,49722, 143771, 99, 59
2026-06-30T20:54:15,49722, 143771, 100, 60
2026-06-30T20:54:16,49722, 143771, 97, 59
2026-06-30T20:54:17,49722, 143771, 100, 60
2026-06-30T20:54:18,49722, 143771, 96, 60
2026-06-30T20:54:19,49722, 143771, 100, 60
2026-06-30T20:54:20,49722, 143771, 73, 59
2026-06-30T20:54:22,49722, 143771, 100, 60
2026-06-30T20:54:23,49722, 143771, 72, 58
2026-06-30T20:54:24,49722, 143771, 100, 59
2026-06-30T20:54:25,49722, 143771, 100, 60
2026-06-30T20:54:26,49722, 143771, 97, 60
2026-06-30T20:54:27,49722, 143771, 100, 60
2026-06-30T20:54:28,49722, 143771, 96, 61
2026-06-30T20:54:29,49722, 143771, 100, 60
2026-06-30T20:54:30,49722, 143771, 96, 60
2026-06-30T20:54:31,49722, 143771, 100, 60
2026-06-30T20:54:32,49722, 143771, 94, 58
2026-06-30T20:54:33,49722, 143771, 100, 60
2026-06-30T20:54:34,49722, 143771, 98, 59
2026-06-30T20:54:35,49722, 143771, 100, 59
2026-06-30T20:54:36,49722, 143771, 100, 60
2026-06-30T20:54:37,49722, 143771, 96, 63
2026-06-30T20:54:38,49722, 143771, 100, 60
2026-06-30T20:54:39,49722, 143771, 94, 61
2026-06-30T20:54:40,49722, 143771, 100, 59
2026-06-30T20:54:41,49722, 143771, 96, 60
2026-06-30T20:54:42,49722, 143771, 100, 59
2026-06-30T20:54:43,49722, 143771, 94, 60
2026-06-30T20:54:44,49722, 143771, 100, 60
2026-06-30T20:54:45,49722, 143771, 98, 60
2026-06-30T20:54:46,49722, 143771, 99, 59
2026-06-30T20:54:47,49722, 143771, 100, 60
2026-06-30T20:54:48,49722, 143771, 77, 60
2026-06-30T20:54:49,49722, 143771, 100, 60
2026-06-30T20:54:50,49722, 143771, 79, 59
2026-06-30T20:54:51,49722, 143771, 100, 60
2026-06-30T20:54:52,49722, 143771, 95, 58
2026-06-30T20:54:53,49722, 143771, 100, 60
2026-06-30T20:54:54,49722, 143771, 100, 59
2026-06-30T20:54:55,49722, 143771, 98, 60
2026-06-30T20:54:56,49722, 143771, 100, 60
2026-06-30T20:54:57,49722, 143771, 94, 60
2026-06-30T20:54:59,49722, 143771, 100, 60
2026-06-30T20:55:00,49722, 143771, 94, 59
2026-06-30T20:55:01,49722, 143771, 100, 60
2026-06-30T20:55:02,49722, 143771, 96, 58
2026-06-30T20:55:03,49722, 143771, 100, 59
2026-06-30T20:55:04,49722, 143771, 95, 61
2026-06-30T20:55:05,49722, 143771, 100, 60
2026-06-30T20:55:06,49722, 143771, 100, 60
2026-06-30T20:55:07,49722, 143771, 94, 60
2026-06-30T20:55:08,49722, 143771, 100, 60
2026-06-30T20:55:09,49722, 143771, 78, 60
2026-06-30T20:55:10,49722, 143771, 100, 61
2026-06-30T20:55:11,49722, 143771, 80, 57
2026-06-30T20:55:12,49722, 143771, 100, 60
2026-06-30T20:55:13,49722, 143771, 98, 59
2026-06-30T20:55:14,49722, 143771, 98, 59
2026-06-30T20:55:15,49722, 143771, 100, 60
2026-06-30T20:55:16,49722, 143771, 98, 60
2026-06-30T20:55:17,49722, 143771, 100, 59
2026-06-30T20:55:18,49722, 143771, 93, 60
2026-06-30T20:55:19,49722, 143771, 100, 60
2026-06-30T20:55:20,49722, 143771, 79, 60
2026-06-30T20:55:21,49722, 143771, 100, 60
2026-06-30T20:55:22,49722, 143771, 100, 59
2026-06-30T20:55:23,49722, 143771, 100, 59
2026-06-30T20:55:24,49722, 143771, 100, 59
2026-06-30T20:55:25,49722, 143771, 99, 60
2026-06-30T20:55:26,49722, 143771, 100, 61
2026-06-30T20:55:27,49722, 143771, 98, 60
2026-06-30T20:55:28,49722, 143771, 100, 60
2026-06-30T20:55:29,49722, 143771, 94, 60
2026-06-30T20:55:30,49722, 143771, 100, 60
2026-06-30T20:55:31,49722, 143771, 78, 59
2026-06-30T20:55:32,49722, 143771, 100, 60
2026-06-30T20:55:33,49722, 143771, 100, 59
2026-06-30T20:55:34,49722, 143771, 100, 60
2026-06-30T20:55:35,49722, 143771, 100, 60
2026-06-30T20:55:37,49722, 143771, 97, 60
2026-06-30T20:55:38,49722, 143771, 100, 60
2026-06-30T20:55:39,49722, 143771, 96, 62
2026-06-30T20:55:40,49722, 143771, 100, 59
2026-06-30T20:55:41,49722, 143771, 91, 60
2026-06-30T20:55:42,49722, 143771, 100, 59
2026-06-30T20:55:43,49722, 143771, 95, 56
2026-06-30T20:55:44,49722, 143771, 100, 59
2026-06-30T20:55:45,49722, 143771, 100, 60
2026-06-30T20:55:46,49722, 143771, 100, 63
2026-06-30T20:55:47,49722, 143771, 100, 60
2026-06-30T20:55:48,49722, 143771, 92, 59
2026-06-30T20:55:49,49722, 143771, 100, 60
2026-06-30T20:55:50,49722, 143771, 77, 59
2026-06-30T20:55:51,49722, 143771, 100, 60
2026-06-30T20:55:52,49722, 143771, 97, 59
2026-06-30T20:55:53,49722, 143771, 100, 60
2026-06-30T20:55:54,49722, 143771, 97, 58
2026-06-30T20:55:55,49722, 143771, 100, 60
2026-06-30T20:55:56,49722, 143771, 100, 60
2026-06-30T20:55:57,49722, 143771, 99, 61
2026-06-30T20:55:58,49722, 143771, 100, 60
2026-06-30T20:55:59,49722, 143771, 96, 60
2026-06-30T20:56:00,49722, 143771, 100, 60
2026-06-30T20:56:01,49722, 143771, 80, 58
2026-06-30T20:56:02,49722, 143771, 100, 59
2026-06-30T20:56:03,49722, 143771, 97, 59
2026-06-30T20:56:04,49722, 143771, 100, 60
2026-06-30T20:56:05,49722, 143771, 98, 60
2026-06-30T20:56:06,49722, 143771, 100, 60
2026-06-30T20:56:07,49722, 143771, 100, 60
2026-06-30T20:56:08,49722, 143771, 99, 60
2026-06-30T20:56:09,49722, 143771, 100, 60
2026-06-30T20:56:10,49722, 143771, 88, 60
2026-06-30T20:56:11,49722, 143771, 100, 59
2026-06-30T20:56:12,49722, 143771, 77, 59
2026-06-30T20:56:13,49722, 143771, 100, 59
2026-06-30T20:56:15,49722, 143771, 100, 56
2026-06-30T20:56:16,49722, 143771, 100, 59
2026-06-30T20:56:17,49722, 143771, 100, 60
2026-06-30T20:56:18,49722, 143771, 97, 60
2026-06-30T20:56:19,49722, 143771, 100, 59
2026-06-30T20:56:20,49722, 143771, 94, 59
2026-06-30T20:56:21,49722, 143771, 100, 60
2026-06-30T20:56:22,49722, 143771, 76, 59
2026-06-30T20:56:23,49722, 143771, 100, 59
2026-06-30T20:56:24,49722, 143771, 97, 60
2026-06-30T20:56:25,49722, 143771, 100, 60
2026-06-30T20:56:26,49722, 143771, 100, 60
2026-06-30T20:56:27,49722, 143771, 100, 60
2026-06-30T20:56:28,49722, 143771, 100, 60
2026-06-30T20:56:29,49722, 143771, 96, 62
2026-06-30T20:56:30,49722, 143771, 100, 60
2026-06-30T20:56:31,49722, 143771, 86, 58
2026-06-30T20:56:32,49722, 143771, 100, 60
2026-06-30T20:56:33,49722, 143771, 97, 56
2026-06-30T20:56:34,49722, 143771, 100, 60
2026-06-30T20:56:35,49722, 143771, 97, 60
2026-06-30T20:56:36,49722, 143771, 99, 59
2026-06-30T20:56:37,49722, 143771, 100, 60
2026-06-30T20:56:38,49722, 143771, 98, 60
2026-06-30T20:56:39,49722, 143771, 100, 60
2026-06-30T20:56:40,49722, 143771, 96, 60
2026-06-30T20:56:41,49722, 143771, 100, 60
2026-06-30T20:56:42,49722, 143771, 73, 55
2026-06-30T20:56:43,49722, 143771, 100, 60
2026-06-30T20:56:44,49722, 143771, 100, 59
2026-06-30T20:56:45,49722, 143771, 99, 59
2026-06-30T20:56:46,49722, 143771, 100, 60
2026-06-30T20:56:47,49722, 143771, 96, 59
2026-06-30T20:56:48,49722, 143771, 100, 59
2026-06-30T20:56:49,49722, 143771, 78, 60
2026-06-30T20:56:50,49722, 143771, 100, 60
2026-06-30T20:56:51,49722, 143771, 93, 60
2026-06-30T20:56:53,49722, 143771, 100, 59
2026-06-30T20:56:54,49722, 143771, 78, 59
2026-06-30T20:56:55,49722, 143771, 100, 60
2026-06-30T20:56:56,49722, 143771, 100, 60
2026-06-30T20:56:57,49722, 143771, 98, 59
2026-06-30T20:56:58,49722, 143771, 100, 60
2026-06-30T20:56:59,49722, 143771, 96, 62
2026-06-30T20:57:00,49722, 143771, 100, 60
2026-06-30T20:57:01,49722, 143771, 76, 59
2026-06-30T20:57:02,49722, 143771, 100, 60
2026-06-30T20:57:03,49722, 143771, 93, 59
2026-06-30T20:57:04,49722, 143771, 100, 60
2026-06-30T20:57:05,49722, 143771, 100, 59
2026-06-30T20:57:06,49722, 143771, 100, 60
2026-06-30T20:57:07,49722, 143771, 100, 60
2026-06-30T20:57:08,49722, 143771, 92, 62
2026-06-30T20:57:09,49722, 143771, 100, 59
2026-06-30T20:57:10,49722, 143771, 96, 62
2026-06-30T20:57:11,49722, 143771, 100, 60
2026-06-30T20:57:12,49722, 143771, 74, 59
2026-06-30T20:57:13,49722, 143771, 100, 60
2026-06-30T20:57:14,49722, 143771, 96, 60
2026-06-30T20:57:15,49722, 143771, 100, 60
2026-06-30T20:57:16,49722, 143771, 97, 59
2026-06-30T20:57:17,49722, 143771, 100, 62
2026-06-30T20:57:18,49722, 143771, 100, 60
2026-06-30T20:57:19,49722, 143771, 93, 60
2026-06-30T20:57:20,49722, 143771, 100, 60
2026-06-30T20:57:21,49722, 143771, 78, 59
2026-06-30T20:57:22,49722, 143771, 100, 60
2026-06-30T20:57:23,49722, 143771, 97, 58
2026-06-30T20:57:24,49722, 143771, 100, 59
2026-06-30T20:57:25,49722, 143771, 100, 58
2026-06-30T20:57:26,49722, 143771, 99, 59
2026-06-30T20:57:27,49722, 143771, 100, 60
2026-06-30T20:57:28,49722, 143771, 98, 60
2026-06-30T20:57:29,49722, 143771, 100, 59
2026-06-30T20:57:31,49722, 143771, 86, 60
2026-06-30T20:57:32,49722, 143771, 100, 59
2026-06-30T20:57:33,49722, 143771, 82, 60
2026-06-30T20:57:34,49722, 143771, 100, 60
2026-06-30T20:57:35,49722, 143771, 98, 59
2026-06-30T20:57:36,49722, 143771, 100, 59
2026-06-30T20:57:37,49722, 143771, 100, 57
2026-06-30T20:57:38,49722, 143771, 97, 59
2026-06-30T20:57:39,49722, 143771, 100, 59
2026-06-30T20:57:40,49722, 143771, 97, 60
2026-06-30T20:57:41,49722, 143771, 100, 60
2026-06-30T20:57:42,49722, 143771, 80, 60
2026-06-30T20:57:43,49722, 143771, 100, 60
2026-06-30T20:57:44,49722, 143771, 80, 59
2026-06-30T20:57:45,49722, 143771, 100, 60
2026-06-30T20:57:46,49722, 143771, 99, 59
2026-06-30T20:57:47,49722, 143771, 100, 60
2026-06-30T20:57:48,49722, 143771, 100, 59
2026-06-30T20:57:49,49722, 143771, 95, 60
2026-06-30T20:57:50,49722, 143771, 100, 59
2026-06-30T20:57:51,49722, 143771, 96, 60
2026-06-30T20:57:52,49722, 143771, 100, 59
2026-06-30T20:57:53,49722, 143771, 74, 59
2026-06-30T20:57:54,49722, 143771, 100, 60
2026-06-30T20:57:55,49722, 143771, 80, 59
2026-06-30T20:57:56,49722, 143771, 100, 60
2026-06-30T20:57:57,49722, 143771, 100, 59
2026-06-30T20:57:58,49722, 143771, 100, 61
2026-06-30T20:57:59,49722, 143771, 100, 59
2026-06-30T20:58:00,49722, 143771, 94, 62
2026-06-30T20:58:01,49722, 143771, 100, 60
2026-06-30T20:58:02,49722, 143771, 96, 60
2026-06-30T20:58:03,49722, 143771, 100, 59
2026-06-30T20:58:04,49722, 143771, 92, 58
2026-06-30T20:58:05,49722, 143771, 100, 60
2026-06-30T20:58:06,49722, 143771, 98, 60
2026-06-30T20:58:07,49722, 143771, 100, 60
2026-06-30T20:58:09,49722, 143771, 100, 60
2026-06-30T20:58:10,49722, 143771, 99, 61
2026-06-30T20:58:11,49722, 143771, 100, 59
2026-06-30T20:58:12,49722, 143771, 91, 59
2026-06-30T20:58:13,49722, 143771, 100, 59
2026-06-30T20:58:14,49722, 143771, 93, 59
2026-06-30T20:58:15,49722, 143771, 100, 59
2026-06-30T20:58:16,49722, 143771, 100, 59
2026-06-30T20:58:17,49722, 143771, 96, 60
2026-06-30T20:58:18,49722, 143771, 100, 60
2026-06-30T20:58:19,49722, 143771, 96, 60
2026-06-30T20:58:20,49722, 143771, 100, 59
2026-06-30T20:58:21,49722, 143771, 94, 59
2026-06-30T20:58:22,49722, 143771, 100, 60
2026-06-30T20:58:23,49722, 143771, 79, 60
2026-06-30T20:58:24,49722, 143771, 100, 59
2026-06-30T20:58:25,49722, 143771, 95, 57
2026-06-30T20:58:26,49722, 143771, 100, 60
2026-06-30T20:58:27,49722, 143771, 100, 60
2026-06-30T20:58:28,49722, 143771, 96, 60
2026-06-30T20:58:29,49722, 143771, 100, 59
2026-06-30T20:58:30,49722, 143771, 96, 62
2026-06-30T20:58:31,49722, 143771, 100, 60
2026-06-30T20:58:32,49722, 143771, 96, 59
2026-06-30T20:58:33,49722, 143771, 100, 59
2026-06-30T20:58:34,49722, 143771, 76, 59
2026-06-30T20:58:35,49722, 143771, 100, 59
2026-06-30T20:58:36,49722, 143771, 96, 61
2026-06-30T20:58:37,49722, 143771, 100, 60
2026-06-30T20:58:38,49722, 143771, 100, 60
2026-06-30T20:58:39,49722, 143771, 92, 62
2026-06-30T20:58:40,49722, 143771, 100, 60
2026-06-30T20:58:41,49722, 143771, 78, 59
2026-06-30T20:58:42,49722, 143771, 100, 60
2026-06-30T20:58:43,49722, 143771, 75, 60
2026-06-30T20:58:44,49722, 143771, 100, 59
2026-06-30T20:58:45,49722, 143771, 100, 59
2026-06-30T20:58:47,49722, 143771, 97, 59
2026-06-30T20:58:48,49722, 143771, 100, 59
2026-06-30T20:58:49,49722, 143771, 93, 59
2026-06-30T20:58:50,49722, 143771, 100, 60
2026-06-30T20:58:51,49722, 143771, 96, 59
2026-06-30T20:58:52,49722, 143771, 100, 59
2026-06-30T20:58:53,49722, 143771, 72, 58
2026-06-30T20:58:54,49722, 143771, 100, 59
2026-06-30T20:58:55,49722, 143771, 97, 59
2026-06-30T20:58:56,49722, 143771, 100, 59
2026-06-30T20:58:57,49722, 143771, 100, 60
2026-06-30T20:58:58,49722, 143771, 93, 63
2026-06-30T20:58:59,49722, 143771, 100, 59
2026-06-30T20:59:00,49722, 143771, 94, 59
2026-06-30T20:59:01,49722, 143771, 100, 60
2026-06-30T20:59:02,49722, 143771, 96, 60
2026-06-30T20:59:03,49722, 143771, 100, 60
2026-06-30T20:59:04,49722, 143771, 98, 59
2026-06-30T20:59:05,49722, 143771, 100, 60
2026-06-30T20:59:06,49722, 143771, 100, 60
2026-06-30T20:59:07,49722, 143771, 97, 59
2026-06-30T20:59:08,49722, 143771, 100, 58
2026-06-30T20:59:09,49722, 143771, 74, 59
2026-06-30T20:59:10,49722, 143771, 100, 59
2026-06-30T20:59:11,49722, 143771, 78, 59
2026-06-30T20:59:12,49722, 143771, 100, 59
2026-06-30T20:59:13,49722, 143771, 100, 60
2026-06-30T20:59:14,49722, 143771, 100, 60
2026-06-30T20:59:15,49722, 143771, 100, 60
2026-06-30T20:59:16,49722, 143771, 94, 61
2026-06-30T20:59:17,49722, 143771, 100, 59
2026-06-30T20:59:18,49722, 143771, 94, 59
2026-06-30T20:59:19,49722, 143771, 100, 60
2026-06-30T20:59:20,49722, 143771, 95, 57
2026-06-30T20:59:21,49722, 143771, 100, 59
2026-06-30T20:59:22,49722, 143771, 98, 59
2026-06-30T20:59:24,49722, 143771, 100, 59
2026-06-30T20:59:25,49722, 143771, 100, 59
2026-06-30T20:59:26,49722, 143771, 98, 59
2026-06-30T20:59:27,49722, 143771, 100, 59
2026-06-30T20:59:28,49722, 143771, 96, 59
2026-06-30T20:59:29,49722, 143771, 100, 59
2026-06-30T20:59:30,49722, 143771, 79, 59
2026-06-30T20:59:31,49722, 143771, 100, 59
2026-06-30T20:59:32,49722, 143771, 100, 58
2026-06-30T20:59:33,49722, 143771, 100, 59
2026-06-30T20:59:34,49722, 143771, 100, 59
2026-06-30T20:59:35,49722, 143771, 97, 59
2026-06-30T20:59:36,49722, 143771, 100, 59
2026-06-30T20:59:37,49722, 143771, 94, 59
2026-06-30T20:59:38,49722, 143771, 100, 59
2026-06-30T20:59:39,49722, 143771, 91, 59
2026-06-30T20:59:40,49722, 143771, 100, 59
2026-06-30T20:59:41,49722, 143771, 80, 58
2026-06-30T20:59:42,49722, 143771, 100, 59
2026-06-30T20:59:43,49722, 143771, 100, 59
2026-06-30T20:59:44,49722, 143771, 99, 62
2026-06-30T20:59:45,49722, 143771, 100, 60
2026-06-30T20:59:46,49722, 143771, 96, 59
2026-06-30T20:59:47,49722, 143771, 100, 59
2026-06-30T20:59:48,49722, 143771, 81, 58
2026-06-30T20:59:49,49722, 143771, 100, 59
2026-06-30T20:59:50,49722, 143771, 97, 59
2026-06-30T20:59:51,49722, 143771, 100, 59
2026-06-30T20:59:52,49722, 143771, 98, 58
2026-06-30T20:59:53,49722, 143771, 100, 59
2026-06-30T20:59:54,49722, 143771, 100, 59
2026-06-30T20:59:55,49722, 143771, 98, 60
2026-06-30T20:59:56,49722, 143771, 100, 60
2026-06-30T20:59:57,49722, 143771, 86, 59
2026-06-30T20:59:58,49722, 143771, 100, 60
2026-06-30T20:59:59,49722, 143771, 77, 57
2026-06-30T21:00:00,49722, 143771, 100, 59
2026-06-30T21:00:02,49722, 143771, 100, 56
2026-06-30T21:00:03,49722, 143771, 100, 59
2026-06-30T21:00:04,49722, 143771, 100, 59
2026-06-30T21:00:05,49722, 143771, 91, 62
2026-06-30T21:00:06,49722, 143771, 100, 59
2026-06-30T21:00:07,49722, 143771, 94, 59
2026-06-30T21:00:08,49722, 143771, 100, 59
2026-06-30T21:00:09,49722, 143771, 90, 58
2026-06-30T21:00:10,49722, 143771, 100, 59
2026-06-30T21:00:11,49722, 143771, 98, 56
2026-06-30T21:00:12,49722, 143771, 100, 59
2026-06-30T21:00:13,49722, 143771, 100, 60
2026-06-30T21:00:14,49722, 143771, 99, 60
2026-06-30T21:00:15,49722, 143771, 100, 59
2026-06-30T21:00:16,49722, 143771, 91, 59
2026-06-30T21:00:17,49722, 143771, 100, 60
2026-06-30T21:00:18,49722, 143771, 81, 59
2026-06-30T21:00:19,49722, 143771, 100, 59
2026-06-30T21:00:20,49722, 143771, 99, 59
2026-06-30T21:00:21,49722, 143771, 100, 59
2026-06-30T21:00:22,49722, 143771, 100, 57
2026-06-30T21:00:23,49722, 143771, 98, 59
2026-06-30T21:00:24,49722, 143771, 100, 59
2026-06-30T21:00:25,49722, 143771, 97, 59
2026-06-30T21:00:26,49722, 143771, 100, 59
2026-06-30T21:00:27,49722, 143771, 92, 59
2026-06-30T21:00:28,49722, 143771, 100, 60
2026-06-30T21:00:29,49722, 143771, 80, 59
2026-06-30T21:00:30,49722, 143771, 100, 59
2026-06-30T21:00:31,49722, 143771, 100, 59
2026-06-30T21:00:32,49722, 143771, 100, 60
2026-06-30T21:00:33,49722, 143771, 100, 59
2026-06-30T21:00:34,49722, 143771, 96, 61
2026-06-30T21:00:35,49722, 143771, 100, 59
2026-06-30T21:00:36,49722, 143771, 96, 61
2026-06-30T21:00:37,49722, 143771, 100, 60
2026-06-30T21:00:39,49722, 143771, 91, 58
2026-06-30T21:00:40,49722, 143771, 100, 59
2026-06-30T21:00:41,49722, 143771, 96, 59
2026-06-30T21:00:42,49722, 143771, 100, 59
2026-06-30T21:00:43,49722, 143771, 100, 59
2026-06-30T21:00:44,49722, 143771, 99, 61
2026-06-30T21:00:45,49722, 143771, 100, 59
2026-06-30T21:00:46,49722, 143771, 74, 59
2026-06-30T21:00:47,49722, 143771, 100, 60
2026-06-30T21:00:48,49722, 143771, 73, 58
2026-06-30T21:00:49,49722, 143771, 100, 59
2026-06-30T21:00:50,49722, 143771, 100, 59
2026-06-30T21:00:51,49722, 143771, 100, 59
2026-06-30T21:00:52,49722, 143771, 100, 60
2026-06-30T21:00:53,49722, 143771, 97, 60
2026-06-30T21:00:54,49722, 143771, 100, 59
2026-06-30T21:00:55,49722, 143771, 94, 61
2026-06-30T21:00:56,49722, 143771, 100, 60
2026-06-30T21:00:57,49722, 143771, 92, 59
2026-06-30T21:00:58,49722, 143771, 100, 59
2026-06-30T21:00:59,14600, 143771, 0, 47
2026-06-30T21:01:00,14600, 143771, 0, 45
2026-06-30T21:01:01,14600, 143771, 0, 44
2026-06-30T21:01:02,14600, 143771, 0, 44
2026-06-30T21:01:03,14600, 143771, 0, 43
2026-06-30T21:01:04,14600, 143771, 0, 42
2026-06-30T21:01:05,14600, 143771, 0, 42
2026-06-30T21:01:06,14606, 143771, 11, 42
2026-06-30T21:01:07,14612, 143771, 4, 41
2026-06-30T21:01:08,14618, 143771, 2, 41
2026-06-30T21:01:09,14626, 143771, 4, 40
2026-06-30T21:01:10,14626, 143771, 0, 40
2026-06-30T21:01:11,14626, 143771, 0, 40
2026-06-30T21:01:12,14626, 143771, 0, 39
2026-06-30T21:01:13,14626, 143771, 0, 39
2026-06-30T21:01:14,14626, 143771, 0, 39
2026-06-30T21:01:15,14626, 143771, 0, 38
2026-06-30T21:01:17,14626, 143771, 0, 38
2026-06-30T21:01:18,14626, 143771, 0, 38
2026-06-30T21:01:19,14626, 143771, 0, 38
2026-06-30T21:01:20,14626, 143771, 0, 38
2026-06-30T21:01:21,14626, 143771, 0, 37
2026-06-30T21:01:22,14626, 143771, 0, 37
2026-06-30T21:01:23,14626, 143771, 0, 37
2026-06-30T21:01:24,14626, 143771, 0, 37
2026-06-30T21:01:25,14626, 143771, 0, 37
2026-06-30T21:01:26,14626, 143771, 0, 36
2026-06-30T21:01:27,14626, 143771, 0, 36
2026-06-30T21:01:28,14626, 143771, 0, 36
2026-06-30T21:01:29,14626, 143771, 0, 36
2026-06-30T21:01:30,14626, 143771, 0, 36
2026-06-30T21:01:31,14626, 143771, 0, 36
2026-06-30T21:01:32,14626, 143771, 0, 36
2026-06-30T21:01:33,14626, 143771, 0, 35
2026-06-30T21:01:34,14626, 143771, 0, 35
2026-06-30T21:01:35,14626, 143771, 0, 35
2026-06-30T21:01:36,14626, 143771, 0, 35
2026-06-30T21:01:37,14626, 143771, 0, 35
2026-06-30T21:01:38,14626, 143771, 0, 35
2026-06-30T21:01:39,14626, 143771, 0, 35
2026-06-30T21:01:40,14626, 143771, 0, 35
2026-06-30T21:01:41,14626, 143771, 0, 35
2026-06-30T21:01:42,14626, 143771, 0, 35
2026-06-30T21:01:43,14626, 143771, 0, 34
2026-06-30T21:01:44,14626, 143771, 0, 34
2026-06-30T21:01:45,14626, 143771, 0, 34
2026-06-30T21:01:46,14626, 143771, 0, 34
2026-06-30T21:01:47,14626, 143771, 0, 34
2026-06-30T21:01:48,14626, 143771, 0, 34
2026-06-30T21:01:49,14626, 143771, 0, 34
2026-06-30T21:01:50,15970, 143771, 0, 34
2026-06-30T21:01:51,20190, 143771, 95, 46
2026-06-30T21:01:52,20190, 143771, 80, 43
2026-06-30T21:01:53,19026, 143771, 1, 36
2026-06-30T21:01:54,13074, 143771, 0, 35
2026-06-30T21:01:55,13074, 143771, 0, 35
2026-06-30T21:01:57,13074, 143771, 0, 35
2026-06-30T21:01:58,13042, 143771, 0, 35
2026-06-30T21:01:59,4, 143771, 0, 34
