2026-06-30T15:11:14,0, 143771, 0, 32
2026-06-30T15:11:15,0, 143771, 0, 32
2026-06-30T15:11:16,4, 143771, 0, 32
2026-06-30T15:11:17,4, 143771, 0, 32
2026-06-30T15:11:18,4, 143771, 0, 32
2026-06-30T15:11:19,4, 143771, 0, 32
2026-06-30T15:11:20,4, 143771, 0, 32
2026-06-30T15:11:21,4, 143771, 0, 32
2026-06-30T15:11:22,4, 143771, 0, 32
2026-06-30T15:11:23,4, 143771, 0, 32
2026-06-30T15:11:24,4, 143771, 0, 32
2026-06-30T15:11:25,526, 143771, 0, 33
2026-06-30T15:11:26,526, 143771, 0, 33
2026-06-30T15:11:27,526, 143771, 0, 33
2026-06-30T15:11:28,526, 143771, 0, 33
2026-06-30T15:11:29,526, 143771, 0, 33
2026-06-30T15:11:30,526, 143771, 0, 33
2026-06-30T15:11:31,526, 143771, 0, 33
2026-06-30T15:11:32,2476, 143771, 0, 33
2026-06-30T15:11:33,2476, 143771, 0, 33
2026-06-30T15:11:34,1376, 143771, 12, 35
2026-06-30T15:11:35,7236, 143771, 0, 34
2026-06-30T15:11:37,8448, 143771, 2, 34
2026-06-30T15:11:38,12726, 143771, 0, 34
2026-06-30T15:11:39,14846, 143771, 50, 36
2026-06-30T15:11:40,113758, 143771, 76, 41
2026-06-30T15:11:41,114304, 143771, 0, 36
2026-06-30T15:11:42,114312, 143771, 80, 44
2026-06-30T15:11:43,115090, 143771, 66, 42
2026-06-30T15:11:44,120410, 143771, 100, 51
2026-06-30T15:11:45,120410, 143771, 78, 48
2026-06-30T15:11:46,120410, 143771, 100, 51
2026-06-30T15:11:47,120410, 143771, 72, 50
2026-06-30T15:11:48,120410, 143771, 100, 54
2026-06-30T15:11:49,120410, 143771, 78, 51
2026-06-30T15:11:50,120410, 143771, 100, 54
2026-06-30T15:11:51,120410, 143771, 76, 52
2026-06-30T15:11:52,120410, 143771, 100, 54
2026-06-30T15:11:53,120410, 143771, 94, 58
2026-06-30T15:11:54,120410, 143771, 100, 57
2026-06-30T15:11:55,120410, 143771, 100, 56
2026-06-30T15:11:56,120410, 143771, 80, 53
2026-06-30T15:11:57,120410, 143771, 100, 56
2026-06-30T15:11:58,120410, 143771, 76, 55
2026-06-30T15:11:59,120410, 143771, 100, 56
2026-06-30T15:12:00,120410, 143771, 69, 54
2026-06-30T15:12:01,120410, 143771, 100, 58
2026-06-30T15:12:02,120410, 143771, 75, 54
2026-06-30T15:12:03,120410, 143771, 100, 59
2026-06-30T15:12:04,120410, 143771, 73, 59
2026-06-30T15:12:05,120410, 143771, 100, 58
2026-06-30T15:12:06,120410, 143771, 100, 62
2026-06-30T15:12:07,120410, 143771, 100, 60
2026-06-30T15:12:08,120410, 143771, 100, 60
2026-06-30T15:12:10,120410, 143771, 77, 58
2026-06-30T15:12:11,120410, 143771, 100, 58
2026-06-30T15:12:12,120410, 143771, 72, 56
2026-06-30T15:12:13,120410, 143771, 100, 60
2026-06-30T15:12:14,120410, 143771, 69, 55
2026-06-30T15:12:15,120410, 143771, 100, 61
2026-06-30T15:12:16,120410, 143771, 76, 55
2026-06-30T15:12:17,120410, 143771, 100, 61
2026-06-30T15:12:18,120410, 143771, 77, 57
2026-06-30T15:12:19,120410, 143771, 100, 61
2026-06-30T15:12:20,120410, 143771, 100, 63
2026-06-30T15:12:21,120410, 143771, 100, 62
2026-06-30T15:12:22,120410, 143771, 100, 59
2026-06-30T15:12:23,120410, 143771, 80, 57
2026-06-30T15:12:24,120410, 143771, 100, 61
2026-06-30T15:12:25,120410, 143771, 76, 57
2026-06-30T15:12:26,120410, 143771, 100, 63
2026-06-30T15:12:27,120410, 143771, 80, 58
2026-06-30T15:12:28,120410, 143771, 100, 62
2026-06-30T15:12:29,120410, 143771, 83, 57
2026-06-30T15:12:30,120410, 143771, 100, 62
2026-06-30T15:12:31,120410, 143771, 100, 63
2026-06-30T15:12:32,120410, 143771, 100, 62
2026-06-30T15:12:33,120410, 143771, 100, 62
2026-06-30T15:12:34,120410, 143771, 82, 59
2026-06-30T15:12:35,120410, 143771, 100, 61
2026-06-30T15:12:36,120410, 143771, 77, 58
2026-06-30T15:12:37,120410, 143771, 100, 63
2026-06-30T15:12:38,120410, 143771, 72, 60
2026-06-30T15:12:39,120410, 143771, 100, 62
2026-06-30T15:12:40,120410, 143771, 80, 64
2026-06-30T15:12:41,120410, 143771, 100, 62
2026-06-30T15:12:43,120410, 143771, 100, 63
2026-06-30T15:12:44,120410, 143771, 100, 62
2026-06-30T15:12:45,120410, 143771, 100, 62
2026-06-30T15:12:46,120410, 143771, 77, 57
2026-06-30T15:12:47,120410, 143771, 100, 64
2026-06-30T15:12:48,120410, 143771, 76, 60
2026-06-30T15:12:49,120410, 143771, 100, 63
2026-06-30T15:12:50,120410, 143771, 57, 57
2026-06-30T15:12:51,120410, 143771, 100, 61
2026-06-30T15:12:52,120410, 143771, 76, 60
2026-06-30T15:12:53,120410, 143771, 100, 62
2026-06-30T15:12:54,120410, 143771, 78, 58
2026-06-30T15:12:55,120410, 143771, 100, 63
2026-06-30T15:12:56,120410, 143771, 88, 59
2026-06-30T15:12:57,120410, 143771, 100, 63
2026-06-30T15:12:58,120410, 143771, 100, 63
2026-06-30T15:12:59,120410, 143771, 100, 58
2026-06-30T15:13:00,120410, 143771, 100, 62
2026-06-30T15:13:01,120410, 143771, 84, 60
2026-06-30T15:13:02,120410, 143771, 100, 64
2026-06-30T15:13:03,120410, 143771, 75, 60
2026-06-30T15:13:04,120410, 143771, 100, 63
2026-06-30T15:13:05,120410, 143771, 70, 60
2026-06-30T15:13:06,120410, 143771, 100, 63
2026-06-30T15:13:07,120410, 143771, 81, 59
2026-06-30T15:13:08,120410, 143771, 100, 62
2026-06-30T15:13:09,120410, 143771, 80, 63
2026-06-30T15:13:10,120410, 143771, 100, 62
2026-06-30T15:13:11,120410, 143771, 100, 66
2026-06-30T15:13:12,120410, 143771, 100, 64
2026-06-30T15:13:13,120410, 143771, 100, 63
2026-06-30T15:13:14,120410, 143771, 79, 59
2026-06-30T15:13:16,120410, 143771, 100, 62
2026-06-30T15:13:17,120410, 143771, 79, 61
2026-06-30T15:13:18,120410, 143771, 100, 64
2026-06-30T15:13:19,120410, 143771, 68, 60
2026-06-30T15:13:20,120410, 143771, 100, 62
2026-06-30T15:13:21,120410, 143771, 81, 59
2026-06-30T15:13:22,120410, 143771, 100, 63
2026-06-30T15:13:23,120410, 143771, 82, 65
2026-06-30T15:13:24,120410, 143771, 100, 64
2026-06-30T15:13:25,120410, 143771, 100, 66
2026-06-30T15:13:26,120410, 143771, 100, 64
2026-06-30T15:13:27,120410, 143771, 100, 63
2026-06-30T15:13:28,120410, 143771, 80, 59
2026-06-30T15:13:29,120410, 143771, 100, 63
2026-06-30T15:13:30,120410, 143771, 71, 59
2026-06-30T15:13:31,120410, 143771, 100, 62
2026-06-30T15:13:32,120410, 143771, 74, 60
2026-06-30T15:13:33,120410, 143771, 100, 65
2026-06-30T15:13:34,120410, 143771, 76, 61
2026-06-30T15:13:35,120410, 143771, 100, 64
2026-06-30T15:13:36,120410, 143771, 79, 61
2026-06-30T15:13:37,120410, 143771, 100, 64
2026-06-30T15:13:38,120410, 143771, 89, 61
2026-06-30T15:13:39,120410, 143771, 100, 65
2026-06-30T15:13:40,120410, 143771, 100, 63
2026-06-30T15:13:41,120410, 143771, 89, 63
2026-06-30T15:13:42,120410, 143771, 100, 63
2026-06-30T15:13:43,120410, 143771, 76, 62
2026-06-30T15:13:44,120410, 143771, 100, 62
2026-06-30T15:13:45,120410, 143771, 63, 59
2026-06-30T15:13:46,120410, 143771, 100, 65
2026-06-30T15:13:47,120410, 143771, 76, 62
2026-06-30T15:13:49,120410, 143771, 100, 63
2026-06-30T15:13:50,120410, 143771, 78, 59
2026-06-30T15:13:51,120410, 143771, 100, 64
2026-06-30T15:13:52,120410, 143771, 100, 65
2026-06-30T15:13:53,120410, 143771, 100, 63
2026-06-30T15:13:54,120410, 143771, 100, 64
2026-06-30T15:13:55,120410, 143771, 99, 63
2026-06-30T15:13:56,120410, 143771, 100, 64
2026-06-30T15:13:57,120410, 143771, 82, 61
2026-06-30T15:13:58,120410, 143771, 100, 64
2026-06-30T15:13:59,120410, 143771, 80, 60
2026-06-30T15:14:00,120410, 143771, 100, 63
2026-06-30T15:14:01,120410, 143771, 79, 60
2026-06-30T15:14:02,120410, 143771, 100, 65
2026-06-30T15:14:03,120410, 143771, 79, 60
2026-06-30T15:14:04,120410, 143771, 100, 64
2026-06-30T15:14:05,120410, 143771, 100, 62
2026-06-30T15:14:06,120410, 143771, 100, 64
2026-06-30T15:14:07,120410, 143771, 100, 64
2026-06-30T15:14:08,120410, 143771, 75, 60
2026-06-30T15:14:09,120410, 143771, 100, 64
2026-06-30T15:14:10,120410, 143771, 80, 63
2026-06-30T15:14:11,120410, 143771, 100, 65
2026-06-30T15:14:12,120410, 143771, 81, 60
2026-06-30T15:14:13,120410, 143771, 100, 65
2026-06-30T15:14:14,120410, 143771, 80, 60
2026-06-30T15:14:15,120410, 143771, 100, 65
2026-06-30T15:14:16,120410, 143771, 90, 62
2026-06-30T15:14:17,120410, 143771, 100, 65
2026-06-30T15:14:18,120410, 143771, 100, 64
2026-06-30T15:14:19,120410, 143771, 98, 60
2026-06-30T15:14:20,120410, 143771, 100, 64
2026-06-30T15:14:21,120410, 143771, 75, 62
2026-06-30T15:14:23,120410, 143771, 100, 65
2026-06-30T15:14:24,120410, 143771, 82, 60
2026-06-30T15:14:25,120410, 143771, 100, 65
2026-06-30T15:14:26,120410, 143771, 78, 61
2026-06-30T15:14:27,120410, 143771, 100, 65
2026-06-30T15:14:28,120410, 143771, 77, 60
2026-06-30T15:14:29,120410, 143771, 100, 63
2026-06-30T15:14:30,120410, 143771, 91, 60
2026-06-30T15:14:31,120410, 143771, 100, 65
2026-06-30T15:14:32,120410, 143771, 100, 64
2026-06-30T15:14:33,120410, 143771, 99, 60
2026-06-30T15:14:34,120410, 143771, 100, 64
2026-06-30T15:14:35,120410, 143771, 78, 62
2026-06-30T15:14:36,120410, 143771, 100, 65
2026-06-30T15:14:37,120410, 143771, 81, 62
2026-06-30T15:14:38,120410, 143771, 100, 64
2026-06-30T15:14:39,120410, 143771, 81, 61
2026-06-30T15:14:40,120410, 143771, 100, 63
2026-06-30T15:14:41,120410, 143771, 78, 60
2026-06-30T15:14:42,120410, 143771, 100, 64
2026-06-30T15:14:43,120410, 143771, 100, 65
2026-06-30T15:14:44,120410, 143771, 100, 65
2026-06-30T15:14:45,120410, 143771, 100, 62
2026-06-30T15:14:46,120410, 143771, 91, 61
2026-06-30T15:14:47,120410, 143771, 100, 65
2026-06-30T15:14:48,120410, 143771, 76, 63
2026-06-30T15:14:49,120410, 143771, 100, 64
2026-06-30T15:14:50,120410, 143771, 78, 60
2026-06-30T15:14:51,120410, 143771, 100, 65
2026-06-30T15:14:52,120410, 143771, 73, 60
2026-06-30T15:14:53,120410, 143771, 100, 63
2026-06-30T15:14:54,120410, 143771, 80, 62
2026-06-30T15:14:56,120410, 143771, 100, 65
2026-06-30T15:14:57,120410, 143771, 88, 61
2026-06-30T15:14:58,120410, 143771, 100, 63
2026-06-30T15:14:59,120410, 143771, 100, 66
2026-06-30T15:15:00,120410, 143771, 100, 63
2026-06-30T15:15:01,120410, 143771, 100, 63
2026-06-30T15:15:02,120410, 143771, 80, 61
2026-06-30T15:15:03,120410, 143771, 100, 64
2026-06-30T15:15:04,120410, 143771, 78, 61
2026-06-30T15:15:05,120410, 143771, 100, 65
2026-06-30T15:15:06,120410, 143771, 81, 61
2026-06-30T15:15:07,120410, 143771, 100, 65
2026-06-30T15:15:08,120410, 143771, 81, 61
2026-06-30T15:15:09,120410, 143771, 100, 65
2026-06-30T15:15:10,120410, 143771, 96, 67
2026-06-30T15:15:11,120410, 143771, 100, 63
2026-06-30T15:15:12,120410, 143771, 100, 63
2026-06-30T15:15:13,120410, 143771, 97, 62
2026-06-30T15:15:14,120410, 143771, 100, 63
2026-06-30T15:15:15,120410, 143771, 77, 61
2026-06-30T15:15:16,120410, 143771, 100, 63
2026-06-30T15:15:17,120410, 143771, 83, 59
2026-06-30T15:15:18,120410, 143771, 100, 64
2026-06-30T15:15:19,120410, 143771, 78, 60
2026-06-30T15:15:20,120410, 143771, 100, 65
2026-06-30T15:15:21,120410, 143771, 80, 61
2026-06-30T15:15:22,120410, 143771, 100, 65
2026-06-30T15:15:23,120410, 143771, 100, 65
2026-06-30T15:15:24,120410, 143771, 100, 65
2026-06-30T15:15:25,120410, 143771, 100, 64
2026-06-30T15:15:26,120410, 143771, 82, 62
2026-06-30T15:15:27,120410, 143771, 100, 64
2026-06-30T15:15:28,120410, 143771, 65, 62
2026-06-30T15:15:30,120410, 143771, 100, 64
2026-06-30T15:15:31,120410, 143771, 78, 61
2026-06-30T15:15:32,120410, 143771, 100, 65
2026-06-30T15:15:33,120410, 143771, 78, 60
2026-06-30T15:15:34,120410, 143771, 100, 65
2026-06-30T15:15:35,120410, 143771, 85, 64
2026-06-30T15:15:36,120410, 143771, 100, 64
2026-06-30T15:15:37,120410, 143771, 100, 62
2026-06-30T15:15:38,120410, 143771, 100, 65
2026-06-30T15:15:39,120410, 143771, 100, 64
2026-06-30T15:15:40,120410, 143771, 77, 61
2026-06-30T15:15:41,120410, 143771, 100, 63
2026-06-30T15:15:42,120410, 143771, 67, 63
2026-06-30T15:15:43,120410, 143771, 100, 64
2026-06-30T15:15:44,120410, 143771, 75, 61
2026-06-30T15:15:45,120410, 143771, 100, 65
2026-06-30T15:15:46,120410, 143771, 80, 62
2026-06-30T15:15:47,120410, 143771, 100, 65
2026-06-30T15:15:48,120410, 143771, 90, 62
2026-06-30T15:15:49,120410, 143771, 100, 63
2026-06-30T15:15:50,120410, 143771, 100, 64
2026-06-30T15:15:51,120410, 143771, 100, 63
2026-06-30T15:15:52,120410, 143771, 100, 64
2026-06-30T15:15:53,120410, 143771, 76, 61
2026-06-30T15:15:54,120410, 143771, 100, 64
2026-06-30T15:15:55,120410, 143771, 71, 60
2026-06-30T15:15:56,120410, 143771, 100, 65
2026-06-30T15:15:57,120410, 143771, 79, 62
2026-06-30T15:15:58,120410, 143771, 100, 63
2026-06-30T15:15:59,120410, 143771, 80, 61
2026-06-30T15:16:00,120410, 143771, 100, 63
2026-06-30T15:16:01,120410, 143771, 84, 67
2026-06-30T15:16:03,120410, 143771, 100, 65
2026-06-30T15:16:04,120410, 143771, 100, 64
2026-06-30T15:16:05,120410, 143771, 100, 63
2026-06-30T15:16:06,120410, 143771, 100, 64
2026-06-30T15:16:07,120410, 143771, 79, 63
2026-06-30T15:16:08,120410, 143771, 100, 65
2026-06-30T15:16:09,120410, 143771, 64, 60
2026-06-30T15:16:10,120410, 143771, 100, 65
2026-06-30T15:16:11,120410, 143771, 75, 61
2026-06-30T15:16:12,120410, 143771, 100, 63
2026-06-30T15:16:13,120410, 143771, 77, 61
2026-06-30T15:16:14,120410, 143771, 100, 65
2026-06-30T15:16:15,120410, 143771, 83, 66
2026-06-30T15:16:16,120410, 143771, 100, 64
2026-06-30T15:16:17,120410, 143771, 100, 63
2026-06-30T15:16:18,120410, 143771, 100, 65
2026-06-30T15:16:19,120410, 143771, 100, 65
2026-06-30T15:16:20,120410, 143771, 78, 61
2026-06-30T15:16:21,120410, 143771, 100, 65
2026-06-30T15:16:22,120410, 143771, 78, 62
2026-06-30T15:16:23,120410, 143771, 100, 64
2026-06-30T15:16:24,120410, 143771, 77, 60
2026-06-30T15:16:25,120410, 143771, 100, 65
2026-06-30T15:16:26,120410, 143771, 79, 61
2026-06-30T15:16:27,120410, 143771, 100, 65
2026-06-30T15:16:28,120410, 143771, 75, 66
2026-06-30T15:16:29,120410, 143771, 100, 63
2026-06-30T15:16:30,120410, 143771, 100, 64
2026-06-30T15:16:31,120410, 143771, 100, 63
2026-06-30T15:16:32,120410, 143771, 100, 64
2026-06-30T15:16:33,120410, 143771, 78, 63
2026-06-30T15:16:34,120410, 143771, 100, 65
2026-06-30T15:16:35,120410, 143771, 80, 61
2026-06-30T15:16:37,120410, 143771, 100, 63
2026-06-30T15:16:38,120410, 143771, 69, 62
2026-06-30T15:16:39,120410, 143771, 100, 64
2026-06-30T15:16:40,120410, 143771, 81, 60
2026-06-30T15:16:41,120410, 143771, 100, 65
2026-06-30T15:16:42,120410, 143771, 77, 60
2026-06-30T15:16:43,120410, 143771, 100, 64
2026-06-30T15:16:44,120410, 143771, 94, 65
2026-06-30T15:16:45,120410, 143771, 100, 65
2026-06-30T15:16:46,120410, 143771, 100, 64
2026-06-30T15:16:47,120410, 143771, 100, 60
2026-06-30T15:16:48,120410, 143771, 100, 64
2026-06-30T15:16:49,120410, 143771, 78, 63
2026-06-30T15:16:50,120410, 143771, 100, 64
2026-06-30T15:16:51,120410, 143771, 73, 61
2026-06-30T15:16:52,120410, 143771, 100, 65
2026-06-30T15:16:53,120410, 143771, 74, 60
2026-06-30T15:16:54,120410, 143771, 100, 65
2026-06-30T15:16:55,120410, 143771, 74, 61
2026-06-30T15:16:56,120410, 143771, 100, 65
2026-06-30T15:16:57,120410, 143771, 77, 63
2026-06-30T15:16:58,120410, 143771, 100, 65
2026-06-30T15:16:59,120410, 143771, 100, 65
2026-06-30T15:17:00,120410, 143771, 100, 63
2026-06-30T15:17:01,120410, 143771, 100, 63
2026-06-30T15:17:02,120410, 143771, 86, 63
2026-06-30T15:17:03,120410, 143771, 100, 64
2026-06-30T15:17:04,120410, 143771, 77, 62
2026-06-30T15:17:05,120410, 143771, 100, 64
2026-06-30T15:17:06,120410, 143771, 65, 61
2026-06-30T15:17:07,120410, 143771, 100, 65
2026-06-30T15:17:08,120410, 143771, 75, 61
2026-06-30T15:17:10,120410, 143771, 100, 65
2026-06-30T15:17:11,120410, 143771, 81, 60
2026-06-30T15:17:12,120410, 143771, 100, 65
2026-06-30T15:17:13,120410, 143771, 100, 67
2026-06-30T15:17:14,120410, 143771, 100, 65
2026-06-30T15:17:15,120410, 143771, 100, 64
2026-06-30T15:17:16,120410, 143771, 84, 62
2026-06-30T15:17:17,120410, 143771, 100, 66
2026-06-30T15:17:18,120410, 143771, 80, 61
2026-06-30T15:17:19,120410, 143771, 100, 64
2026-06-30T15:17:20,120410, 143771, 64, 59
2026-06-30T15:17:21,120410, 143771, 100, 63
2026-06-30T15:17:22,120410, 143771, 75, 61
2026-06-30T15:17:23,120410, 143771, 100, 64
2026-06-30T15:17:24,120410, 143771, 78, 62
2026-06-30T15:17:25,120410, 143771, 100, 65
2026-06-30T15:17:26,120410, 143771, 91, 60
2026-06-30T15:17:27,120410, 143771, 100, 64
2026-06-30T15:17:28,120410, 143771, 100, 65
2026-06-30T15:17:29,120410, 143771, 100, 63
2026-06-30T15:17:30,120410, 143771, 100, 64
2026-06-30T15:17:31,120410, 143771, 85, 62
2026-06-30T15:17:32,120410, 143771, 100, 65
2026-06-30T15:17:33,120410, 143771, 77, 61
2026-06-30T15:17:34,120410, 143771, 100, 65
2026-06-30T15:17:35,120410, 143771, 81, 60
2026-06-30T15:17:36,120410, 143771, 100, 63
2026-06-30T15:17:37,120410, 143771, 79, 62
2026-06-30T15:17:38,120410, 143771, 100, 64
2026-06-30T15:17:39,120410, 143771, 95, 61
2026-06-30T15:17:40,120410, 143771, 100, 65
2026-06-30T15:17:41,120410, 143771, 100, 63
2026-06-30T15:17:43,120410, 143771, 97, 64
2026-06-30T15:17:44,120410, 143771, 100, 63
2026-06-30T15:17:45,120410, 143771, 78, 62
2026-06-30T15:17:46,120410, 143771, 100, 65
2026-06-30T15:17:47,120410, 143771, 73, 62
2026-06-30T15:17:48,120410, 143771, 100, 65
2026-06-30T15:17:49,120410, 143771, 77, 61
2026-06-30T15:17:50,120410, 143771, 100, 64
2026-06-30T15:17:51,120410, 143771, 82, 61
2026-06-30T15:17:52,120410, 143771, 100, 65
2026-06-30T15:17:53,120410, 143771, 70, 58
2026-06-30T15:17:54,120410, 143771, 100, 63
2026-06-30T15:17:55,120410, 143771, 80, 60
2026-06-30T15:17:56,120410, 143771, 100, 63
2026-06-30T15:17:57,120410, 143771, 79, 67
2026-06-30T15:17:58,120410, 143771, 100, 64
2026-06-30T15:17:59,120410, 143771, 100, 65
2026-06-30T15:18:00,120410, 143771, 100, 65
2026-06-30T15:18:01,120410, 143771, 100, 62
2026-06-30T15:18:02,120410, 143771, 100, 61
2026-06-30T15:18:03,120410, 143771, 100, 63
2026-06-30T15:18:04,120410, 143771, 80, 63
2026-06-30T15:18:05,120410, 143771, 100, 65
2026-06-30T15:18:06,120410, 143771, 65, 62
2026-06-30T15:18:07,120410, 143771, 100, 65
2026-06-30T15:18:08,120410, 143771, 77, 62
2026-06-30T15:18:09,120410, 143771, 100, 65
2026-06-30T15:18:10,120410, 143771, 81, 61
2026-06-30T15:18:11,120410, 143771, 100, 65
2026-06-30T15:18:12,120410, 143771, 89, 62
2026-06-30T15:18:13,120410, 143771, 100, 65
2026-06-30T15:18:14,120410, 143771, 100, 64
2026-06-30T15:18:15,120410, 143771, 100, 63
2026-06-30T15:18:17,120410, 143771, 100, 64
2026-06-30T15:18:18,120410, 143771, 78, 61
2026-06-30T15:18:19,120410, 143771, 100, 64
2026-06-30T15:18:20,120410, 143771, 70, 62
2026-06-30T15:18:21,120410, 143771, 100, 65
2026-06-30T15:18:22,120410, 143771, 64, 60
2026-06-30T15:18:23,120410, 143771, 100, 64
2026-06-30T15:18:24,120410, 143771, 76, 60
2026-06-30T15:18:25,120410, 143771, 100, 65
2026-06-30T15:18:26,120410, 143771, 78, 61
2026-06-30T15:18:27,120410, 143771, 100, 65
2026-06-30T15:18:28,120410, 143771, 100, 63
2026-06-30T15:18:29,120410, 143771, 100, 64
2026-06-30T15:18:30,120410, 143771, 100, 63
2026-06-30T15:18:31,120410, 143771, 74, 60
2026-06-30T15:18:32,120410, 143771, 100, 65
2026-06-30T15:18:33,120410, 143771, 77, 63
2026-06-30T15:18:34,120410, 143771, 100, 65
2026-06-30T15:18:35,120410, 143771, 73, 61
2026-06-30T15:18:36,120410, 143771, 100, 64
2026-06-30T15:18:37,120410, 143771, 77, 60
2026-06-30T15:18:38,120410, 143771, 100, 64
2026-06-30T15:18:39,120410, 143771, 94, 62
2026-06-30T15:18:40,120410, 143771, 100, 64
2026-06-30T15:18:41,120410, 143771, 100, 65
2026-06-30T15:18:42,120410, 143771, 100, 64
2026-06-30T15:18:43,120410, 143771, 100, 62
2026-06-30T15:18:44,120410, 143771, 89, 60
2026-06-30T15:18:45,120410, 143771, 100, 65
2026-06-30T15:18:46,120410, 143771, 81, 61
2026-06-30T15:18:47,120410, 143771, 100, 63
2026-06-30T15:18:48,120410, 143771, 76, 60
2026-06-30T15:18:50,120410, 143771, 100, 64
2026-06-30T15:18:51,120410, 143771, 83, 60
2026-06-30T15:18:52,120410, 143771, 100, 65
2026-06-30T15:18:53,120410, 143771, 76, 61
2026-06-30T15:18:54,120410, 143771, 100, 64
2026-06-30T15:18:55,120410, 143771, 95, 64
2026-06-30T15:18:56,120410, 143771, 100, 65
2026-06-30T15:18:57,120410, 143771, 100, 64
2026-06-30T15:18:58,120410, 143771, 100, 60
2026-06-30T15:18:59,120410, 143771, 100, 63
2026-06-30T15:19:00,120410, 143771, 79, 63
2026-06-30T15:19:01,120410, 143771, 100, 65
2026-06-30T15:19:02,120410, 143771, 80, 60
2026-06-30T15:19:03,120410, 143771, 100, 64
2026-06-30T15:19:04,120410, 143771, 85, 61
2026-06-30T15:19:05,120410, 143771, 100, 63
2026-06-30T15:19:06,120410, 143771, 81, 63
2026-06-30T15:19:07,120410, 143771, 100, 64
2026-06-30T15:19:08,120410, 143771, 100, 66
2026-06-30T15:19:09,120410, 143771, 100, 64
2026-06-30T15:19:10,120410, 143771, 100, 64
2026-06-30T15:19:11,120410, 143771, 91, 61
2026-06-30T15:19:12,120410, 143771, 100, 63
2026-06-30T15:19:13,120410, 143771, 80, 61
2026-06-30T15:19:14,120410, 143771, 100, 64
2026-06-30T15:19:15,120410, 143771, 67, 60
2026-06-30T15:19:16,120410, 143771, 100, 63
2026-06-30T15:19:17,120410, 143771, 80, 60
2026-06-30T15:19:18,120410, 143771, 100, 65
2026-06-30T15:19:19,120410, 143771, 81, 60
2026-06-30T15:19:20,120410, 143771, 100, 65
2026-06-30T15:19:21,120410, 143771, 91, 61
2026-06-30T15:19:22,120410, 143771, 100, 65
2026-06-30T15:19:24,120410, 143771, 100, 66
2026-06-30T15:19:25,120410, 143771, 100, 61
2026-06-30T15:19:26,120410, 143771, 100, 64
2026-06-30T15:19:27,120410, 143771, 81, 61
2026-06-30T15:19:28,120410, 143771, 100, 64
2026-06-30T15:19:29,120410, 143771, 80, 61
2026-06-30T15:19:30,120410, 143771, 100, 65
2026-06-30T15:19:31,120410, 143771, 78, 60
2026-06-30T15:19:32,120410, 143771, 100, 65
2026-06-30T15:19:33,120410, 143771, 80, 62
2026-06-30T15:19:34,120410, 143771, 100, 64
2026-06-30T15:19:35,120410, 143771, 90, 62
2026-06-30T15:19:36,120410, 143771, 100, 65
2026-06-30T15:19:37,120410, 143771, 100, 66
2026-06-30T15:19:38,120410, 143771, 100, 63
2026-06-30T15:19:39,120410, 143771, 100, 65
2026-06-30T15:19:40,120410, 143771, 78, 63
2026-06-30T15:19:41,120410, 143771, 100, 66
2026-06-30T15:19:42,120410, 143771, 78, 63
2026-06-30T15:19:43,120410, 143771, 100, 65
2026-06-30T15:19:44,120410, 143771, 82, 61
2026-06-30T15:19:45,120410, 143771, 100, 64
2026-06-30T15:19:46,120410, 143771, 79, 61
2026-06-30T15:19:47,120410, 143771, 100, 63
2026-06-30T15:19:48,120410, 143771, 90, 62
2026-06-30T15:19:49,120410, 143771, 100, 64
2026-06-30T15:19:50,120410, 143771, 100, 66
2026-06-30T15:19:51,120410, 143771, 100, 63
2026-06-30T15:19:52,120410, 143771, 100, 64
2026-06-30T15:19:53,120410, 143771, 77, 61
2026-06-30T15:19:54,120410, 143771, 100, 64
2026-06-30T15:19:55,120410, 143771, 80, 61
2026-06-30T15:19:56,120410, 143771, 100, 65
2026-06-30T15:19:58,120410, 143771, 76, 62
2026-06-30T15:19:59,120410, 143771, 100, 63
2026-06-30T15:20:00,120410, 143771, 80, 61
2026-06-30T15:20:01,120410, 143771, 100, 64
2026-06-30T15:20:02,120410, 143771, 82, 66
2026-06-30T15:20:03,120410, 143771, 100, 65
2026-06-30T15:20:04,120410, 143771, 100, 66
2026-06-30T15:20:05,120410, 143771, 100, 65
2026-06-30T15:20:06,120410, 143771, 100, 64
2026-06-30T15:20:07,120410, 143771, 75, 61
2026-06-30T15:20:08,120410, 143771, 100, 65
2026-06-30T15:20:09,120410, 143771, 79, 61
2026-06-30T15:20:10,120410, 143771, 100, 63
2026-06-30T15:20:11,120410, 143771, 68, 60
2026-06-30T15:20:12,120410, 143771, 100, 63
2026-06-30T15:20:13,120410, 143771, 79, 61
2026-06-30T15:20:14,120410, 143771, 100, 64
2026-06-30T15:20:15,120410, 143771, 91, 62
2026-06-30T15:20:16,120410, 143771, 100, 65
2026-06-30T15:20:17,120410, 143771, 100, 66
2026-06-30T15:20:18,120410, 143771, 100, 63
2026-06-30T15:20:19,120410, 143771, 100, 63
2026-06-30T15:20:20,120410, 143771, 97, 62
2026-06-30T15:20:21,120410, 143771, 100, 64
2026-06-30T15:20:22,120410, 143771, 81, 61
2026-06-30T15:20:23,120410, 143771, 100, 65
2026-06-30T15:20:24,120410, 143771, 66, 58
2026-06-30T15:20:25,120410, 143771, 100, 63
2026-06-30T15:20:26,120410, 143771, 81, 61
2026-06-30T15:20:27,120410, 143771, 100, 66
2026-06-30T15:20:28,120410, 143771, 79, 60
2026-06-30T15:20:29,120410, 143771, 100, 63
2026-06-30T15:20:30,120410, 143771, 100, 65
2026-06-30T15:20:32,120410, 143771, 100, 64
2026-06-30T15:20:33,120410, 143771, 100, 63
2026-06-30T15:20:34,120410, 143771, 100, 62
2026-06-30T15:20:35,120410, 143771, 100, 65
2026-06-30T15:20:36,120410, 143771, 78, 63
2026-06-30T15:20:37,120410, 143771, 100, 64
2026-06-30T15:20:38,120410, 143771, 66, 60
2026-06-30T15:20:39,120410, 143771, 100, 65
2026-06-30T15:20:40,120410, 143771, 76, 63
2026-06-30T15:20:41,120410, 143771, 100, 63
2026-06-30T15:20:42,120410, 143771, 80, 61
2026-06-30T15:20:43,120410, 143771, 100, 65
2026-06-30T15:20:44,120410, 143771, 100, 66
2026-06-30T15:20:45,120410, 143771, 100, 64
2026-06-30T15:20:46,120410, 143771, 100, 62
2026-06-30T15:20:47,120410, 143771, 100, 65
2026-06-30T15:20:48,120410, 143771, 100, 63
2026-06-30T15:20:49,120410, 143771, 77, 62
2026-06-30T15:20:50,120410, 143771, 100, 65
2026-06-30T15:20:51,120410, 143771, 77, 61
2026-06-30T15:20:52,120410, 143771, 100, 63
2026-06-30T15:20:53,120410, 143771, 80, 61
2026-06-30T15:20:54,120410, 143771, 100, 65
2026-06-30T15:20:55,120410, 143771, 81, 68
2026-06-30T15:20:56,120410, 143771, 100, 65
2026-06-30T15:20:57,120410, 143771, 100, 67
2026-06-30T15:20:58,120410, 143771, 100, 65
2026-06-30T15:20:59,120410, 143771, 100, 64
2026-06-30T15:21:00,120410, 143771, 100, 60
2026-06-30T15:21:01,120410, 143771, 100, 65
2026-06-30T15:21:02,120410, 143771, 80, 61
2026-06-30T15:21:03,120410, 143771, 100, 64
2026-06-30T15:21:05,120410, 143771, 68, 63
2026-06-30T15:21:06,120410, 143771, 100, 65
2026-06-30T15:21:07,120410, 143771, 82, 61
2026-06-30T15:21:08,120410, 143771, 100, 64
2026-06-30T15:21:09,120410, 143771, 75, 61
2026-06-30T15:21:10,120410, 143771, 100, 65
2026-06-30T15:21:11,120410, 143771, 100, 66
2026-06-30T15:21:12,120410, 143771, 100, 66
2026-06-30T15:21:13,120410, 143771, 100, 62
2026-06-30T15:21:14,120410, 143771, 100, 64
2026-06-30T15:21:15,120410, 143771, 100, 64
2026-06-30T15:21:16,120410, 143771, 81, 61
2026-06-30T15:21:17,120410, 143771, 100, 65
2026-06-30T15:21:18,120410, 143771, 78, 61
2026-06-30T15:21:19,120410, 143771, 100, 66
2026-06-30T15:21:20,120410, 143771, 81, 63
2026-06-30T15:21:21,120410, 143771, 100, 65
2026-06-30T15:21:22,120410, 143771, 85, 64
2026-06-30T15:21:23,120410, 143771, 100, 65
2026-06-30T15:21:24,120410, 143771, 100, 67
2026-06-30T15:21:25,120410, 143771, 100, 65
2026-06-30T15:21:26,120410, 143771, 100, 63
2026-06-30T15:21:27,120410, 143771, 75, 62
2026-06-30T15:21:28,120410, 143771, 100, 65
2026-06-30T15:21:29,120410, 143771, 80, 61
2026-06-30T15:21:30,120410, 143771, 100, 65
2026-06-30T15:21:31,120410, 143771, 74, 61
2026-06-30T15:21:32,120410, 143771, 100, 65
2026-06-30T15:21:33,120410, 143771, 80, 61
2026-06-30T15:21:34,120410, 143771, 100, 65
2026-06-30T15:21:35,120410, 143771, 86, 64
2026-06-30T15:21:36,120410, 143771, 100, 65
2026-06-30T15:21:38,120410, 143771, 100, 65
2026-06-30T15:21:39,120410, 143771, 100, 64
2026-06-30T15:21:40,120410, 143771, 100, 64
2026-06-30T15:21:41,120410, 143771, 75, 61
2026-06-30T15:21:42,120410, 143771, 100, 65
2026-06-30T15:21:43,120410, 143771, 78, 61
2026-06-30T15:21:44,120410, 143771, 100, 64
2026-06-30T15:21:45,120410, 143771, 68, 61
2026-06-30T15:21:46,120410, 143771, 100, 64
2026-06-30T15:21:47,120410, 143771, 80, 62
2026-06-30T15:21:48,120410, 143771, 100, 65
2026-06-30T15:21:49,120410, 143771, 76, 62
2026-06-30T15:21:50,120410, 143771, 100, 65
2026-06-30T15:21:51,120410, 143771, 100, 61
2026-06-30T15:21:52,120410, 143771, 100, 66
2026-06-30T15:21:53,120410, 143771, 100, 63
2026-06-30T15:21:54,120410, 143771, 77, 62
2026-06-30T15:21:55,120410, 143771, 100, 63
2026-06-30T15:21:56,120410, 143771, 78, 63
2026-06-30T15:21:57,120410, 143771, 100, 63
2026-06-30T15:21:58,120410, 143771, 73, 62
2026-06-30T15:21:59,120410, 143771, 100, 65
2026-06-30T15:22:00,120410, 143771, 77, 61
2026-06-30T15:22:01,120410, 143771, 100, 64
2026-06-30T15:22:02,120410, 143771, 78, 67
2026-06-30T15:22:03,120410, 143771, 100, 63
2026-06-30T15:22:04,120410, 143771, 100, 61
2026-06-30T15:22:05,120410, 143771, 100, 65
2026-06-30T15:22:06,120410, 143771, 100, 64
2026-06-30T15:22:07,120410, 143771, 98, 62
2026-06-30T15:22:08,120410, 143771, 100, 65
2026-06-30T15:22:09,120410, 143771, 78, 61
2026-06-30T15:22:10,120410, 143771, 100, 65
2026-06-30T15:22:12,120410, 143771, 63, 61
2026-06-30T15:22:13,120410, 143771, 100, 66
2026-06-30T15:22:14,120410, 143771, 80, 63
2026-06-30T15:22:15,120410, 143771, 100, 65
2026-06-30T15:22:16,120410, 143771, 81, 68
2026-06-30T15:22:17,120410, 143771, 100, 65
2026-06-30T15:22:18,120410, 143771, 100, 67
2026-06-30T15:22:19,120410, 143771, 100, 65
2026-06-30T15:22:20,120410, 143771, 100, 65
2026-06-30T15:22:21,120410, 143771, 100, 60
2026-06-30T15:22:22,120410, 143771, 100, 65
2026-06-30T15:22:23,120410, 143771, 79, 63
2026-06-30T15:22:24,120410, 143771, 100, 65
2026-06-30T15:22:25,120410, 143771, 77, 61
2026-06-30T15:22:26,120410, 143771, 100, 65
2026-06-30T15:22:27,120410, 143771, 81, 61
2026-06-30T15:22:28,120410, 143771, 100, 64
2026-06-30T15:22:29,120410, 143771, 80, 67
2026-06-30T15:22:30,120410, 143771, 100, 65
2026-06-30T15:22:31,120410, 143771, 95, 66
2026-06-30T15:22:32,120410, 143771, 100, 65
2026-06-30T15:22:33,120410, 143771, 100, 64
2026-06-30T15:22:34,120410, 143771, 99, 60
2026-06-30T15:22:35,120410, 143771, 100, 63
2026-06-30T15:22:36,120410, 143771, 80, 63
2026-06-30T15:22:37,120410, 143771, 100, 64
2026-06-30T15:22:38,120410, 143771, 73, 59
2026-06-30T15:22:39,120410, 143771, 100, 65
2026-06-30T15:22:40,120410, 143771, 77, 61
2026-06-30T15:22:41,120410, 143771, 100, 65
2026-06-30T15:22:42,120410, 143771, 79, 60
2026-06-30T15:22:43,120410, 143771, 100, 63
2026-06-30T15:22:44,120410, 143771, 81, 67
2026-06-30T15:22:46,120410, 143771, 100, 66
2026-06-30T15:22:47,120410, 143771, 100, 62
2026-06-30T15:22:48,120410, 143771, 100, 66
2026-06-30T15:22:49,120410, 143771, 100, 65
2026-06-30T15:22:50,120410, 143771, 78, 61
2026-06-30T15:22:51,120410, 143771, 100, 65
2026-06-30T15:22:52,120410, 143771, 65, 60
2026-06-30T15:22:53,120410, 143771, 100, 65
2026-06-30T15:22:54,120410, 143771, 75, 63
2026-06-30T15:22:55,120410, 143771, 100, 65
2026-06-30T15:22:56,120410, 143771, 76, 61
2026-06-30T15:22:57,120410, 143771, 100, 63
2026-06-30T15:22:58,120410, 143771, 79, 67
2026-06-30T15:22:59,120410, 143771, 100, 64
2026-06-30T15:23:00,120410, 143771, 100, 64
2026-06-30T15:23:01,120410, 143771, 100, 63
2026-06-30T15:23:02,120410, 143771, 100, 63
2026-06-30T15:23:03,120410, 143771, 85, 62
2026-06-30T15:23:04,120410, 143771, 100, 64
2026-06-30T15:23:05,120410, 143771, 75, 63
2026-06-30T15:23:06,120410, 143771, 100, 63
2026-06-30T15:23:07,120410, 143771, 67, 60
2026-06-30T15:23:08,120410, 143771, 100, 65
2026-06-30T15:23:09,120410, 143771, 80, 61
2026-06-30T15:23:10,120410, 143771, 100, 65
2026-06-30T15:23:11,120410, 143771, 81, 61
2026-06-30T15:23:12,120410, 143771, 100, 66
2026-06-30T15:23:13,120410, 143771, 100, 66
2026-06-30T15:23:14,120410, 143771, 100, 65
2026-06-30T15:23:15,120410, 143771, 100, 62
2026-06-30T15:23:16,120410, 143771, 89, 61
2026-06-30T15:23:17,120410, 143771, 100, 63
2026-06-30T15:23:19,120410, 143771, 80, 61
2026-06-30T15:23:20,120410, 143771, 100, 63
2026-06-30T15:23:21,120410, 143771, 82, 59
2026-06-30T15:23:22,120410, 143771, 100, 66
2026-06-30T15:23:23,120410, 143771, 78, 62
2026-06-30T15:23:24,120410, 143771, 100, 64
2026-06-30T15:23:25,120410, 143771, 79, 61
2026-06-30T15:23:26,120410, 143771, 100, 65
2026-06-30T15:23:27,120410, 143771, 94, 62
2026-06-30T15:23:28,120410, 143771, 100, 65
2026-06-30T15:23:29,120410, 143771, 100, 65
2026-06-30T15:23:30,120410, 143771, 100, 60
2026-06-30T15:23:31,120410, 143771, 100, 65
2026-06-30T15:23:32,120410, 143771, 78, 62
2026-06-30T15:23:33,120410, 143771, 100, 66
2026-06-30T15:23:34,120410, 143771, 76, 62
2026-06-30T15:23:35,120410, 143771, 100, 65
2026-06-30T15:23:36,120410, 143771, 78, 61
2026-06-30T15:23:37,120410, 143771, 100, 63
2026-06-30T15:23:38,120410, 143771, 78, 62
2026-06-30T15:23:39,120410, 143771, 100, 66
2026-06-30T15:23:40,120410, 143771, 83, 66
2026-06-30T15:23:41,120410, 143771, 100, 65
2026-06-30T15:23:42,120410, 143771, 100, 66
2026-06-30T15:23:43,120410, 143771, 100, 65
2026-06-30T15:23:44,120410, 143771, 100, 63
2026-06-30T15:23:45,120410, 143771, 75, 62
2026-06-30T15:23:46,120410, 143771, 100, 65
2026-06-30T15:23:47,120410, 143771, 78, 63
2026-06-30T15:23:48,120410, 143771, 100, 65
2026-06-30T15:23:49,120410, 143771, 71, 61
2026-06-30T15:23:50,120410, 143771, 100, 64
2026-06-30T15:23:51,120410, 143771, 80, 61
2026-06-30T15:23:53,120410, 143771, 100, 65
2026-06-30T15:23:54,120410, 143771, 78, 61
2026-06-30T15:23:55,120410, 143771, 100, 65
2026-06-30T15:23:56,120410, 143771, 100, 64
2026-06-30T15:23:57,120410, 143771, 100, 64
2026-06-30T15:23:58,120410, 143771, 100, 63
2026-06-30T15:23:59,120410, 143771, 86, 62
2026-06-30T15:24:00,120410, 143771, 100, 63
2026-06-30T15:24:01,120410, 143771, 81, 61
2026-06-30T15:24:02,120410, 143771, 100, 65
2026-06-30T15:24:03,120410, 143771, 67, 63
2026-06-30T15:24:04,120410, 143771, 100, 65
2026-06-30T15:24:05,120410, 143771, 79, 63
2026-06-30T15:24:06,120410, 143771, 100, 66
2026-06-30T15:24:07,120410, 143771, 80, 67
2026-06-30T15:24:08,120410, 143771, 100, 63
2026-06-30T15:24:09,120410, 143771, 100, 61
2026-06-30T15:24:10,120410, 143771, 100, 65
2026-06-30T15:24:11,120410, 143771, 100, 64
2026-06-30T15:24:12,120410, 143771, 84, 63
2026-06-30T15:24:13,120410, 143771, 100, 66
2026-06-30T15:24:14,120410, 143771, 79, 61
2026-06-30T15:24:15,120410, 143771, 100, 65
2026-06-30T15:24:16,120410, 143771, 62, 61
2026-06-30T15:24:17,120410, 143771, 100, 65
2026-06-30T15:24:18,120410, 143771, 71, 63
2026-06-30T15:24:19,120410, 143771, 100, 65
2026-06-30T15:24:20,120410, 143771, 78, 62
2026-06-30T15:24:21,120410, 143771, 100, 65
2026-06-30T15:24:22,120410, 143771, 100, 68
2026-06-30T15:24:23,120410, 143771, 100, 65
2026-06-30T15:24:24,120410, 143771, 100, 64
2026-06-30T15:24:25,120410, 143771, 100, 63
2026-06-30T15:24:27,120410, 143771, 100, 64
2026-06-30T15:24:28,120410, 143771, 76, 61
2026-06-30T15:24:29,120410, 143771, 100, 65
2026-06-30T15:24:30,120410, 143771, 68, 63
2026-06-30T15:24:31,120410, 143771, 100, 63
2026-06-30T15:24:32,120410, 143771, 74, 62
2026-06-30T15:24:33,120410, 143771, 100, 65
2026-06-30T15:24:34,120410, 143771, 77, 61
2026-06-30T15:24:35,120410, 143771, 100, 65
2026-06-30T15:24:36,120410, 143771, 95, 62
2026-06-30T15:24:37,120410, 143771, 100, 64
2026-06-30T15:24:38,120410, 143771, 100, 64
2026-06-30T15:24:39,120410, 143771, 99, 63
2026-06-30T15:24:40,120410, 143771, 100, 64
2026-06-30T15:24:41,120410, 143771, 86, 64
2026-06-30T15:24:42,120410, 143771, 100, 65
2026-06-30T15:24:43,120410, 143771, 76, 61
2026-06-30T15:24:44,120410, 143771, 100, 63
2026-06-30T15:24:45,120410, 143771, 62, 60
2026-06-30T15:24:46,120410, 143771, 100, 64
2026-06-30T15:24:47,120410, 143771, 74, 60
2026-06-30T15:24:48,120410, 143771, 100, 65
2026-06-30T15:24:49,120410, 143771, 90, 62
2026-06-30T15:24:50,120410, 143771, 100, 65
2026-06-30T15:24:51,120410, 143771, 100, 63
2026-06-30T15:24:52,120410, 143771, 97, 65
2026-06-30T15:24:53,120410, 143771, 100, 66
2026-06-30T15:24:54,120410, 143771, 79, 61
2026-06-30T15:24:55,120410, 143771, 100, 63
2026-06-30T15:24:56,120410, 143771, 77, 63
2026-06-30T15:24:57,120410, 143771, 100, 65
2026-06-30T15:24:58,120410, 143771, 74, 61
2026-06-30T15:25:00,120410, 143771, 100, 66
2026-06-30T15:25:01,120410, 143771, 75, 62
2026-06-30T15:25:02,120410, 143771, 100, 64
2026-06-30T15:25:03,120410, 143771, 99, 66
2026-06-30T15:25:04,120410, 143771, 100, 63
2026-06-30T15:25:05,120410, 143771, 100, 64
2026-06-30T15:25:06,120410, 143771, 100, 65
2026-06-30T15:25:07,120410, 143771, 100, 65
2026-06-30T15:25:08,120410, 143771, 83, 61
2026-06-30T15:25:09,120410, 143771, 100, 63
2026-06-30T15:25:10,120410, 143771, 75, 62
2026-06-30T15:25:11,120410, 143771, 100, 63
2026-06-30T15:25:12,120410, 143771, 63, 60
2026-06-30T15:25:13,120410, 143771, 100, 64
2026-06-30T15:25:14,120410, 143771, 81, 60
2026-06-30T15:25:15,120410, 143771, 100, 64
2026-06-30T15:25:16,120410, 143771, 85, 61
2026-06-30T15:25:17,120410, 143771, 100, 65
2026-06-30T15:25:18,120410, 143771, 100, 65
2026-06-30T15:25:19,120410, 143771, 100, 65
2026-06-30T15:25:20,120410, 143771, 100, 64
2026-06-30T15:25:21,120410, 143771, 99, 61
2026-06-30T15:25:22,120410, 143771, 100, 64
2026-06-30T15:25:23,120410, 143771, 76, 63
2026-06-30T15:25:24,120410, 143771, 100, 63
2026-06-30T15:25:25,120410, 143771, 78, 61
2026-06-30T15:25:26,120410, 143771, 100, 63
2026-06-30T15:25:27,120410, 143771, 80, 61
2026-06-30T15:25:28,120410, 143771, 100, 63
2026-06-30T15:25:29,120410, 143771, 79, 61
2026-06-30T15:25:30,120410, 143771, 100, 65
2026-06-30T15:25:31,120410, 143771, 90, 62
2026-06-30T15:25:32,120410, 143771, 100, 63
2026-06-30T15:25:34,120410, 143771, 100, 64
2026-06-30T15:25:35,120410, 143771, 100, 63
2026-06-30T15:25:36,120410, 143771, 100, 64
2026-06-30T15:25:37,120410, 143771, 80, 61
2026-06-30T15:25:38,120410, 143771, 100, 65
2026-06-30T15:25:39,120410, 143771, 81, 61
2026-06-30T15:25:40,120410, 143771, 100, 63
2026-06-30T15:25:41,120410, 143771, 74, 63
2026-06-30T15:25:42,120410, 143771, 100, 65
2026-06-30T15:25:43,120410, 143771, 78, 62
2026-06-30T15:25:44,120410, 143771, 100, 65
2026-06-30T15:25:45,120410, 143771, 88, 67
2026-06-30T15:25:46,120410, 143771, 100, 65
2026-06-30T15:25:47,120410, 143771, 100, 64
2026-06-30T15:25:48,120410, 143771, 100, 65
2026-06-30T15:25:49,120410, 143771, 100, 64
2026-06-30T15:25:50,120410, 143771, 81, 61
2026-06-30T15:25:51,120410, 143771, 100, 64
2026-06-30T15:25:52,120410, 143771, 81, 61
2026-06-30T15:25:53,120410, 143771, 100, 65
2026-06-30T15:25:54,120410, 143771, 78, 63
2026-06-30T15:25:55,120410, 143771, 100, 63
2026-06-30T15:25:56,120410, 143771, 77, 63
2026-06-30T15:25:57,120410, 143771, 100, 64
2026-06-30T15:25:58,120410, 143771, 83, 67
2026-06-30T15:25:59,120410, 143771, 100, 65
2026-06-30T15:26:00,120410, 143771, 100, 63
2026-06-30T15:26:01,120410, 143771, 100, 64
2026-06-30T15:26:02,120410, 143771, 100, 65
2026-06-30T15:26:03,120410, 143771, 80, 62
2026-06-30T15:26:04,120410, 143771, 100, 63
2026-06-30T15:26:05,120410, 143771, 79, 62
2026-06-30T15:26:07,120410, 143771, 100, 66
2026-06-30T15:26:08,120410, 143771, 79, 60
2026-06-30T15:26:09,120410, 143771, 100, 63
2026-06-30T15:26:10,120410, 143771, 81, 61
2026-06-30T15:26:11,120410, 143771, 100, 66
2026-06-30T15:26:12,120410, 143771, 76, 65
2026-06-30T15:26:13,120410, 143771, 100, 65
2026-06-30T15:26:14,120410, 143771, 100, 65
2026-06-30T15:26:15,120410, 143771, 100, 64
2026-06-30T15:26:16,120410, 143771, 100, 64
2026-06-30T15:26:17,120410, 143771, 81, 63
2026-06-30T15:26:18,120410, 143771, 100, 64
2026-06-30T15:26:19,120410, 143771, 78, 62
2026-06-30T15:26:20,120410, 143771, 100, 64
2026-06-30T15:26:21,120410, 143771, 77, 61
2026-06-30T15:26:22,120410, 143771, 100, 65
2026-06-30T15:26:23,120410, 143771, 80, 62
2026-06-30T15:26:24,120410, 143771, 100, 65
2026-06-30T15:26:25,120410, 143771, 100, 66
2026-06-30T15:26:26,120410, 143771, 100, 66
2026-06-30T15:26:27,120410, 143771, 100, 64
2026-06-30T15:26:28,120410, 143771, 98, 61
2026-06-30T15:26:29,120410, 143771, 100, 65
2026-06-30T15:26:30,120410, 143771, 81, 61
2026-06-30T15:26:31,120410, 143771, 100, 65
2026-06-30T15:26:32,120410, 143771, 67, 60
2026-06-30T15:26:33,120410, 143771, 100, 66
2026-06-30T15:26:34,120410, 143771, 81, 63
2026-06-30T15:26:35,120410, 143771, 100, 65
2026-06-30T15:26:36,120410, 143771, 80, 60
2026-06-30T15:26:37,120410, 143771, 100, 65
2026-06-30T15:26:38,120410, 143771, 90, 61
2026-06-30T15:26:40,120410, 143771, 100, 66
2026-06-30T15:26:41,120410, 143771, 100, 65
2026-06-30T15:26:42,120410, 143771, 100, 60
2026-06-30T15:26:43,120410, 143771, 100, 63
2026-06-30T15:26:44,120410, 143771, 78, 61
2026-06-30T15:26:45,120410, 143771, 100, 66
2026-06-30T15:26:46,120410, 143771, 78, 60
2026-06-30T15:26:47,120410, 143771, 100, 65
2026-06-30T15:26:48,120410, 143771, 80, 63
2026-06-30T15:26:49,120410, 143771, 100, 65
2026-06-30T15:26:50,120410, 143771, 89, 61
2026-06-30T15:26:51,120410, 143771, 100, 64
2026-06-30T15:26:52,120410, 143771, 100, 65
2026-06-30T15:26:53,120410, 143771, 100, 65
2026-06-30T15:26:54,120410, 143771, 100, 65
2026-06-30T15:26:55,120410, 143771, 100, 60
2026-06-30T15:26:56,120410, 143771, 100, 64
2026-06-30T15:26:57,120410, 143771, 79, 64
2026-06-30T15:26:58,120410, 143771, 100, 65
2026-06-30T15:26:59,120410, 143771, 63, 61
2026-06-30T15:27:00,120410, 143771, 100, 65
2026-06-30T15:27:01,120410, 143771, 78, 63
2026-06-30T15:27:02,120410, 143771, 100, 64
2026-06-30T15:27:03,120410, 143771, 78, 62
2026-06-30T15:27:04,120410, 143771, 100, 63
2026-06-30T15:27:05,120410, 143771, 82, 66
2026-06-30T15:27:06,120410, 143771, 100, 65
2026-06-30T15:27:07,120410, 143771, 100, 63
2026-06-30T15:27:08,120410, 143771, 100, 64
2026-06-30T15:27:09,120410, 143771, 100, 65
2026-06-30T15:27:10,120410, 143771, 82, 62
2026-06-30T15:27:11,120410, 143771, 100, 64
2026-06-30T15:27:12,120410, 143771, 79, 63
2026-06-30T15:27:14,120410, 143771, 100, 66
2026-06-30T15:27:15,120410, 143771, 79, 63
2026-06-30T15:27:16,120410, 143771, 100, 65
2026-06-30T15:27:17,120410, 143771, 78, 61
2026-06-30T15:27:18,120410, 143771, 100, 64
2026-06-30T15:27:19,120410, 143771, 79, 67
2026-06-30T15:27:20,120410, 143771, 100, 63
2026-06-30T15:27:21,120410, 143771, 100, 64
2026-06-30T15:27:22,120410, 143771, 100, 65
2026-06-30T15:27:23,120410, 143771, 100, 63
2026-06-30T15:27:24,120410, 143771, 86, 62
2026-06-30T15:27:25,120410, 143771, 100, 65
2026-06-30T15:27:26,120410, 143771, 79, 61
2026-06-30T15:27:27,120410, 143771, 100, 65
2026-06-30T15:27:28,120410, 143771, 63, 60
2026-06-30T15:27:29,120410, 143771, 100, 66
2026-06-30T15:27:30,120410, 143771, 78, 61
2026-06-30T15:27:31,120410, 143771, 100, 65
2026-06-30T15:27:32,120410, 143771, 80, 61
2026-06-30T15:27:33,120410, 143771, 100, 63
2026-06-30T15:27:34,120410, 143771, 100, 66
2026-06-30T15:27:35,120410, 143771, 100, 63
2026-06-30T15:27:36,120410, 143771, 100, 64
2026-06-30T15:27:37,120410, 143771, 91, 63
2026-06-30T15:27:38,120410, 143771, 100, 65
2026-06-30T15:27:39,120410, 143771, 81, 61
2026-06-30T15:27:40,120410, 143771, 100, 65
2026-06-30T15:27:41,120410, 143771, 78, 59
2026-06-30T15:27:42,120410, 143771, 100, 66
2026-06-30T15:27:43,120410, 143771, 79, 61
2026-06-30T15:27:44,120410, 143771, 100, 64
2026-06-30T15:27:45,120410, 143771, 79, 62
2026-06-30T15:27:47,120410, 143771, 100, 65
2026-06-30T15:27:48,120410, 143771, 100, 67
2026-06-30T15:27:49,120410, 143771, 100, 65
2026-06-30T15:27:50,120410, 143771, 100, 65
2026-06-30T15:27:51,120410, 143771, 100, 59
2026-06-30T15:27:52,120410, 143771, 100, 65
2026-06-30T15:27:53,120410, 143771, 76, 63
2026-06-30T15:27:54,120410, 143771, 100, 64
2026-06-30T15:27:55,120410, 143771, 75, 62
2026-06-30T15:27:56,120410, 143771, 100, 65
2026-06-30T15:27:57,120410, 143771, 79, 61
2026-06-30T15:27:58,120410, 143771, 100, 65
2026-06-30T15:27:59,120410, 143771, 78, 61
2026-06-30T15:28:00,120410, 143771, 100, 65
2026-06-30T15:28:01,120410, 143771, 77, 67
2026-06-30T15:28:02,120410, 143771, 100, 63
2026-06-30T15:28:03,120410, 143771, 100, 65
2026-06-30T15:28:04,120410, 143771, 100, 65
2026-06-30T15:28:05,120410, 143771, 100, 64
2026-06-30T15:28:06,120410, 143771, 81, 60
2026-06-30T15:28:07,120410, 143771, 100, 65
2026-06-30T15:28:08,120410, 143771, 80, 60
2026-06-30T15:28:09,120410, 143771, 100, 63
2026-06-30T15:28:10,120410, 143771, 74, 59
2026-06-30T15:28:11,120410, 143771, 100, 65
2026-06-30T15:28:12,120410, 143771, 80, 62
2026-06-30T15:28:13,120410, 143771, 100, 65
2026-06-30T15:28:14,120410, 143771, 81, 65
2026-06-30T15:28:15,120410, 143771, 100, 65
2026-06-30T15:28:16,120410, 143771, 100, 63
2026-06-30T15:28:17,120410, 143771, 100, 65
2026-06-30T15:28:18,120410, 143771, 100, 63
2026-06-30T15:28:19,120410, 143771, 85, 63
2026-06-30T15:28:21,120410, 143771, 100, 65
2026-06-30T15:28:22,120410, 143771, 76, 61
2026-06-30T15:28:23,120410, 143771, 100, 64
2026-06-30T15:28:24,120410, 143771, 76, 61
2026-06-30T15:28:25,120410, 143771, 100, 65
2026-06-30T15:28:26,120410, 143771, 78, 60
2026-06-30T15:28:27,120410, 143771, 100, 65
2026-06-30T15:28:28,120410, 143771, 71, 61
2026-06-30T15:28:29,120410, 143771, 100, 65
2026-06-30T15:28:30,120410, 143771, 89, 61
2026-06-30T15:28:31,120410, 143771, 100, 65
2026-06-30T15:28:32,120410, 143771, 100, 64
2026-06-30T15:28:33,120410, 143771, 100, 63
2026-06-30T15:28:34,120410, 143771, 100, 65
2026-06-30T15:28:35,120410, 143771, 81, 61
2026-06-30T15:28:36,120410, 143771, 100, 63
2026-06-30T15:28:37,120410, 143771, 73, 60
2026-06-30T15:28:38,120410, 143771, 100, 64
2026-06-30T15:28:39,120410, 143771, 75, 60
2026-06-30T15:28:40,120410, 143771, 100, 65
2026-06-30T15:28:41,120410, 143771, 85, 65
2026-06-30T15:28:42,120410, 143771, 100, 66
2026-06-30T15:28:43,120410, 143771, 100, 66
2026-06-30T15:28:44,120410, 143771, 100, 62
2026-06-30T15:28:45,120410, 143771, 100, 64
2026-06-30T15:28:46,120410, 143771, 80, 61
2026-06-30T15:28:47,120410, 143771, 100, 63
2026-06-30T15:28:48,120410, 143771, 76, 61
2026-06-30T15:28:49,120410, 143771, 100, 65
2026-06-30T15:28:50,120410, 143771, 79, 62
2026-06-30T15:28:51,120410, 143771, 100, 63
2026-06-30T15:28:52,120410, 143771, 73, 60
2026-06-30T15:28:54,120410, 143771, 100, 64
2026-06-30T15:28:55,120410, 143771, 77, 63
2026-06-30T15:28:56,120410, 143771, 100, 65
2026-06-30T15:28:57,120410, 143771, 89, 61
2026-06-30T15:28:58,120410, 143771, 100, 65
2026-06-30T15:28:59,120410, 143771, 100, 64
2026-06-30T15:29:00,120410, 143771, 100, 63
2026-06-30T15:29:01,120410, 143771, 100, 64
2026-06-30T15:29:02,120410, 143771, 82, 61
2026-06-30T15:29:03,120410, 143771, 100, 65
2026-06-30T15:29:04,120410, 143771, 62, 61
2026-06-30T15:29:05,120410, 143771, 100, 63
2026-06-30T15:29:06,120410, 143771, 62, 61
2026-06-30T15:29:07,120410, 143771, 100, 65
2026-06-30T15:29:08,120410, 143771, 82, 61
2026-06-30T15:29:09,120410, 143771, 100, 65
2026-06-30T15:29:10,120410, 143771, 100, 62
2026-06-30T15:29:11,120410, 143771, 100, 65
2026-06-30T15:29:12,120410, 143771, 100, 64
2026-06-30T15:29:13,120410, 143771, 100, 60
2026-06-30T15:29:14,120410, 143771, 100, 65
2026-06-30T15:29:15,120410, 143771, 79, 61
2026-06-30T15:29:16,120410, 143771, 100, 65
2026-06-30T15:29:17,120410, 143771, 68, 59
2026-06-30T15:29:18,120410, 143771, 100, 65
2026-06-30T15:29:19,120410, 143771, 76, 63
2026-06-30T15:29:20,120410, 143771, 100, 65
2026-06-30T15:29:21,120410, 143771, 79, 64
2026-06-30T15:29:22,120410, 143771, 100, 66
2026-06-30T15:29:23,120410, 143771, 100, 65
2026-06-30T15:29:24,120410, 143771, 100, 65
2026-06-30T15:29:25,120410, 143771, 100, 63
2026-06-30T15:29:26,120410, 143771, 97, 62
2026-06-30T15:29:28,120410, 143771, 100, 63
2026-06-30T15:29:29,120410, 143771, 78, 62
2026-06-30T15:29:30,120410, 143771, 100, 66
2026-06-30T15:29:31,120410, 143771, 63, 62
2026-06-30T15:29:32,120410, 143771, 100, 65
2026-06-30T15:29:33,120410, 143771, 77, 61
2026-06-30T15:29:34,120410, 143771, 100, 65
2026-06-30T15:29:35,120410, 143771, 78, 63
2026-06-30T15:29:36,120410, 143771, 100, 63
2026-06-30T15:29:37,120410, 143771, 100, 62
2026-06-30T15:29:38,120410, 143771, 100, 65
2026-06-30T15:29:39,120410, 143771, 100, 65
2026-06-30T15:29:40,120410, 143771, 78, 61
2026-06-30T15:29:41,120410, 143771, 100, 64
2026-06-30T15:29:42,120410, 143771, 78, 63
2026-06-30T15:29:43,120410, 143771, 100, 63
2026-06-30T15:29:44,120410, 143771, 63, 61
2026-06-30T15:29:45,120410, 143771, 100, 65
2026-06-30T15:29:46,120410, 143771, 63, 60
2026-06-30T15:29:47,120410, 143771, 100, 65
2026-06-30T15:29:48,120410, 143771, 75, 61
2026-06-30T15:29:49,120410, 143771, 100, 63
2026-06-30T15:29:50,120410, 143771, 72, 61
2026-06-30T15:29:51,120410, 143771, 100, 63
2026-06-30T15:29:52,120410, 143771, 94, 66
2026-06-30T15:29:53,120410, 143771, 100, 64
2026-06-30T15:29:54,120410, 143771, 100, 64
2026-06-30T15:29:55,120410, 143771, 91, 61
2026-06-30T15:29:56,120410, 143771, 100, 63
2026-06-30T15:29:57,120410, 143771, 80, 63
2026-06-30T15:29:58,120410, 143771, 100, 66
2026-06-30T15:29:59,120410, 143771, 76, 62
2026-06-30T15:30:01,120410, 143771, 100, 65
2026-06-30T15:30:02,120410, 143771, 81, 62
2026-06-30T15:30:03,120410, 143771, 100, 64
2026-06-30T15:30:04,120410, 143771, 78, 62
2026-06-30T15:30:05,120410, 143771, 100, 65
2026-06-30T15:30:06,120410, 143771, 90, 61
2026-06-30T15:30:07,120410, 143771, 100, 65
2026-06-30T15:30:08,120410, 143771, 100, 62
2026-06-30T15:30:09,120410, 143771, 100, 65
2026-06-30T15:30:10,120410, 143771, 100, 63
2026-06-30T15:30:11,120410, 143771, 75, 61
2026-06-30T15:30:12,120410, 143771, 100, 65
2026-06-30T15:30:13,120410, 143771, 77, 61
2026-06-30T15:30:14,120410, 143771, 100, 63
2026-06-30T15:30:15,120410, 143771, 71, 63
2026-06-30T15:30:16,120410, 143771, 100, 65
2026-06-30T15:30:17,120410, 143771, 81, 63
2026-06-30T15:30:18,120410, 143771, 100, 65
2026-06-30T15:30:19,120410, 143771, 77, 62
2026-06-30T15:30:20,120410, 143771, 100, 65
2026-06-30T15:30:21,120410, 143771, 100, 64
2026-06-30T15:30:22,120410, 143771, 100, 65
2026-06-30T15:30:23,120410, 143771, 100, 64
2026-06-30T15:30:24,120410, 143771, 87, 61
2026-06-30T15:30:25,120410, 143771, 100, 65
2026-06-30T15:30:26,120410, 143771, 77, 61
2026-06-30T15:30:27,120410, 143771, 100, 65
2026-06-30T15:30:28,120410, 143771, 73, 63
2026-06-30T15:30:29,120410, 143771, 100, 63
2026-06-30T15:30:30,120410, 143771, 79, 61
2026-06-30T15:30:31,120410, 143771, 100, 65
2026-06-30T15:30:32,120410, 143771, 100, 61
2026-06-30T15:30:34,120410, 143771, 100, 65
2026-06-30T15:30:35,120410, 143771, 100, 64
2026-06-30T15:30:36,120410, 143771, 100, 61
2026-06-30T15:30:37,120410, 143771, 100, 64
2026-06-30T15:30:38,120410, 143771, 77, 62
2026-06-30T15:30:39,120410, 143771, 100, 65
2026-06-30T15:30:40,120410, 143771, 75, 61
2026-06-30T15:30:41,120410, 143771, 100, 65
2026-06-30T15:30:42,120410, 143771, 76, 62
2026-06-30T15:30:43,120410, 143771, 100, 65
2026-06-30T15:30:44,120410, 143771, 77, 60
2026-06-30T15:30:45,120410, 143771, 100, 64
2026-06-30T15:30:46,120410, 143771, 100, 67
2026-06-30T15:30:47,120410, 143771, 100, 65
2026-06-30T15:30:48,120410, 143771, 100, 64
2026-06-30T15:30:49,120410, 143771, 100, 64
2026-06-30T15:30:50,120410, 143771, 100, 64
2026-06-30T15:30:51,120410, 143771, 82, 62
2026-06-30T15:30:52,120410, 143771, 100, 66
2026-06-30T15:30:53,120410, 143771, 78, 61
2026-06-30T15:30:54,120410, 143771, 100, 65
2026-06-30T15:30:55,120410, 143771, 78, 61
2026-06-30T15:30:56,120410, 143771, 100, 65
2026-06-30T15:30:57,120410, 143771, 80, 61
2026-06-30T15:30:58,120410, 143771, 100, 63
2026-06-30T15:30:59,120410, 143771, 84, 61
2026-06-30T15:31:00,120410, 143771, 100, 66
2026-06-30T15:31:01,120410, 143771, 98, 66
2026-06-30T15:31:02,120410, 143771, 100, 63
2026-06-30T15:31:03,120410, 143771, 100, 64
2026-06-30T15:31:04,120410, 143771, 100, 60
2026-06-30T15:31:05,120410, 143771, 100, 64
2026-06-30T15:31:07,120410, 143771, 72, 62
2026-06-30T15:31:08,120410, 143771, 100, 64
2026-06-30T15:31:09,120410, 143771, 79, 62
2026-06-30T15:31:10,120410, 143771, 100, 65
2026-06-30T15:31:11,120410, 143771, 79, 60
2026-06-30T15:31:12,120410, 143771, 100, 66
2026-06-30T15:31:13,120410, 143771, 80, 63
2026-06-30T15:31:14,120410, 143771, 100, 63
2026-06-30T15:31:15,120410, 143771, 82, 67
2026-06-30T15:31:16,120410, 143771, 100, 65
2026-06-30T15:31:17,120410, 143771, 100, 64
2026-06-30T15:31:18,120410, 143771, 100, 65
2026-06-30T15:31:19,120410, 143771, 100, 64
2026-06-30T15:31:20,120410, 143771, 75, 62
2026-06-30T15:31:21,120410, 143771, 100, 63
2026-06-30T15:31:22,120410, 143771, 81, 63
2026-06-30T15:31:23,120410, 143771, 100, 64
2026-06-30T15:31:24,120410, 143771, 81, 61
2026-06-30T15:31:25,120410, 143771, 100, 66
2026-06-30T15:31:26,120410, 143771, 79, 61
2026-06-30T15:31:27,120410, 143771, 100, 65
2026-06-30T15:31:28,120410, 143771, 100, 67
2026-06-30T15:31:29,120410, 143771, 100, 65
2026-06-30T15:31:30,120410, 143771, 100, 62
2026-06-30T15:31:31,120410, 143771, 92, 61
2026-06-30T15:31:32,120410, 143771, 100, 66
2026-06-30T15:31:33,120410, 143771, 79, 61
2026-06-30T15:31:34,120410, 143771, 100, 63
2026-06-30T15:31:35,120410, 143771, 64, 61
2026-06-30T15:31:36,120410, 143771, 100, 63
2026-06-30T15:31:37,120410, 143771, 78, 62
2026-06-30T15:31:38,120410, 143771, 100, 64
2026-06-30T15:31:39,120410, 143771, 79, 62
2026-06-30T15:31:41,120410, 143771, 100, 63
2026-06-30T15:31:42,120410, 143771, 100, 66
2026-06-30T15:31:43,120410, 143771, 100, 65
2026-06-30T15:31:44,120410, 143771, 100, 64
2026-06-30T15:31:45,120410, 143771, 92, 62
2026-06-30T15:31:46,120410, 143771, 100, 64
2026-06-30T15:31:47,120410, 143771, 79, 61
2026-06-30T15:31:48,120410, 143771, 100, 65
2026-06-30T15:31:49,120410, 143771, 72, 61
2026-06-30T15:31:50,120410, 143771, 100, 65
2026-06-30T15:31:51,120410, 143771, 80, 61
2026-06-30T15:31:52,120410, 143771, 100, 64
2026-06-30T15:31:53,120410, 143771, 81, 61
2026-06-30T15:31:54,120410, 143771, 100, 63
2026-06-30T15:31:55,120410, 143771, 100, 65
2026-06-30T15:31:56,120410, 143771, 100, 65
2026-06-30T15:31:57,120410, 143771, 100, 64
2026-06-30T15:31:58,120410, 143771, 86, 62
2026-06-30T15:31:59,120410, 143771, 100, 64
2026-06-30T15:32:00,120410, 143771, 74, 63
2026-06-30T15:32:01,120410, 143771, 100, 64
2026-06-30T15:32:02,120410, 143771, 72, 62
2026-06-30T15:32:03,120410, 143771, 100, 65
2026-06-30T15:32:04,120410, 143771, 76, 61
2026-06-30T15:32:05,120410, 143771, 100, 64
2026-06-30T15:32:06,120410, 143771, 81, 61
2026-06-30T15:32:07,120410, 143771, 100, 66
2026-06-30T15:32:08,120410, 143771, 100, 66
2026-06-30T15:32:09,120410, 143771, 100, 63
2026-06-30T15:32:10,120410, 143771, 100, 63
2026-06-30T15:32:11,120410, 143771, 88, 61
2026-06-30T15:32:12,120410, 143771, 100, 64
2026-06-30T15:32:13,120410, 143771, 81, 61
2026-06-30T15:32:15,120410, 143771, 100, 64
2026-06-30T15:32:16,120410, 143771, 82, 61
2026-06-30T15:32:17,120410, 143771, 100, 65
2026-06-30T15:32:18,120410, 143771, 79, 60
2026-06-30T15:32:19,120410, 143771, 100, 63
2026-06-30T15:32:20,120410, 143771, 78, 62
2026-06-30T15:32:21,120410, 143771, 100, 65
2026-06-30T15:32:22,120410, 143771, 100, 66
2026-06-30T15:32:23,120410, 143771, 100, 65
2026-06-30T15:32:24,120410, 143771, 100, 63
2026-06-30T15:32:25,120410, 143771, 96, 61
2026-06-30T15:32:26,120410, 143771, 100, 63
2026-06-30T15:32:27,120410, 143771, 74, 61
2026-06-30T15:32:28,120410, 143771, 100, 65
2026-06-30T15:32:29,120410, 143771, 80, 62
2026-06-30T15:32:30,120410, 143771, 100, 63
2026-06-30T15:32:31,120410, 143771, 82, 61
2026-06-30T15:32:32,120410, 143771, 100, 65
2026-06-30T15:32:33,120410, 143771, 82, 63
2026-06-30T15:32:34,120410, 143771, 100, 63
2026-06-30T15:32:35,120410, 143771, 98, 67
2026-06-30T15:32:36,120410, 143771, 100, 63
2026-06-30T15:32:37,120410, 143771, 100, 64
2026-06-30T15:32:38,120410, 143771, 97, 62
2026-06-30T15:32:39,120410, 143771, 100, 63
2026-06-30T15:32:40,120410, 143771, 77, 61
2026-06-30T15:32:41,120410, 143771, 100, 65
2026-06-30T15:32:42,120410, 143771, 74, 61
2026-06-30T15:32:43,120410, 143771, 100, 65
2026-06-30T15:32:44,120410, 143771, 80, 61
2026-06-30T15:32:45,120410, 143771, 100, 65
2026-06-30T15:32:46,120410, 143771, 78, 62
2026-06-30T15:32:47,120410, 143771, 100, 63
2026-06-30T15:32:49,120410, 143771, 100, 64
2026-06-30T15:32:50,120410, 143771, 100, 64
2026-06-30T15:32:51,120410, 143771, 100, 63
2026-06-30T15:32:52,120410, 143771, 76, 63
2026-06-30T15:32:53,120410, 143771, 100, 64
2026-06-30T15:32:54,120410, 143771, 77, 61
2026-06-30T15:32:55,120410, 143771, 100, 65
2026-06-30T15:32:56,120410, 143771, 63, 61
2026-06-30T15:32:57,120410, 143771, 100, 65
2026-06-30T15:32:58,120410, 143771, 74, 62
2026-06-30T15:32:59,120410, 143771, 100, 63
2026-06-30T15:33:00,120410, 143771, 79, 60
2026-06-30T15:33:01,120410, 143771, 100, 65
2026-06-30T15:33:02,120410, 143771, 100, 66
2026-06-30T15:33:03,120410, 143771, 100, 65
2026-06-30T15:33:04,120410, 143771, 100, 65
2026-06-30T15:33:05,120410, 143771, 79, 60
2026-06-30T15:33:06,120410, 143771, 100, 65
2026-06-30T15:33:07,120410, 143771, 77, 61
2026-06-30T15:33:08,120410, 143771, 100, 63
2026-06-30T15:33:09,120410, 143771, 67, 61
2026-06-30T15:33:10,120410, 143771, 100, 65
2026-06-30T15:33:11,120410, 143771, 80, 61
2026-06-30T15:33:12,120410, 143771, 100, 66
2026-06-30T15:33:13,120410, 143771, 78, 61
2026-06-30T15:33:14,120410, 143771, 100, 65
2026-06-30T15:33:15,120410, 143771, 100, 64
2026-06-30T15:33:16,120410, 143771, 100, 65
2026-06-30T15:33:17,120410, 143771, 100, 65
2026-06-30T15:33:18,120410, 143771, 83, 64
2026-06-30T15:33:19,120410, 143771, 100, 65
2026-06-30T15:33:20,120410, 143771, 81, 62
2026-06-30T15:33:22,120410, 143771, 100, 64
2026-06-30T15:33:23,120410, 143771, 79, 63
2026-06-30T15:33:24,120410, 143771, 100, 65
2026-06-30T15:33:25,120410, 143771, 78, 62
2026-06-30T15:33:26,120410, 143771, 100, 65
2026-06-30T15:33:27,120410, 143771, 84, 65
2026-06-30T15:33:28,120410, 143771, 100, 65
2026-06-30T15:33:29,120410, 143771, 100, 65
2026-06-30T15:33:30,120410, 143771, 100, 63
2026-06-30T15:33:31,120410, 143771, 100, 65
2026-06-30T15:33:32,120410, 143771, 80, 62
2026-06-30T15:33:33,120410, 143771, 100, 64
2026-06-30T15:33:34,120410, 143771, 76, 61
2026-06-30T15:33:35,120410, 143771, 100, 65
2026-06-30T15:33:36,120410, 143771, 79, 63
2026-06-30T15:33:37,120410, 143771, 100, 64
2026-06-30T15:33:38,120410, 143771, 81, 61
2026-06-30T15:33:39,120410, 143771, 100, 65
2026-06-30T15:33:40,120410, 143771, 89, 62
2026-06-30T15:33:41,120410, 143771, 100, 64
2026-06-30T15:33:42,120410, 143771, 100, 64
2026-06-30T15:33:43,120410, 143771, 100, 65
2026-06-30T15:33:44,120410, 143771, 100, 64
2026-06-30T15:33:45,120410, 143771, 76, 61
2026-06-30T15:33:46,120410, 143771, 100, 65
2026-06-30T15:33:47,120410, 143771, 81, 62
2026-06-30T15:33:48,120410, 143771, 100, 63
2026-06-30T15:33:49,120410, 143771, 67, 61
2026-06-30T15:33:50,120410, 143771, 100, 65
2026-06-30T15:33:51,120410, 143771, 80, 63
2026-06-30T15:33:52,120410, 143771, 100, 65
2026-06-30T15:33:53,120410, 143771, 79, 68
2026-06-30T15:33:54,120410, 143771, 100, 65
2026-06-30T15:33:56,120410, 143771, 100, 63
2026-06-30T15:33:57,120410, 143771, 100, 65
2026-06-30T15:33:58,120410, 143771, 100, 65
2026-06-30T15:33:59,120410, 143771, 81, 62
2026-06-30T15:34:00,120410, 143771, 100, 63
2026-06-30T15:34:01,120410, 143771, 78, 62
2026-06-30T15:34:02,120410, 143771, 100, 65
2026-06-30T15:34:03,120410, 143771, 74, 61
2026-06-30T15:34:04,120410, 143771, 100, 64
2026-06-30T15:34:05,120410, 143771, 77, 61
2026-06-30T15:34:06,120410, 143771, 100, 65
2026-06-30T15:34:07,120410, 143771, 75, 60
2026-06-30T15:34:08,120410, 143771, 100, 65
2026-06-30T15:34:09,120410, 143771, 100, 66
2026-06-30T15:34:10,120410, 143771, 100, 63
2026-06-30T15:34:11,120410, 143771, 100, 64
2026-06-30T15:34:12,120410, 143771, 92, 65
2026-06-30T15:34:13,120410, 143771, 100, 63
2026-06-30T15:34:14,120410, 143771, 81, 62
2026-06-30T15:34:15,120410, 143771, 100, 64
2026-06-30T15:34:16,120410, 143771, 76, 61
2026-06-30T15:34:17,120410, 143771, 100, 65
2026-06-30T15:34:18,120410, 143771, 80, 61
2026-06-30T15:34:19,120410, 143771, 100, 65
2026-06-30T15:34:20,120410, 143771, 91, 62
2026-06-30T15:34:21,120410, 143771, 100, 65
2026-06-30T15:34:22,120410, 143771, 100, 65
2026-06-30T15:34:23,120410, 143771, 100, 61
2026-06-30T15:34:24,120410, 143771, 100, 65
2026-06-30T15:34:25,120410, 143771, 80, 61
2026-06-30T15:34:26,120410, 143771, 100, 64
2026-06-30T15:34:27,120410, 143771, 80, 61
2026-06-30T15:34:29,120410, 143771, 100, 65
2026-06-30T15:34:30,120410, 143771, 79, 62
2026-06-30T15:34:31,120410, 143771, 100, 65
2026-06-30T15:34:32,120410, 143771, 79, 60
2026-06-30T15:34:33,120410, 143771, 100, 63
2026-06-30T15:34:34,120410, 143771, 90, 62
2026-06-30T15:34:35,120410, 143771, 100, 65
2026-06-30T15:34:36,120410, 143771, 100, 64
2026-06-30T15:34:37,120410, 143771, 100, 66
2026-06-30T15:34:38,120410, 143771, 100, 63
2026-06-30T15:34:39,120410, 143771, 76, 63
2026-06-30T15:34:40,120410, 143771, 100, 63
2026-06-30T15:34:41,120410, 143771, 78, 64
2026-06-30T15:34:42,120410, 143771, 100, 64
2026-06-30T15:34:43,120410, 143771, 74, 63
2026-06-30T15:34:44,120410, 143771, 100, 66
2026-06-30T15:34:45,120410, 143771, 80, 60
2026-06-30T15:34:46,120410, 143771, 100, 66
2026-06-30T15:34:47,120410, 143771, 83, 66
2026-06-30T15:34:48,120410, 143771, 100, 66
2026-06-30T15:34:49,120410, 143771, 100, 64
2026-06-30T15:34:50,120410, 143771, 100, 65
2026-06-30T15:34:51,120410, 143771, 100, 64
2026-06-30T15:34:52,120410, 143771, 77, 61
2026-06-30T15:34:53,120410, 143771, 100, 65
2026-06-30T15:34:54,120410, 143771, 80, 62
2026-06-30T15:34:55,120410, 143771, 100, 65
2026-06-30T15:34:56,120410, 143771, 81, 62
2026-06-30T15:34:57,120410, 143771, 100, 64
2026-06-30T15:34:58,120410, 143771, 79, 61
2026-06-30T15:34:59,120410, 143771, 100, 63
2026-06-30T15:35:00,120410, 143771, 90, 62
2026-06-30T15:35:01,120410, 143771, 100, 63
2026-06-30T15:35:03,120410, 143771, 100, 63
2026-06-30T15:35:04,120410, 143771, 100, 64
2026-06-30T15:35:05,120410, 143771, 100, 64
2026-06-30T15:35:06,120410, 143771, 78, 61
2026-06-30T15:35:07,120410, 143771, 100, 63
2026-06-30T15:35:08,120410, 143771, 82, 62
2026-06-30T15:35:09,120410, 143771, 100, 65
2026-06-30T15:35:10,120410, 143771, 77, 63
2026-06-30T15:35:11,120410, 143771, 100, 63
2026-06-30T15:35:12,120410, 143771, 78, 63
2026-06-30T15:35:13,120410, 143771, 100, 63
2026-06-30T15:35:14,120410, 143771, 91, 61
2026-06-30T15:35:15,120410, 143771, 100, 65
2026-06-30T15:35:16,120410, 143771, 100, 63
2026-06-30T15:35:17,120410, 143771, 100, 63
2026-06-30T15:35:18,120410, 143771, 100, 66
2026-06-30T15:35:19,120410, 143771, 77, 63
2026-06-30T15:35:20,120410, 143771, 100, 65
2026-06-30T15:35:21,120410, 143771, 81, 61
2026-06-30T15:35:22,120410, 143771, 100, 65
2026-06-30T15:35:23,120410, 143771, 81, 61
2026-06-30T15:35:24,120410, 143771, 100, 64
2026-06-30T15:35:25,120410, 143771, 80, 62
2026-06-30T15:35:26,120410, 143771, 100, 65
2026-06-30T15:35:27,120410, 143771, 95, 64
2026-06-30T15:35:28,120410, 143771, 100, 66
2026-06-30T15:35:29,120410, 143771, 100, 65
2026-06-30T15:35:30,120410, 143771, 100, 61
2026-06-30T15:35:31,120410, 143771, 100, 64
2026-06-30T15:35:32,120410, 143771, 79, 61
2026-06-30T15:35:33,120410, 143771, 100, 65
2026-06-30T15:35:34,120410, 143771, 79, 61
2026-06-30T15:35:35,120410, 143771, 100, 65
2026-06-30T15:35:37,120410, 143771, 71, 62
2026-06-30T15:35:38,120410, 143771, 100, 66
2026-06-30T15:35:39,120410, 143771, 77, 61
2026-06-30T15:35:40,120410, 143771, 100, 65
2026-06-30T15:35:41,120410, 143771, 81, 68
2026-06-30T15:35:42,120410, 143771, 100, 65
2026-06-30T15:35:43,120410, 143771, 100, 66
2026-06-30T15:35:44,120410, 143771, 100, 65
2026-06-30T15:35:45,120410, 143771, 100, 64
2026-06-30T15:35:46,120410, 143771, 78, 61
2026-06-30T15:35:47,120410, 143771, 100, 64
2026-06-30T15:35:48,120410, 143771, 76, 61
2026-06-30T15:35:49,120410, 143771, 100, 65
2026-06-30T15:35:50,120410, 143771, 63, 60
2026-06-30T15:35:51,120410, 143771, 100, 65
2026-06-30T15:35:52,120410, 143771, 79, 60
2026-06-30T15:35:53,120410, 143771, 100, 63
2026-06-30T15:35:54,120410, 143771, 79, 62
2026-06-30T15:35:55,120410, 143771, 100, 63
2026-06-30T15:35:56,120410, 143771, 100, 61
2026-06-30T15:35:57,120410, 143771, 100, 65
2026-06-30T15:35:58,120410, 143771, 100, 63
2026-06-30T15:35:59,120410, 143771, 82, 61
2026-06-30T15:36:00,120410, 143771, 100, 65
2026-06-30T15:36:01,120410, 143771, 81, 61
2026-06-30T15:36:02,120410, 143771, 100, 66
2026-06-30T15:36:03,120410, 143771, 79, 61
2026-06-30T15:36:04,120410, 143771, 100, 65
2026-06-30T15:36:05,120410, 143771, 79, 62
2026-06-30T15:36:06,120410, 143771, 100, 64
2026-06-30T15:36:07,120410, 143771, 76, 66
2026-06-30T15:36:08,120410, 143771, 100, 63
2026-06-30T15:36:10,120410, 143771, 100, 66
2026-06-30T15:36:11,120410, 143771, 100, 64
2026-06-30T15:36:12,120410, 143771, 100, 63
2026-06-30T15:36:13,120410, 143771, 78, 62
2026-06-30T15:36:14,120410, 143771, 100, 63
2026-06-30T15:36:15,120410, 143771, 79, 63
2026-06-30T15:36:16,120410, 143771, 100, 64
2026-06-30T15:36:17,120410, 143771, 77, 61
2026-06-30T15:36:18,120410, 143771, 100, 65
2026-06-30T15:36:19,120410, 143771, 78, 61
2026-06-30T15:36:20,120410, 143771, 100, 63
2026-06-30T15:36:21,120410, 143771, 88, 62
2026-06-30T15:36:22,120410, 143771, 100, 64
2026-06-30T15:36:23,120410, 143771, 100, 65
2026-06-30T15:36:24,120410, 143771, 100, 63
2026-06-30T15:36:25,120410, 143771, 100, 64
2026-06-30T15:36:26,120410, 143771, 79, 61
2026-06-30T15:36:27,120410, 143771, 100, 64
2026-06-30T15:36:28,120410, 143771, 78, 61
2026-06-30T15:36:29,120410, 143771, 100, 65
2026-06-30T15:36:30,120410, 143771, 75, 62
2026-06-30T15:36:31,120410, 143771, 100, 66
2026-06-30T15:36:32,120410, 143771, 79, 62
2026-06-30T15:36:33,120410, 143771, 100, 64
2026-06-30T15:36:34,120410, 143771, 91, 62
2026-06-30T15:36:35,120410, 143771, 100, 65
2026-06-30T15:36:36,120410, 143771, 100, 67
2026-06-30T15:36:37,120410, 143771, 100, 64
2026-06-30T15:36:38,120410, 143771, 100, 65
2026-06-30T15:36:39,120410, 143771, 90, 61
2026-06-30T15:36:40,120410, 143771, 100, 65
2026-06-30T15:36:41,120410, 143771, 79, 62
2026-06-30T15:36:42,120410, 143771, 100, 63
2026-06-30T15:36:44,120410, 143771, 78, 63
2026-06-30T15:36:45,120410, 143771, 100, 66
2026-06-30T15:36:46,120410, 143771, 82, 61
2026-06-30T15:36:47,120410, 143771, 100, 65
2026-06-30T15:36:48,120410, 143771, 88, 62
2026-06-30T15:36:49,120410, 143771, 100, 65
2026-06-30T15:36:50,120410, 143771, 100, 65
2026-06-30T15:36:51,120410, 143771, 100, 64
2026-06-30T15:36:52,120410, 143771, 100, 64
2026-06-30T15:36:53,120410, 143771, 92, 61
2026-06-30T15:36:54,120410, 143771, 100, 65
2026-06-30T15:36:55,120410, 143771, 78, 61
2026-06-30T15:36:56,120410, 143771, 100, 65
2026-06-30T15:36:57,120410, 143771, 79, 63
2026-06-30T15:36:58,120410, 143771, 100, 66
2026-06-30T15:36:59,120410, 143771, 78, 61
2026-06-30T15:37:00,120410, 143771, 100, 66
2026-06-30T15:37:01,120410, 143771, 83, 67
2026-06-30T15:37:02,120410, 143771, 100, 64
2026-06-30T15:37:03,120410, 143771, 100, 66
2026-06-30T15:37:04,120410, 143771, 100, 62
2026-06-30T15:37:05,120410, 143771, 100, 65
2026-06-30T15:37:06,120410, 143771, 91, 62
2026-06-30T15:37:07,120410, 143771, 100, 64
2026-06-30T15:37:08,120410, 143771, 79, 63
2026-06-30T15:37:09,120410, 143771, 100, 65
2026-06-30T15:37:10,120410, 143771, 74, 62
2026-06-30T15:37:11,120410, 143771, 100, 64
2026-06-30T15:37:12,120410, 143771, 75, 61
2026-06-30T15:37:13,120410, 143771, 100, 65
2026-06-30T15:37:14,120410, 143771, 85, 65
2026-06-30T15:37:15,120410, 143771, 100, 65
2026-06-30T15:37:17,120410, 143771, 100, 66
2026-06-30T15:37:18,120410, 143771, 100, 65
2026-06-30T15:37:19,120410, 143771, 100, 65
2026-06-30T15:37:20,120410, 143771, 79, 61
2026-06-30T15:37:21,120410, 143771, 100, 65
2026-06-30T15:37:22,120410, 143771, 79, 63
2026-06-30T15:37:23,120410, 143771, 100, 66
2026-06-30T15:37:24,120410, 143771, 75, 60
2026-06-30T15:37:25,120410, 143771, 100, 66
2026-06-30T15:37:26,120410, 143771, 81, 61
2026-06-30T15:37:27,120410, 143771, 100, 64
2026-06-30T15:37:28,120410, 143771, 89, 64
2026-06-30T15:37:29,120410, 143771, 100, 63
2026-06-30T15:37:30,120410, 143771, 100, 65
2026-06-30T15:37:31,120410, 143771, 100, 65
2026-06-30T15:37:32,120410, 143771, 100, 65
2026-06-30T15:37:33,120410, 143771, 78, 61
2026-06-30T15:37:34,120410, 143771, 100, 64
2026-06-30T15:37:35,120410, 143771, 78, 60
2026-06-30T15:37:36,120410, 143771, 100, 65
2026-06-30T15:37:37,120410, 143771, 69, 62
2026-06-30T15:37:38,120410, 143771, 100, 65
2026-06-30T15:37:39,120410, 143771, 81, 63
2026-06-30T15:37:40,120410, 143771, 100, 64
2026-06-30T15:37:41,120410, 143771, 85, 63
2026-06-30T15:37:42,120410, 143771, 100, 65
2026-06-30T15:37:43,120410, 143771, 100, 65
2026-06-30T15:37:44,120410, 143771, 100, 65
2026-06-30T15:37:45,120410, 143771, 100, 63
2026-06-30T15:37:46,120410, 143771, 80, 61
2026-06-30T15:37:47,120410, 143771, 100, 65
2026-06-30T15:37:48,120410, 143771, 79, 61
2026-06-30T15:37:49,120410, 143771, 100, 65
2026-06-30T15:37:51,120410, 143771, 79, 61
2026-06-30T15:37:52,120410, 143771, 100, 64
2026-06-30T15:37:53,120410, 143771, 79, 62
2026-06-30T15:37:54,120410, 143771, 100, 64
2026-06-30T15:37:55,120410, 143771, 84, 64
2026-06-30T15:37:56,120410, 143771, 100, 64
2026-06-30T15:37:57,120410, 143771, 100, 66
2026-06-30T15:37:58,120410, 143771, 100, 61
2026-06-30T15:37:59,120410, 143771, 100, 65
2026-06-30T15:38:00,120410, 143771, 80, 63
2026-06-30T15:38:01,120410, 143771, 100, 65
2026-06-30T15:38:02,120410, 143771, 76, 60
2026-06-30T15:38:03,120410, 143771, 100, 65
2026-06-30T15:38:04,120410, 143771, 77, 62
2026-06-30T15:38:05,120410, 143771, 100, 65
2026-06-30T15:38:06,120410, 143771, 74, 61
2026-06-30T15:38:07,120410, 143771, 100, 65
2026-06-30T15:38:08,120410, 143771, 84, 65
2026-06-30T15:38:09,120410, 143771, 100, 65
2026-06-30T15:38:10,120410, 143771, 100, 66
2026-06-30T15:38:11,120410, 143771, 100, 63
2026-06-30T15:38:12,120410, 143771, 100, 65
2026-06-30T15:38:13,120410, 143771, 81, 61
2026-06-30T15:38:14,120410, 143771, 100, 65
2026-06-30T15:38:15,120410, 143771, 79, 62
2026-06-30T15:38:16,120410, 143771, 100, 64
2026-06-30T15:38:17,120410, 143771, 80, 62
2026-06-30T15:38:18,120410, 143771, 100, 66
2026-06-30T15:38:19,120410, 143771, 79, 61
2026-06-30T15:38:20,120410, 143771, 100, 65
2026-06-30T15:38:21,120410, 143771, 95, 65
2026-06-30T15:38:22,120410, 143771, 100, 66
2026-06-30T15:38:24,120410, 143771, 100, 65
2026-06-30T15:38:25,120410, 143771, 100, 61
2026-06-30T15:38:26,120410, 143771, 100, 65
2026-06-30T15:38:27,120410, 143771, 77, 63
2026-06-30T15:38:28,120410, 143771, 100, 64
2026-06-30T15:38:29,120410, 143771, 77, 62
2026-06-30T15:38:30,120410, 143771, 100, 63
2026-06-30T15:38:31,120410, 143771, 80, 61
2026-06-30T15:38:32,120410, 143771, 100, 65
2026-06-30T15:38:33,120410, 143771, 78, 62
2026-06-30T15:38:34,120410, 143771, 100, 65
2026-06-30T15:38:35,120410, 143771, 91, 62
2026-06-30T15:38:36,120410, 143771, 100, 65
2026-06-30T15:38:37,120410, 143771, 100, 66
2026-06-30T15:38:38,120410, 143771, 100, 61
2026-06-30T15:38:39,120410, 143771, 100, 65
2026-06-30T15:38:40,120410, 143771, 76, 63
2026-06-30T15:38:41,120410, 143771, 100, 66
2026-06-30T15:38:42,120410, 143771, 79, 63
2026-06-30T15:38:43,120410, 143771, 100, 66
2026-06-30T15:38:44,120410, 143771, 78, 60
2026-06-30T15:38:45,120410, 143771, 100, 63
2026-06-30T15:38:46,120410, 143771, 80, 63
2026-06-30T15:38:47,120410, 143771, 100, 65
2026-06-30T15:38:48,120410, 143771, 79, 68
2026-06-30T15:38:49,120410, 143771, 100, 65
2026-06-30T15:38:50,120410, 143771, 100, 66
2026-06-30T15:38:51,120410, 143771, 100, 65
2026-06-30T15:38:52,120410, 143771, 100, 63
2026-06-30T15:38:53,120410, 143771, 78, 62
2026-06-30T15:38:54,120410, 143771, 100, 65
2026-06-30T15:38:55,120410, 143771, 80, 62
2026-06-30T15:38:56,120410, 143771, 100, 63
2026-06-30T15:38:58,120410, 143771, 66, 59
2026-06-30T15:38:59,120410, 143771, 100, 63
2026-06-30T15:39:00,120410, 143771, 81, 61
2026-06-30T15:39:01,120410, 143771, 100, 65
2026-06-30T15:39:02,120410, 143771, 95, 63
2026-06-30T15:39:03,120410, 143771, 100, 66
2026-06-30T15:39:04,120410, 143771, 100, 65
2026-06-30T15:39:05,120410, 143771, 100, 60
2026-06-30T15:39:06,120410, 143771, 100, 63
2026-06-30T15:39:07,120410, 143771, 82, 62
2026-06-30T15:39:08,120410, 143771, 100, 63
2026-06-30T15:39:09,120410, 143771, 76, 59
2026-06-30T15:39:10,120410, 143771, 100, 66
2026-06-30T15:39:11,120410, 143771, 82, 61
2026-06-30T15:39:12,120410, 143771, 100, 65
2026-06-30T15:39:13,120410, 143771, 77, 62
2026-06-30T15:39:14,120410, 143771, 100, 65
2026-06-30T15:39:15,120410, 143771, 95, 66
2026-06-30T15:39:16,120410, 143771, 100, 64
2026-06-30T15:39:17,120410, 143771, 100, 64
2026-06-30T15:39:18,120410, 143771, 100, 60
2026-06-30T15:39:19,120410, 143771, 100, 63
2026-06-30T15:39:20,120410, 143771, 85, 63
2026-06-30T15:39:21,120410, 143771, 100, 64
2026-06-30T15:39:22,120410, 143771, 74, 60
2026-06-30T15:39:23,120410, 143771, 100, 64
2026-06-30T15:39:24,120410, 143771, 78, 61
2026-06-30T15:39:25,120410, 143771, 100, 65
2026-06-30T15:39:26,120410, 143771, 76, 62
2026-06-30T15:39:27,120410, 143771, 100, 63
2026-06-30T15:39:28,120410, 143771, 89, 62
2026-06-30T15:39:29,120410, 143771, 100, 63
2026-06-30T15:39:31,120410, 143771, 100, 65
2026-06-30T15:39:32,120410, 143771, 100, 64
2026-06-30T15:39:33,120410, 143771, 100, 65
2026-06-30T15:39:34,120410, 143771, 90, 63
2026-06-30T15:39:35,120410, 143771, 100, 65
2026-06-30T15:39:36,120410, 143771, 80, 61
2026-06-30T15:39:37,120410, 143771, 100, 65
2026-06-30T15:39:38,120410, 143771, 74, 61
2026-06-30T15:39:39,120410, 143771, 100, 65
2026-06-30T15:39:40,120410, 143771, 80, 62
2026-06-30T15:39:41,120410, 143771, 100, 63
2026-06-30T15:39:42,120410, 143771, 79, 64
2026-06-30T15:39:43,120410, 143771, 100, 65
2026-06-30T15:39:44,120410, 143771, 100, 66
2026-06-30T15:39:45,120410, 143771, 100, 63
2026-06-30T15:39:46,120410, 143771, 100, 64
2026-06-30T15:39:47,120410, 143771, 100, 60
2026-06-30T15:39:48,120410, 143771, 100, 64
2026-06-30T15:39:49,120410, 143771, 80, 62
2026-06-30T15:39:50,120410, 143771, 100, 65
2026-06-30T15:39:51,120410, 143771, 72, 61
2026-06-30T15:39:52,120410, 143771, 100, 64
2026-06-30T15:39:53,120410, 143771, 77, 63
2026-06-30T15:39:54,120410, 143771, 100, 65
2026-06-30T15:39:55,120410, 143771, 77, 62
2026-06-30T15:39:56,120410, 143771, 100, 65
2026-06-30T15:39:57,120410, 143771, 82, 67
2026-06-30T15:39:58,120410, 143771, 100, 65
2026-06-30T15:39:59,120410, 143771, 100, 63
2026-06-30T15:40:00,120410, 143771, 100, 64
2026-06-30T15:40:01,120410, 143771, 100, 64
2026-06-30T15:40:02,120410, 143771, 87, 61
2026-06-30T15:40:03,120410, 143771, 100, 64
2026-06-30T15:40:05,120410, 143771, 76, 63
2026-06-30T15:40:06,120410, 143771, 100, 65
2026-06-30T15:40:07,120410, 143771, 72, 61
2026-06-30T15:40:08,120410, 143771, 100, 65
2026-06-30T15:40:09,120410, 143771, 80, 63
2026-06-30T15:40:10,120410, 143771, 100, 64
2026-06-30T15:40:11,120410, 143771, 81, 61
2026-06-30T15:40:12,120410, 143771, 100, 64
2026-06-30T15:40:13,120410, 143771, 100, 65
2026-06-30T15:40:14,120410, 143771, 100, 64
2026-06-30T15:40:15,120410, 143771, 100, 64
2026-06-30T15:40:16,120410, 143771, 87, 61
2026-06-30T15:40:17,120410, 143771, 100, 64
2026-06-30T15:40:18,120410, 143771, 81, 61
2026-06-30T15:40:19,120410, 143771, 100, 65
2026-06-30T15:40:20,120410, 143771, 70, 60
2026-06-30T15:40:21,120410, 143771, 100, 65
2026-06-30T15:40:22,120410, 143771, 81, 63
2026-06-30T15:40:23,120410, 143771, 100, 64
2026-06-30T15:40:24,120410, 143771, 81, 67
2026-06-30T15:40:25,120410, 143771, 100, 64
2026-06-30T15:40:26,120410, 143771, 100, 62
2026-06-30T15:40:27,120410, 143771, 100, 65
2026-06-30T15:40:28,120410, 143771, 100, 63
2026-06-30T15:40:29,120410, 143771, 80, 63
2026-06-30T15:40:30,120410, 143771, 100, 65
2026-06-30T15:40:31,120410, 143771, 82, 62
2026-06-30T15:40:32,120410, 143771, 100, 65
2026-06-30T15:40:33,120410, 143771, 78, 60
2026-06-30T15:40:34,120410, 143771, 100, 63
2026-06-30T15:40:35,120410, 143771, 81, 61
2026-06-30T15:40:36,120410, 143771, 100, 66
2026-06-30T15:40:37,120410, 143771, 96, 67
2026-06-30T15:40:38,120410, 143771, 100, 64
2026-06-30T15:40:40,120410, 143771, 100, 65
2026-06-30T15:40:41,120410, 143771, 90, 61
2026-06-30T15:40:42,120410, 143771, 100, 65
2026-06-30T15:40:43,120410, 143771, 80, 61
2026-06-30T15:40:44,120410, 143771, 100, 64
2026-06-30T15:40:45,120410, 143771, 69, 61
2026-06-30T15:40:46,120410, 143771, 100, 63
2026-06-30T15:40:47,120410, 143771, 80, 61
2026-06-30T15:40:48,120410, 143771, 100, 65
2026-06-30T15:40:49,120410, 143771, 97, 65
2026-06-30T15:40:50,120410, 143771, 100, 63
2026-06-30T15:40:51,120410, 143771, 100, 63
2026-06-30T15:40:52,120410, 143771, 100, 65
2026-06-30T15:40:53,120410, 143771, 100, 63
2026-06-30T15:40:54,120410, 143771, 77, 61
2026-06-30T15:40:55,120410, 143771, 100, 63
2026-06-30T15:40:56,120410, 143771, 66, 63
2026-06-30T15:40:57,120410, 143771, 100, 65
2026-06-30T15:40:58,120410, 143771, 81, 61
2026-06-30T15:40:59,120410, 143771, 100, 65
2026-06-30T15:41:00,120410, 143771, 81, 61
2026-06-30T15:41:01,120410, 143771, 100, 64
2026-06-30T15:41:02,120410, 143771, 86, 67
2026-06-30T15:41:03,120410, 143771, 100, 65
2026-06-30T15:41:04,120410, 143771, 100, 62
2026-06-30T15:41:05,120410, 143771, 100, 66
2026-06-30T15:41:06,120410, 143771, 100, 63
2026-06-30T15:41:07,120410, 143771, 79, 63
2026-06-30T15:41:08,120410, 143771, 100, 64
2026-06-30T15:41:09,120410, 143771, 67, 61
2026-06-30T15:41:10,120410, 143771, 100, 63
2026-06-30T15:41:11,120410, 143771, 77, 60
2026-06-30T15:41:12,120410, 143771, 100, 66
2026-06-30T15:41:14,120410, 143771, 80, 62
2026-06-30T15:41:15,120410, 143771, 100, 64
2026-06-30T15:41:16,120410, 143771, 91, 62
2026-06-30T15:41:17,120410, 143771, 100, 65
2026-06-30T15:41:18,120410, 143771, 100, 63
2026-06-30T15:41:19,120410, 143771, 100, 65
2026-06-30T15:41:20,120410, 143771, 100, 64
2026-06-30T15:41:21,120410, 143771, 80, 61
2026-06-30T15:41:22,120410, 143771, 100, 65
2026-06-30T15:41:23,120410, 143771, 80, 61
2026-06-30T15:41:24,120410, 143771, 100, 63
2026-06-30T15:41:25,120410, 143771, 78, 61
2026-06-30T15:41:26,120410, 143771, 100, 63
2026-06-30T15:41:27,120410, 143771, 78, 61
2026-06-30T15:41:28,120410, 143771, 100, 65
2026-06-30T15:41:29,120410, 143771, 89, 61
2026-06-30T15:41:30,120410, 143771, 100, 65
2026-06-30T15:41:31,120410, 143771, 100, 65
2026-06-30T15:41:32,120410, 143771, 100, 59
2026-06-30T15:41:33,120410, 143771, 100, 65
2026-06-30T15:41:34,120410, 143771, 80, 62
2026-06-30T15:41:35,120410, 143771, 100, 64
2026-06-30T15:41:36,120410, 143771, 69, 62
2026-06-30T15:41:37,120410, 143771, 100, 65
2026-06-30T15:41:38,120410, 143771, 80, 63
2026-06-30T15:41:39,120410, 143771, 100, 65
2026-06-30T15:41:40,120410, 143771, 97, 66
2026-06-30T15:41:41,120410, 143771, 100, 63
2026-06-30T15:41:42,120410, 143771, 100, 65
2026-06-30T15:41:43,120410, 143771, 100, 63
2026-06-30T15:41:44,120410, 143771, 100, 64
2026-06-30T15:41:45,120410, 143771, 78, 61
2026-06-30T15:41:46,120410, 143771, 100, 65
2026-06-30T15:41:48,120410, 143771, 70, 61
2026-06-30T15:41:49,120410, 143771, 100, 65
2026-06-30T15:41:50,120410, 143771, 80, 61
2026-06-30T15:41:51,120410, 143771, 100, 66
2026-06-30T15:41:52,120410, 143771, 78, 60
2026-06-30T15:41:53,120410, 143771, 100, 65
2026-06-30T15:41:54,120410, 143771, 87, 68
2026-06-30T15:41:55,120410, 143771, 100, 65
2026-06-30T15:41:56,120410, 143771, 100, 64
2026-06-30T15:41:57,120410, 143771, 100, 65
2026-06-30T15:41:58,120410, 143771, 100, 64
2026-06-30T15:41:59,120410, 143771, 82, 63
2026-06-30T15:42:00,120410, 143771, 100, 64
2026-06-30T15:42:01,120410, 143771, 81, 62
2026-06-30T15:42:02,120410, 143771, 100, 64
2026-06-30T15:42:03,120410, 143771, 81, 61
2026-06-30T15:42:04,120410, 143771, 100, 65
2026-06-30T15:42:05,120410, 143771, 81, 61
2026-06-30T15:42:06,120410, 143771, 100, 65
2026-06-30T15:42:07,120410, 143771, 96, 67
2026-06-30T15:42:08,120410, 143771, 100, 63
2026-06-30T15:42:09,120410, 143771, 100, 64
2026-06-30T15:42:10,120410, 143771, 99, 61
2026-06-30T15:42:11,120410, 143771, 100, 64
2026-06-30T15:42:12,120410, 143771, 81, 62
2026-06-30T15:42:13,120410, 143771, 100, 66
2026-06-30T15:42:14,120410, 143771, 73, 62
2026-06-30T15:42:15,120410, 143771, 100, 64
2026-06-30T15:42:16,120410, 143771, 82, 62
2026-06-30T15:42:17,120410, 143771, 100, 64
2026-06-30T15:42:18,120410, 143771, 95, 62
2026-06-30T15:42:19,120410, 143771, 100, 64
2026-06-30T15:42:20,120410, 143771, 100, 64
2026-06-30T15:42:21,120410, 143771, 100, 65
2026-06-30T15:42:23,120410, 143771, 100, 65
2026-06-30T15:42:24,120410, 143771, 81, 63
2026-06-30T15:42:25,120410, 143771, 100, 63
2026-06-30T15:42:26,120410, 143771, 72, 62
2026-06-30T15:42:27,120410, 143771, 100, 65
2026-06-30T15:42:28,120410, 143771, 70, 61
2026-06-30T15:42:29,120410, 143771, 100, 65
2026-06-30T15:42:30,120410, 143771, 78, 63
2026-06-30T15:42:31,120410, 143771, 100, 65
2026-06-30T15:42:32,120410, 143771, 100, 67
2026-06-30T15:42:33,120410, 143771, 100, 65
2026-06-30T15:42:34,120410, 143771, 100, 63
2026-06-30T15:42:35,120410, 143771, 100, 64
2026-06-30T15:42:36,120410, 143771, 100, 65
2026-06-30T15:42:37,120410, 143771, 81, 62
2026-06-30T15:42:38,120410, 143771, 100, 63
2026-06-30T15:42:39,120410, 143771, 67, 62
2026-06-30T15:42:40,120410, 143771, 100, 63
2026-06-30T15:42:41,120410, 143771, 77, 61
2026-06-30T15:42:42,120410, 143771, 100, 64
2026-06-30T15:42:43,120410, 143771, 81, 61
2026-06-30T15:42:44,120410, 143771, 100, 65
2026-06-30T15:42:45,120410, 143771, 84, 64
2026-06-30T15:42:46,120410, 143771, 100, 64
2026-06-30T15:42:47,120410, 143771, 100, 64
2026-06-30T15:42:48,120410, 143771, 100, 61
2026-06-30T15:42:49,120410, 143771, 100, 66
2026-06-30T15:42:50,120410, 143771, 80, 62
2026-06-30T15:42:51,120410, 143771, 100, 63
2026-06-30T15:42:52,120410, 143771, 75, 62
2026-06-30T15:42:53,120410, 143771, 100, 65
2026-06-30T15:42:54,120410, 143771, 78, 62
2026-06-30T15:42:55,120410, 143771, 100, 66
2026-06-30T15:42:57,120410, 143771, 84, 62
2026-06-30T15:42:58,120410, 143771, 100, 65
2026-06-30T15:42:59,120410, 143771, 100, 66
2026-06-30T15:43:00,120410, 143771, 100, 63
2026-06-30T15:43:01,120410, 143771, 100, 64
2026-06-30T15:43:02,120410, 143771, 87, 61
2026-06-30T15:43:03,120410, 143771, 100, 64
2026-06-30T15:43:04,120410, 143771, 79, 61
2026-06-30T15:43:05,120410, 143771, 100, 63
2026-06-30T15:43:06,120410, 143771, 78, 63
2026-06-30T15:43:07,120410, 143771, 100, 65
2026-06-30T15:43:08,120410, 143771, 81, 61
2026-06-30T15:43:09,120410, 143771, 100, 65
2026-06-30T15:43:10,120410, 143771, 89, 60
2026-06-30T15:43:11,120410, 143771, 100, 63
2026-06-30T15:43:12,120410, 143771, 100, 65
2026-06-30T15:43:13,120410, 143771, 100, 65
2026-06-30T15:43:14,120410, 143771, 100, 64
2026-06-30T15:43:15,120410, 143771, 92, 61
2026-06-30T15:43:16,120410, 143771, 100, 66
2026-06-30T15:43:17,120410, 143771, 77, 61
2026-06-30T15:43:18,120410, 143771, 100, 65
2026-06-30T15:43:19,120410, 143771, 66, 63
2026-06-30T15:43:20,120410, 143771, 100, 64
2026-06-30T15:43:21,120410, 143771, 77, 60
2026-06-30T15:43:22,120410, 143771, 100, 63
2026-06-30T15:43:23,120410, 143771, 80, 63
2026-06-30T15:43:24,120410, 143771, 100, 65
2026-06-30T15:43:25,120410, 143771, 100, 66
2026-06-30T15:43:26,120410, 143771, 100, 65
2026-06-30T15:43:27,120410, 143771, 100, 63
2026-06-30T15:43:28,120410, 143771, 86, 63
2026-06-30T15:43:29,120410, 143771, 100, 64
2026-06-30T15:43:31,120410, 143771, 82, 61
2026-06-30T15:43:32,120410, 143771, 100, 65
2026-06-30T15:43:33,120410, 143771, 76, 61
2026-06-30T15:43:34,120410, 143771, 100, 66
2026-06-30T15:43:35,120410, 143771, 80, 61
2026-06-30T15:43:36,120410, 143771, 100, 63
2026-06-30T15:43:37,120410, 143771, 85, 67
2026-06-30T15:43:38,120410, 143771, 100, 65
2026-06-30T15:43:39,120410, 143771, 100, 65
2026-06-30T15:43:40,120410, 143771, 100, 63
2026-06-30T15:43:41,120410, 143771, 100, 63
2026-06-30T15:43:42,120410, 143771, 77, 61
2026-06-30T15:43:43,120410, 143771, 100, 65
2026-06-30T15:43:44,120410, 143771, 81, 62
2026-06-30T15:43:45,120410, 143771, 100, 64
2026-06-30T15:43:46,120410, 143771, 81, 63
2026-06-30T15:43:47,120410, 143771, 100, 66
2026-06-30T15:43:48,120410, 143771, 79, 63
2026-06-30T15:43:49,120410, 143771, 100, 63
2026-06-30T15:43:50,120410, 143771, 100, 66
2026-06-30T15:43:51,120410, 143771, 100, 65
2026-06-30T15:43:52,120410, 143771, 100, 64
2026-06-30T15:43:53,120410, 143771, 96, 61
2026-06-30T15:43:54,120410, 143771, 100, 64
2026-06-30T15:43:55,120410, 143771, 72, 62
2026-06-30T15:43:56,120410, 143771, 100, 66
2026-06-30T15:43:57,120410, 143771, 71, 62
2026-06-30T15:43:58,120410, 143771, 100, 66
2026-06-30T15:43:59,120410, 143771, 81, 61
2026-06-30T15:44:00,120410, 143771, 100, 64
2026-06-30T15:44:01,120410, 143771, 90, 62
2026-06-30T15:44:02,120410, 143771, 100, 63
2026-06-30T15:44:03,120410, 143771, 100, 67
2026-06-30T15:44:04,120410, 143771, 100, 63
2026-06-30T15:44:06,120410, 143771, 100, 63
2026-06-30T15:44:07,120410, 143771, 86, 63
2026-06-30T15:44:08,120410, 143771, 100, 63
2026-06-30T15:44:09,120410, 143771, 75, 63
2026-06-30T15:44:10,120410, 143771, 100, 63
2026-06-30T15:44:11,120410, 143771, 71, 60
2026-06-30T15:44:12,120410, 143771, 100, 65
2026-06-30T15:44:13,120410, 143771, 79, 62
2026-06-30T15:44:14,120410, 143771, 100, 65
2026-06-30T15:44:15,120410, 143771, 79, 62
2026-06-30T15:44:16,120410, 143771, 100, 64
2026-06-30T15:44:17,120410, 143771, 100, 65
2026-06-30T15:44:18,120410, 143771, 100, 65
2026-06-30T15:44:19,120410, 143771, 100, 65
2026-06-30T15:44:20,120410, 143771, 79, 62
2026-06-30T15:44:21,120410, 143771, 100, 65
2026-06-30T15:44:22,120410, 143771, 78, 64
2026-06-30T15:44:23,120410, 143771, 100, 63
2026-06-30T15:44:24,120410, 143771, 70, 63
2026-06-30T15:44:25,120410, 143771, 100, 66
2026-06-30T15:44:26,120410, 143771, 81, 62
2026-06-30T15:44:27,120410, 143771, 100, 65
2026-06-30T15:44:28,120410, 143771, 88, 62
2026-06-30T15:44:29,120410, 143771, 100, 65
2026-06-30T15:44:30,120410, 143771, 100, 65
2026-06-30T15:44:31,120410, 143771, 100, 61
2026-06-30T15:44:32,120410, 143771, 100, 65
2026-06-30T15:44:33,120410, 143771, 76, 62
2026-06-30T15:44:34,120410, 143771, 100, 63
2026-06-30T15:44:35,120410, 143771, 67, 62
2026-06-30T15:44:36,120410, 143771, 100, 66
2026-06-30T15:44:37,120410, 143771, 73, 61
2026-06-30T15:44:39,120410, 143771, 100, 65
2026-06-30T15:44:40,120410, 143771, 75, 60
2026-06-30T15:44:41,120410, 143771, 100, 63
2026-06-30T15:44:42,120410, 143771, 75, 61
2026-06-30T15:44:43,120410, 143771, 100, 65
2026-06-30T15:44:44,120410, 143771, 100, 64
2026-06-30T15:44:45,120410, 143771, 100, 63
2026-06-30T15:44:46,120410, 143771, 100, 63
2026-06-30T15:44:47,120410, 143771, 77, 61
2026-06-30T15:44:48,120410, 143771, 100, 64
2026-06-30T15:44:49,120410, 143771, 70, 62
2026-06-30T15:44:50,120410, 143771, 100, 65
2026-06-30T15:44:51,120410, 143771, 81, 61
2026-06-30T15:44:52,120410, 143771, 100, 65
2026-06-30T15:44:53,120410, 143771, 82, 62
2026-06-30T15:44:54,120410, 143771, 100, 66
2026-06-30T15:44:55,120410, 143771, 95, 66
2026-06-30T15:44:56,120410, 143771, 100, 65
2026-06-30T15:44:57,120410, 143771, 100, 63
2026-06-30T15:44:58,120410, 143771, 96, 61
2026-06-30T15:44:59,120410, 143771, 100, 63
2026-06-30T15:45:00,120410, 143771, 81, 61
2026-06-30T15:45:01,120410, 143771, 100, 65
2026-06-30T15:45:02,120410, 143771, 77, 61
2026-06-30T15:45:03,120410, 143771, 100, 66
2026-06-30T15:45:04,120410, 143771, 81, 63
2026-06-30T15:45:05,120410, 143771, 100, 64
2026-06-30T15:45:06,120410, 143771, 90, 61
2026-06-30T15:45:07,120410, 143771, 100, 65
2026-06-30T15:45:08,120410, 143771, 100, 65
2026-06-30T15:45:09,120410, 143771, 100, 65
2026-06-30T15:45:10,120410, 143771, 100, 65
2026-06-30T15:45:11,120410, 143771, 80, 62
2026-06-30T15:45:13,120410, 143771, 100, 64
2026-06-30T15:45:14,120410, 143771, 80, 63
2026-06-30T15:45:15,120410, 143771, 100, 65
2026-06-30T15:45:16,120410, 143771, 81, 61
2026-06-30T15:45:17,120410, 143771, 100, 64
2026-06-30T15:45:18,120410, 143771, 81, 61
2026-06-30T15:45:19,120410, 143771, 100, 65
2026-06-30T15:45:20,120410, 143771, 92, 60
2026-06-30T15:45:21,120410, 143771, 100, 65
2026-06-30T15:45:22,120410, 143771, 100, 64
2026-06-30T15:45:23,120410, 143771, 100, 66
2026-06-30T15:45:24,120410, 143771, 100, 64
2026-06-30T15:45:25,120410, 143771, 85, 63
2026-06-30T15:45:26,120410, 143771, 100, 65
2026-06-30T15:45:27,120410, 143771, 79, 61
2026-06-30T15:45:28,120410, 143771, 100, 65
2026-06-30T15:45:29,120410, 143771, 69, 61
2026-06-30T15:45:30,120410, 143771, 100, 65
2026-06-30T15:45:31,120410, 143771, 82, 61
2026-06-30T15:45:32,120410, 143771, 100, 64
2026-06-30T15:45:33,120410, 143771, 84, 60
2026-06-30T15:45:34,120410, 143771, 100, 64
2026-06-30T15:45:35,120410, 143771, 100, 66
2026-06-30T15:45:36,120410, 143771, 100, 66
2026-06-30T15:45:37,120410, 143771, 100, 65
2026-06-30T15:45:38,120410, 143771, 90, 63
2026-06-30T15:45:39,120410, 143771, 100, 64
2026-06-30T15:45:40,120410, 143771, 81, 61
2026-06-30T15:45:41,120410, 143771, 100, 65
2026-06-30T15:45:42,120410, 143771, 65, 60
2026-06-30T15:45:43,120410, 143771, 100, 65
2026-06-30T15:45:44,120410, 143771, 83, 63
2026-06-30T15:45:45,120410, 143771, 100, 65
2026-06-30T15:45:47,120410, 143771, 100, 68
2026-06-30T15:45:48,120410, 143771, 100, 66
2026-06-30T15:45:49,120410, 143771, 100, 64
2026-06-30T15:45:50,120410, 143771, 100, 63
2026-06-30T15:45:51,120410, 143771, 100, 63
2026-06-30T15:45:52,120410, 143771, 81, 61
2026-06-30T15:45:53,120410, 143771, 100, 65
2026-06-30T15:45:54,120410, 143771, 63, 59
2026-06-30T15:45:55,120410, 143771, 100, 65
2026-06-30T15:45:56,120410, 143771, 80, 62
2026-06-30T15:45:57,120410, 143771, 100, 66
2026-06-30T15:45:58,120410, 143771, 82, 68
2026-06-30T15:45:59,120410, 143771, 100, 65
2026-06-30T15:46:00,120410, 143771, 100, 66
2026-06-30T15:46:01,120410, 143771, 100, 65
2026-06-30T15:46:02,120410, 143771, 100, 65
2026-06-30T15:46:03,120410, 143771, 82, 61
2026-06-30T15:46:04,120410, 143771, 100, 66
2026-06-30T15:46:05,120410, 143771, 77, 61
2026-06-30T15:46:06,120410, 143771, 100, 64
2026-06-30T15:46:07,120410, 143771, 82, 61
2026-06-30T15:46:08,120410, 143771, 100, 65
2026-06-30T15:46:09,120410, 143771, 81, 61
2026-06-30T15:46:10,120410, 143771, 100, 65
2026-06-30T15:46:11,120410, 143771, 100, 66
2026-06-30T15:46:12,120410, 143771, 100, 66
2026-06-30T15:46:13,120410, 143771, 100, 62
2026-06-30T15:46:14,120410, 143771, 93, 66
2026-06-30T15:46:15,120410, 143771, 100, 63
2026-06-30T15:46:16,120410, 143771, 82, 61
2026-06-30T15:46:17,120410, 143771, 100, 65
2026-06-30T15:46:18,120410, 143771, 74, 61
2026-06-30T15:46:19,120410, 143771, 100, 65
2026-06-30T15:46:20,120410, 143771, 78, 62
2026-06-30T15:46:22,120410, 143771, 100, 65
2026-06-30T15:46:23,120410, 143771, 76, 67
2026-06-30T15:46:24,120410, 143771, 100, 63
2026-06-30T15:46:25,120410, 143771, 100, 65
2026-06-30T15:46:26,120410, 143771, 100, 64
2026-06-30T15:46:27,120410, 143771, 100, 64
2026-06-30T15:46:28,120410, 143771, 79, 61
2026-06-30T15:46:29,120410, 143771, 100, 65
2026-06-30T15:46:30,120410, 143771, 81, 62
2026-06-30T15:46:31,120410, 143771, 100, 63
2026-06-30T15:46:32,120410, 143771, 81, 63
2026-06-30T15:46:33,120410, 143771, 100, 66
2026-06-30T15:46:34,120410, 143771, 80, 63
2026-06-30T15:46:35,120410, 143771, 100, 65
2026-06-30T15:46:36,120410, 143771, 100, 66
2026-06-30T15:46:37,120410, 143771, 100, 65
2026-06-30T15:46:38,120410, 143771, 100, 65
2026-06-30T15:46:39,120410, 143771, 99, 61
2026-06-30T15:46:40,120410, 143771, 100, 64
2026-06-30T15:46:41,120410, 143771, 81, 62
2026-06-30T15:46:42,120410, 143771, 100, 65
2026-06-30T15:46:43,120410, 143771, 64, 61
2026-06-30T15:46:44,120410, 143771, 100, 65
2026-06-30T15:46:45,120410, 143771, 81, 61
2026-06-30T15:46:46,120410, 143771, 100, 65
2026-06-30T15:46:47,120410, 143771, 79, 61
2026-06-30T15:46:48,120410, 143771, 100, 65
2026-06-30T15:46:49,120410, 143771, 100, 65
2026-06-30T15:46:50,120410, 143771, 100, 65
2026-06-30T15:46:51,120410, 143771, 100, 63
2026-06-30T15:46:52,120410, 143771, 84, 62
2026-06-30T15:46:53,120410, 143771, 100, 64
2026-06-30T15:46:54,120410, 143771, 81, 62
2026-06-30T15:46:56,120410, 143771, 100, 66
2026-06-30T15:46:57,120410, 143771, 74, 63
2026-06-30T15:46:58,120410, 143771, 100, 65
2026-06-30T15:46:59,120410, 143771, 78, 63
2026-06-30T15:47:00,120410, 143771, 100, 65
2026-06-30T15:47:01,120410, 143771, 79, 66
2026-06-30T15:47:02,120410, 143771, 100, 64
2026-06-30T15:47:03,120410, 143771, 100, 64
2026-06-30T15:47:04,120410, 143771, 100, 63
2026-06-30T15:47:05,120410, 143771, 100, 63
2026-06-30T15:47:06,120410, 143771, 81, 62
2026-06-30T15:47:07,120410, 143771, 100, 65
2026-06-30T15:47:08,120410, 143771, 81, 61
2026-06-30T15:47:09,120410, 143771, 100, 64
2026-06-30T15:47:10,120410, 143771, 80, 62
2026-06-30T15:47:11,120410, 143771, 100, 65
2026-06-30T15:47:12,120410, 143771, 80, 61
2026-06-30T15:47:13,120410, 143771, 100, 65
2026-06-30T15:47:14,120410, 143771, 100, 66
2026-06-30T15:47:15,120410, 143771, 100, 65
2026-06-30T15:47:16,120410, 143771, 100, 65
2026-06-30T15:47:17,120410, 143771, 91, 61
2026-06-30T15:47:18,120410, 143771, 100, 65
2026-06-30T15:47:19,120410, 143771, 79, 63
2026-06-30T15:47:20,120410, 143771, 100, 63
2026-06-30T15:47:21,120410, 143771, 81, 61
2026-06-30T15:47:22,120410, 143771, 100, 64
2026-06-30T15:47:23,120410, 143771, 78, 62
2026-06-30T15:47:24,120410, 143771, 100, 64
2026-06-30T15:47:25,120410, 143771, 77, 61
2026-06-30T15:47:26,120410, 143771, 100, 64
2026-06-30T15:47:27,120410, 143771, 95, 67
2026-06-30T15:47:28,120410, 143771, 100, 64
2026-06-30T15:47:30,120410, 143771, 100, 65
2026-06-30T15:47:31,120410, 143771, 99, 61
2026-06-30T15:47:32,120410, 143771, 100, 65
2026-06-30T15:47:33,120410, 143771, 82, 62
2026-06-30T15:47:34,120410, 143771, 100, 65
2026-06-30T15:47:35,120410, 143771, 63, 62
2026-06-30T15:47:36,120410, 143771, 100, 66
2026-06-30T15:47:37,120410, 143771, 81, 61
2026-06-30T15:47:38,120410, 143771, 100, 65
2026-06-30T15:47:39,120410, 143771, 79, 62
2026-06-30T15:47:40,120410, 143771, 100, 64
2026-06-30T15:47:41,120410, 143771, 94, 66
2026-06-30T15:47:42,120410, 143771, 100, 64
2026-06-30T15:47:43,120410, 143771, 100, 64
2026-06-30T15:47:44,120410, 143771, 100, 60
2026-06-30T15:47:45,120410, 143771, 100, 64
2026-06-30T15:47:46,120410, 143771, 79, 62
2026-06-30T15:47:47,120410, 143771, 100, 65
2026-06-30T15:47:48,120410, 143771, 79, 61
2026-06-30T15:47:49,120410, 143771, 100, 64
2026-06-30T15:47:50,120410, 143771, 81, 61
2026-06-30T15:47:51,120410, 143771, 100, 65
2026-06-30T15:47:52,120410, 143771, 79, 62
2026-06-30T15:47:53,120410, 143771, 100, 65
2026-06-30T15:47:54,120410, 143771, 100, 66
2026-06-30T15:47:55,120410, 143771, 100, 64
2026-06-30T15:47:56,120410, 143771, 100, 63
2026-06-30T15:47:57,120410, 143771, 97, 63
2026-06-30T15:47:58,120410, 143771, 100, 64
2026-06-30T15:47:59,120410, 143771, 81, 62
2026-06-30T15:48:00,120410, 143771, 100, 64
2026-06-30T15:48:01,120410, 143771, 70, 61
2026-06-30T15:48:02,120410, 143771, 100, 65
2026-06-30T15:48:04,120410, 143771, 79, 61
2026-06-30T15:48:05,120410, 143771, 100, 64
2026-06-30T15:48:06,120410, 143771, 81, 67
2026-06-30T15:48:07,120410, 143771, 100, 63
2026-06-30T15:48:08,120410, 143771, 100, 64
2026-06-30T15:48:09,120410, 143771, 100, 65
2026-06-30T15:48:10,120410, 143771, 100, 65
2026-06-30T15:48:11,120410, 143771, 82, 62
2026-06-30T15:48:12,120410, 143771, 100, 65
2026-06-30T15:48:13,120410, 143771, 79, 62
2026-06-30T15:48:14,120410, 143771, 100, 63
2026-06-30T15:48:15,120410, 143771, 74, 62
2026-06-30T15:48:16,120410, 143771, 100, 66
2026-06-30T15:48:17,120410, 143771, 77, 62
2026-06-30T15:48:18,120410, 143771, 100, 65
2026-06-30T15:48:19,120410, 143771, 77, 62
2026-06-30T15:48:20,120410, 143771, 100, 65
2026-06-30T15:48:21,120410, 143771, 100, 65
2026-06-30T15:48:22,120410, 143771, 100, 65
2026-06-30T15:48:23,120410, 143771, 100, 64
2026-06-30T15:48:24,120410, 143771, 83, 61
2026-06-30T15:48:25,120410, 143771, 100, 66
2026-06-30T15:48:26,120410, 143771, 80, 61
2026-06-30T15:48:27,120410, 143771, 100, 65
2026-06-30T15:48:28,120410, 143771, 67, 63
2026-06-30T15:48:29,120410, 143771, 100, 65
2026-06-30T15:48:30,120410, 143771, 79, 62
2026-06-30T15:48:31,120410, 143771, 100, 66
2026-06-30T15:48:32,120410, 143771, 80, 62
2026-06-30T15:48:33,120410, 143771, 100, 64
2026-06-30T15:48:34,120410, 143771, 100, 65
2026-06-30T15:48:35,120410, 143771, 100, 64
2026-06-30T15:48:36,120410, 143771, 100, 63
2026-06-30T15:48:38,120410, 143771, 84, 62
2026-06-30T15:48:39,120410, 143771, 100, 65
2026-06-30T15:48:40,120410, 143771, 84, 62
2026-06-30T15:48:41,120410, 143771, 100, 66
2026-06-30T15:48:42,120410, 143771, 64, 60
2026-06-30T15:48:43,120410, 143771, 100, 65
2026-06-30T15:48:44,120410, 143771, 78, 63
2026-06-30T15:48:45,120410, 143771, 100, 64
2026-06-30T15:48:46,120410, 143771, 81, 63
2026-06-30T15:48:47,120410, 143771, 100, 66
2026-06-30T15:48:48,120410, 143771, 100, 62
2026-06-30T15:48:49,120410, 143771, 100, 66
2026-06-30T15:48:50,120410, 143771, 100, 64
2026-06-30T15:48:51,120410, 143771, 81, 60
2026-06-30T15:48:52,120410, 143771, 100, 65
2026-06-30T15:48:53,120410, 143771, 80, 61
2026-06-30T15:48:54,120410, 143771, 100, 64
2026-06-30T15:48:55,120410, 143771, 68, 63
2026-06-30T15:48:56,120410, 143771, 100, 63
2026-06-30T15:48:57,120410, 143771, 81, 61
2026-06-30T15:48:58,120410, 143771, 100, 63
2026-06-30T15:48:59,120410, 143771, 80, 63
2026-06-30T15:49:00,120410, 143771, 100, 66
2026-06-30T15:49:01,120410, 143771, 100, 64
2026-06-30T15:49:02,120410, 143771, 100, 65
2026-06-30T15:49:03,120410, 143771, 100, 62
2026-06-30T15:49:04,120410, 143771, 86, 62
2026-06-30T15:49:05,120410, 143771, 100, 65
2026-06-30T15:49:06,120410, 143771, 82, 63
2026-06-30T15:49:07,120410, 143771, 100, 63
2026-06-30T15:49:08,120410, 143771, 67, 61
2026-06-30T15:49:09,120410, 143771, 100, 64
2026-06-30T15:49:10,120410, 143771, 78, 62
2026-06-30T15:49:12,120410, 143771, 100, 63
2026-06-30T15:49:13,120410, 143771, 76, 67
2026-06-30T15:49:14,120410, 143771, 100, 63
2026-06-30T15:49:15,120410, 143771, 100, 66
2026-06-30T15:49:16,120410, 143771, 100, 66
2026-06-30T15:49:17,120410, 143771, 100, 64
2026-06-30T15:49:18,120410, 143771, 92, 62
2026-06-30T15:49:19,120410, 143771, 100, 64
2026-06-30T15:49:20,120410, 143771, 76, 63
2026-06-30T15:49:21,120410, 143771, 100, 66
2026-06-30T15:49:22,120410, 143771, 79, 61
2026-06-30T15:49:23,120410, 143771, 100, 65
2026-06-30T15:49:24,120410, 143771, 79, 62
2026-06-30T15:49:25,120410, 143771, 100, 63
2026-06-30T15:49:26,120410, 143771, 100, 66
2026-06-30T15:49:27,120410, 143771, 100, 65
2026-06-30T15:49:28,120410, 143771, 100, 63
2026-06-30T15:49:29,120410, 143771, 97, 64
2026-06-30T15:49:30,120410, 143771, 100, 66
2026-06-30T15:49:31,120410, 143771, 82, 63
2026-06-30T15:49:32,120410, 143771, 100, 66
2026-06-30T15:49:33,120410, 143771, 67, 62
2026-06-30T15:49:34,120410, 143771, 100, 64
2026-06-30T15:49:35,120410, 143771, 81, 62
2026-06-30T15:49:36,120410, 143771, 100, 65
2026-06-30T15:49:37,120410, 143771, 85, 64
2026-06-30T15:49:38,120410, 143771, 100, 65
2026-06-30T15:49:39,120410, 143771, 100, 62
2026-06-30T15:49:40,120410, 143771, 100, 65
2026-06-30T15:49:41,120410, 143771, 100, 65
2026-06-30T15:49:42,120410, 143771, 80, 60
2026-06-30T15:49:43,120410, 143771, 100, 65
2026-06-30T15:49:44,120410, 143771, 82, 63
2026-06-30T15:49:46,120410, 143771, 100, 65
2026-06-30T15:49:47,120410, 143771, 67, 60
2026-06-30T15:49:48,120410, 143771, 100, 63
2026-06-30T15:49:49,120410, 143771, 78, 61
2026-06-30T15:49:50,120410, 143771, 100, 65
2026-06-30T15:49:51,120410, 143771, 81, 61
2026-06-30T15:49:52,120410, 143771, 100, 63
2026-06-30T15:49:53,120410, 143771, 100, 67
2026-06-30T15:49:54,120410, 143771, 100, 65
2026-06-30T15:49:55,120410, 143771, 100, 65
2026-06-30T15:49:56,120410, 143771, 81, 60
2026-06-30T15:49:57,120410, 143771, 100, 65
2026-06-30T15:49:58,120410, 143771, 79, 61
2026-06-30T15:49:59,120410, 143771, 100, 65
2026-06-30T15:50:00,120410, 143771, 67, 63
2026-06-30T15:50:01,120410, 143771, 100, 65
2026-06-30T15:50:02,120410, 143771, 79, 62
2026-06-30T15:50:03,120410, 143771, 100, 66
2026-06-30T15:50:04,120410, 143771, 79, 67
2026-06-30T15:50:05,120410, 143771, 100, 65
2026-06-30T15:50:06,120410, 143771, 100, 66
2026-06-30T15:50:07,120410, 143771, 100, 66
2026-06-30T15:50:08,120410, 143771, 100, 64
2026-06-30T15:50:09,120410, 143771, 76, 61
2026-06-30T15:50:10,120410, 143771, 100, 63
2026-06-30T15:50:11,120410, 143771, 76, 61
2026-06-30T15:50:12,120410, 143771, 100, 65
2026-06-30T15:50:13,120410, 143771, 77, 62
2026-06-30T15:50:14,120410, 143771, 100, 65
2026-06-30T15:50:15,120410, 143771, 81, 61
2026-06-30T15:50:16,120410, 143771, 100, 63
2026-06-30T15:50:17,120410, 143771, 96, 63
2026-06-30T15:50:18,120410, 143771, 100, 66
2026-06-30T15:50:20,120410, 143771, 100, 65
2026-06-30T15:50:21,120410, 143771, 100, 61
2026-06-30T15:50:22,120410, 143771, 100, 65
2026-06-30T15:50:23,120410, 143771, 81, 62
2026-06-30T15:50:24,120410, 143771, 100, 63
2026-06-30T15:50:25,120410, 143771, 77, 62
2026-06-30T15:50:26,120410, 143771, 100, 64
2026-06-30T15:50:27,120410, 143771, 80, 61
2026-06-30T15:50:28,120410, 143771, 100, 65
2026-06-30T15:50:29,120410, 143771, 79, 62
2026-06-30T15:50:30,120410, 143771, 100, 64
2026-06-30T15:50:31,120410, 143771, 95, 67
2026-06-30T15:50:32,120410, 143771, 100, 64
2026-06-30T15:50:33,120410, 143771, 100, 66
2026-06-30T15:50:34,120410, 143771, 100, 62
2026-06-30T15:50:35,120410, 143771, 100, 64
2026-06-30T15:50:36,120410, 143771, 80, 61
2026-06-30T15:50:37,120410, 143771, 100, 64
2026-06-30T15:50:38,120410, 143771, 78, 63
2026-06-30T15:50:39,120410, 143771, 100, 66
2026-06-30T15:50:40,120410, 143771, 83, 62
2026-06-30T15:50:41,120410, 143771, 100, 64
2026-06-30T15:50:42,120410, 143771, 76, 60
2026-06-30T15:50:43,120410, 143771, 100, 65
2026-06-30T15:50:44,120410, 143771, 88, 65
2026-06-30T15:50:45,120410, 143771, 100, 65
2026-06-30T15:50:46,120410, 143771, 100, 65
2026-06-30T15:50:47,120410, 143771, 100, 63
2026-06-30T15:50:48,120410, 143771, 100, 64
2026-06-30T15:50:49,120410, 143771, 80, 61
2026-06-30T15:50:50,120410, 143771, 100, 64
2026-06-30T15:50:51,120410, 143771, 82, 63
2026-06-30T15:50:52,120410, 143771, 100, 63
2026-06-30T15:50:54,120410, 143771, 78, 61
2026-06-30T15:50:55,120410, 143771, 100, 65
2026-06-30T15:50:56,120410, 143771, 80, 63
2026-06-30T15:50:57,120410, 143771, 100, 65
2026-06-30T15:50:58,120410, 143771, 94, 66
2026-06-30T15:50:59,120410, 143771, 100, 65
2026-06-30T15:51:00,120410, 143771, 100, 63
2026-06-30T15:51:01,120410, 143771, 97, 65
2026-06-30T15:51:02,120410, 143771, 100, 65
2026-06-30T15:51:03,120410, 143771, 81, 61
2026-06-30T15:51:04,120410, 143771, 100, 65
2026-06-30T15:51:05,120410, 143771, 74, 61
2026-06-30T15:51:06,120410, 143771, 100, 65
2026-06-30T15:51:07,120410, 143771, 78, 62
2026-06-30T15:51:08,120410, 143771, 100, 66
2026-06-30T15:51:09,120410, 143771, 78, 61
2026-06-30T15:51:10,120410, 143771, 100, 65
2026-06-30T15:51:11,120410, 143771, 100, 62
2026-06-30T15:51:12,120410, 143771, 100, 65
2026-06-30T15:51:13,120410, 143771, 100, 63
2026-06-30T15:51:14,120410, 143771, 85, 62
2026-06-30T15:51:15,120410, 143771, 100, 63
2026-06-30T15:51:16,120410, 143771, 81, 63
2026-06-30T15:51:17,120410, 143771, 100, 65
2026-06-30T15:51:18,120410, 143771, 65, 61
2026-06-30T15:51:19,120410, 143771, 100, 64
2026-06-30T15:51:20,120410, 143771, 80, 61
2026-06-30T15:51:21,120410, 143771, 100, 65
2026-06-30T15:51:22,120410, 143771, 81, 67
2026-06-30T15:51:23,120410, 143771, 100, 63
2026-06-30T15:51:24,120410, 143771, 100, 65
2026-06-30T15:51:25,120410, 143771, 100, 65
2026-06-30T15:51:26,120410, 143771, 100, 64
2026-06-30T15:51:28,120410, 143771, 83, 61
2026-06-30T15:51:29,120410, 143771, 100, 65
2026-06-30T15:51:30,120410, 143771, 81, 62
2026-06-30T15:51:31,120410, 143771, 100, 65
2026-06-30T15:51:32,120410, 143771, 75, 63
2026-06-30T15:51:33,120410, 143771, 100, 65
2026-06-30T15:51:34,120410, 143771, 80, 61
2026-06-30T15:51:35,120410, 143771, 100, 63
2026-06-30T15:51:36,120410, 143771, 81, 68
2026-06-30T15:51:37,120410, 143771, 100, 65
2026-06-30T15:51:38,120410, 143771, 100, 67
2026-06-30T15:51:39,120410, 143771, 100, 65
2026-06-30T15:51:40,120410, 143771, 100, 65
2026-06-30T15:51:41,120410, 143771, 93, 62
2026-06-30T15:51:42,120410, 143771, 100, 63
2026-06-30T15:51:43,120410, 143771, 79, 62
2026-06-30T15:51:44,120410, 143771, 100, 64
2026-06-30T15:51:45,120410, 143771, 80, 63
2026-06-30T15:51:46,120410, 143771, 100, 65
2026-06-30T15:51:47,120410, 143771, 78, 61
2026-06-30T15:51:48,120410, 143771, 100, 65
2026-06-30T15:51:49,120410, 143771, 95, 65
2026-06-30T15:51:50,120410, 143771, 100, 65
2026-06-30T15:51:51,120410, 143771, 100, 64
2026-06-30T15:51:52,120410, 143771, 100, 60
2026-06-30T15:51:53,120410, 143771, 100, 64
2026-06-30T15:51:54,120410, 143771, 83, 61
2026-06-30T15:51:55,120410, 143771, 100, 64
2026-06-30T15:51:56,120410, 143771, 81, 61
2026-06-30T15:51:57,120410, 143771, 100, 64
2026-06-30T15:51:58,120410, 143771, 77, 61
2026-06-30T15:51:59,120410, 143771, 100, 65
2026-06-30T15:52:00,120410, 143771, 79, 61
2026-06-30T15:52:01,120410, 143771, 100, 65
2026-06-30T15:52:03,120410, 143771, 95, 67
2026-06-30T15:52:04,120410, 143771, 100, 64
2026-06-30T15:52:05,120410, 143771, 100, 65
2026-06-30T15:52:06,120410, 143771, 100, 64
2026-06-30T15:52:07,120410, 143771, 100, 65
2026-06-30T15:52:08,120410, 143771, 91, 63
2026-06-30T15:52:09,120410, 143771, 100, 64
2026-06-30T15:52:10,120410, 143771, 77, 61
2026-06-30T15:52:11,120410, 143771, 100, 64
2026-06-30T15:52:12,120410, 143771, 82, 60
2026-06-30T15:52:13,120410, 143771, 100, 65
2026-06-30T15:52:14,120410, 143771, 76, 62
2026-06-30T15:52:15,120410, 143771, 100, 64
2026-06-30T15:52:16,120410, 143771, 85, 61
2026-06-30T15:52:17,120410, 143771, 100, 65
2026-06-30T15:52:18,120410, 143771, 100, 65
2026-06-30T15:52:19,120410, 143771, 100, 64
2026-06-30T15:52:20,120410, 143771, 100, 64
2026-06-30T15:52:21,120410, 143771, 93, 61
2026-06-30T15:52:22,120410, 143771, 100, 64
2026-06-30T15:52:23,120410, 143771, 79, 61
2026-06-30T15:52:24,120410, 143771, 100, 65
2026-06-30T15:52:25,120410, 143771, 73, 62
2026-06-30T15:52:26,120410, 143771, 100, 65
2026-06-30T15:52:27,120410, 143771, 81, 61
2026-06-30T15:52:28,120410, 143771, 100, 63
2026-06-30T15:52:29,120410, 143771, 95, 61
2026-06-30T15:52:30,120410, 143771, 100, 66
2026-06-30T15:52:31,120410, 143771, 100, 66
2026-06-30T15:52:32,120410, 143771, 100, 63
2026-06-30T15:52:33,120410, 143771, 100, 63
2026-06-30T15:52:34,120410, 143771, 86, 61
2026-06-30T15:52:35,120410, 143771, 100, 64
2026-06-30T15:52:37,120410, 143771, 82, 61
2026-06-30T15:52:38,120410, 143771, 100, 65
2026-06-30T15:52:39,120410, 143771, 79, 60
2026-06-30T15:52:40,120410, 143771, 100, 65
2026-06-30T15:52:41,120410, 143771, 76, 61
2026-06-30T15:52:42,120410, 143771, 100, 64
2026-06-30T15:52:43,120410, 143771, 84, 61
2026-06-30T15:52:44,120410, 143771, 100, 63
2026-06-30T15:52:45,120410, 143771, 100, 66
2026-06-30T15:52:46,120410, 143771, 100, 65
2026-06-30T15:52:47,120410, 143771, 100, 64
2026-06-30T15:52:48,120410, 143771, 81, 63
2026-06-30T15:52:49,120410, 143771, 100, 64
2026-06-30T15:52:50,120410, 143771, 78, 61
2026-06-30T15:52:51,120410, 143771, 100, 63
2026-06-30T15:52:52,120410, 143771, 73, 61
2026-06-30T15:52:53,120410, 143771, 100, 64
2026-06-30T15:52:54,120410, 143771, 79, 61
2026-06-30T15:52:55,120410, 143771, 100, 64
2026-06-30T15:52:56,120410, 143771, 83, 67
2026-06-30T15:52:57,120410, 143771, 100, 65
2026-06-30T15:52:58,120410, 143771, 100, 64
2026-06-30T15:52:59,120410, 143771, 100, 63
2026-06-30T15:53:00,120410, 143771, 100, 63
2026-06-30T15:53:01,120410, 143771, 79, 63
2026-06-30T15:53:02,120410, 143771, 100, 63
2026-06-30T15:53:03,120410, 143771, 68, 61
2026-06-30T15:53:04,120410, 143771, 100, 65
2026-06-30T15:53:05,120410, 143771, 79, 61
2026-06-30T15:53:06,120410, 143771, 100, 65
2026-06-30T15:53:07,120410, 143771, 79, 62
2026-06-30T15:53:08,120410, 143771, 100, 63
2026-06-30T15:53:09,120410, 143771, 90, 62
2026-06-30T15:53:11,120410, 143771, 100, 63
2026-06-30T15:53:12,120410, 143771, 100, 62
2026-06-30T15:53:13,120410, 143771, 100, 62
2026-06-30T15:53:14,120410, 143771, 100, 65
2026-06-30T15:53:15,120410, 143771, 80, 61
2026-06-30T15:53:16,120410, 143771, 100, 64
2026-06-30T15:53:17,120410, 143771, 73, 61
2026-06-30T15:53:18,120410, 143771, 100, 65
2026-06-30T15:53:19,120410, 143771, 72, 62
2026-06-30T15:53:20,120410, 143771, 100, 63
2026-06-30T15:53:21,120410, 143771, 80, 61
2026-06-30T15:53:22,120410, 143771, 100, 64
2026-06-30T15:53:23,120410, 143771, 90, 61
2026-06-30T15:53:24,120410, 143771, 100, 65
2026-06-30T15:53:25,120410, 143771, 100, 63
2026-06-30T15:53:26,120410, 143771, 100, 62
2026-06-30T15:53:27,120410, 143771, 100, 65
2026-06-30T15:53:28,120410, 143771, 78, 63
2026-06-30T15:53:29,120410, 143771, 100, 66
2026-06-30T15:53:30,120410, 143771, 77, 61
2026-06-30T15:53:31,120410, 143771, 100, 64
2026-06-30T15:53:32,120410, 143771, 71, 61
2026-06-30T15:53:33,120410, 143771, 100, 65
2026-06-30T15:53:34,120410, 143771, 81, 61
2026-06-30T15:53:35,120410, 143771, 100, 65
2026-06-30T15:53:36,120410, 143771, 100, 68
2026-06-30T15:53:37,120410, 143771, 100, 63
2026-06-30T15:53:38,120410, 143771, 100, 64
2026-06-30T15:53:39,120410, 143771, 100, 61
2026-06-30T15:53:40,120410, 143771, 100, 65
2026-06-30T15:53:41,120410, 143771, 78, 61
2026-06-30T15:53:42,120410, 143771, 100, 64
2026-06-30T15:53:43,120410, 143771, 80, 61
2026-06-30T15:53:45,120410, 143771, 100, 66
2026-06-30T15:53:46,120410, 143771, 80, 61
2026-06-30T15:53:47,120410, 143771, 100, 63
2026-06-30T15:53:48,120410, 143771, 78, 63
2026-06-30T15:53:49,120410, 143771, 100, 63
2026-06-30T15:53:50,120410, 143771, 94, 67
2026-06-30T15:53:51,120410, 143771, 100, 63
2026-06-30T15:53:52,120410, 143771, 100, 65
2026-06-30T15:53:53,120410, 143771, 100, 59
2026-06-30T15:53:54,120410, 143771, 100, 65
2026-06-30T15:53:55,120410, 143771, 78, 63
2026-06-30T15:53:56,120410, 143771, 100, 63
2026-06-30T15:53:57,120410, 143771, 80, 61
2026-06-30T15:53:58,120410, 143771, 100, 64
2026-06-30T15:53:59,120410, 143771, 80, 62
2026-06-30T15:54:00,120410, 143771, 100, 65
2026-06-30T15:54:01,120410, 143771, 74, 61
2026-06-30T15:54:02,120410, 143771, 100, 65
2026-06-30T15:54:03,120410, 143771, 100, 66
2026-06-30T15:54:04,120410, 143771, 100, 65
2026-06-30T15:54:05,120410, 143771, 100, 64
2026-06-30T15:54:06,120410, 143771, 92, 63
2026-06-30T15:54:07,120410, 143771, 100, 64
2026-06-30T15:54:08,120410, 143771, 79, 61
2026-06-30T15:54:09,120410, 143771, 100, 64
2026-06-30T15:54:10,120410, 143771, 65, 60
2026-06-30T15:54:11,120410, 143771, 100, 65
2026-06-30T15:54:12,120410, 143771, 78, 60
2026-06-30T15:54:13,120410, 143771, 100, 65
2026-06-30T15:54:14,120410, 143771, 81, 61
2026-06-30T15:54:15,120410, 143771, 100, 65
2026-06-30T15:54:16,120410, 143771, 100, 64
2026-06-30T15:54:17,120410, 143771, 100, 66
2026-06-30T15:54:19,120410, 143771, 100, 65
2026-06-30T15:54:20,120410, 143771, 78, 61
2026-06-30T15:54:21,120410, 143771, 100, 64
2026-06-30T15:54:22,120410, 143771, 78, 61
2026-06-30T15:54:23,120410, 143771, 100, 65
2026-06-30T15:54:24,120410, 143771, 79, 61
2026-06-30T15:54:25,120410, 143771, 100, 65
2026-06-30T15:54:26,120410, 143771, 82, 63
2026-06-30T15:54:27,120410, 143771, 100, 66
2026-06-30T15:54:28,120410, 143771, 95, 65
2026-06-30T15:54:29,120410, 143771, 100, 65
2026-06-30T15:54:30,120410, 143771, 100, 63
2026-06-30T15:54:31,120410, 143771, 97, 62
2026-06-30T15:54:32,120410, 143771, 100, 65
2026-06-30T15:54:33,120410, 143771, 80, 62
2026-06-30T15:54:34,120410, 143771, 100, 65
2026-06-30T15:54:35,120410, 143771, 71, 61
2026-06-30T15:54:36,120410, 143771, 100, 65
2026-06-30T15:54:37,120410, 143771, 80, 60
2026-06-30T15:54:38,120410, 143771, 100, 64
2026-06-30T15:54:39,120410, 143771, 89, 62
2026-06-30T15:54:40,120410, 143771, 100, 65
2026-06-30T15:54:41,120410, 143771, 100, 66
2026-06-30T15:54:42,120410, 143771, 100, 63
2026-06-30T15:54:43,120410, 143771, 100, 65
2026-06-30T15:54:44,120410, 143771, 80, 62
2026-06-30T15:54:45,120410, 143771, 100, 65
2026-06-30T15:54:46,120410, 143771, 74, 58
2026-06-30T15:54:47,120410, 143771, 100, 65
2026-06-30T15:54:48,120410, 143771, 66, 60
2026-06-30T15:54:49,120410, 143771, 100, 65
2026-06-30T15:54:50,120410, 143771, 80, 61
2026-06-30T15:54:51,120410, 143771, 100, 65
2026-06-30T15:54:53,120410, 143771, 96, 65
2026-06-30T15:54:54,120410, 143771, 100, 64
2026-06-30T15:54:55,120410, 143771, 100, 62
2026-06-30T15:54:56,120410, 143771, 92, 65
2026-06-30T15:54:57,120410, 143771, 100, 64
2026-06-30T15:54:58,120410, 143771, 81, 61
2026-06-30T15:54:59,120410, 143771, 100, 65
2026-06-30T15:55:00,120410, 143771, 65, 63
2026-06-30T15:55:01,120410, 143771, 100, 65
2026-06-30T15:55:02,120410, 143771, 79, 63
2026-06-30T15:55:03,120410, 143771, 100, 64
2026-06-30T15:55:04,120410, 143771, 76, 61
2026-06-30T15:55:05,120410, 143771, 100, 65
2026-06-30T15:55:06,120410, 143771, 92, 61
2026-06-30T15:55:07,120410, 143771, 100, 65
2026-06-30T15:55:08,120410, 143771, 100, 63
2026-06-30T15:55:09,120410, 143771, 100, 62
2026-06-30T15:55:10,120410, 143771, 100, 65
2026-06-30T15:55:11,120410, 143771, 79, 62
2026-06-30T15:55:12,120410, 143771, 100, 64
2026-06-30T15:55:13,120410, 143771, 70, 62
2026-06-30T15:55:14,120410, 143771, 100, 65
2026-06-30T15:55:15,120410, 143771, 81, 63
2026-06-30T15:55:16,120410, 143771, 100, 65
2026-06-30T15:55:17,120410, 143771, 86, 61
2026-06-30T15:55:18,120410, 143771, 100, 65
2026-06-30T15:55:19,120410, 143771, 100, 66
2026-06-30T15:55:20,120410, 143771, 100, 63
2026-06-30T15:55:21,120410, 143771, 100, 65
2026-06-30T15:55:22,120410, 143771, 81, 62
2026-06-30T15:55:23,120410, 143771, 100, 65
2026-06-30T15:55:24,120410, 143771, 67, 60
2026-06-30T15:55:25,120410, 143771, 100, 65
2026-06-30T15:55:26,120410, 143771, 78, 61
2026-06-30T15:55:28,120410, 143771, 100, 64
2026-06-30T15:55:29,120410, 143771, 78, 63
2026-06-30T15:55:30,120410, 143771, 100, 65
2026-06-30T15:55:31,120410, 143771, 90, 60
2026-06-30T15:55:32,120410, 143771, 100, 65
2026-06-30T15:55:33,120410, 143771, 100, 66
2026-06-30T15:55:34,120410, 143771, 100, 64
2026-06-30T15:55:35,120410, 143771, 100, 64
2026-06-30T15:55:36,120410, 143771, 92, 61
2026-06-30T15:55:37,120410, 143771, 100, 63
2026-06-30T15:55:38,120410, 143771, 77, 62
2026-06-30T15:55:39,120410, 143771, 100, 65
2026-06-30T15:55:40,120410, 143771, 78, 59
2026-06-30T15:55:41,120410, 143771, 100, 66
2026-06-30T15:55:42,120410, 143771, 77, 62
2026-06-30T15:55:43,120410, 143771, 100, 65
2026-06-30T15:55:44,120410, 143771, 80, 61
2026-06-30T15:55:45,120410, 143771, 100, 65
2026-06-30T15:55:46,120410, 143771, 100, 66
2026-06-30T15:55:47,120410, 143771, 100, 64
2026-06-30T15:55:48,120410, 143771, 100, 64
2026-06-30T15:55:49,120410, 143771, 95, 61
2026-06-30T15:55:50,120410, 143771, 100, 65
2026-06-30T15:55:51,120410, 143771, 78, 62
2026-06-30T15:55:52,120410, 143771, 100, 63
2026-06-30T15:55:53,120410, 143771, 80, 61
2026-06-30T15:55:54,120410, 143771, 100, 63
2026-06-30T15:55:55,120410, 143771, 80, 61
2026-06-30T15:55:56,120410, 143771, 100, 66
2026-06-30T15:55:57,120410, 143771, 83, 62
2026-06-30T15:55:58,120410, 143771, 100, 65
2026-06-30T15:55:59,120410, 143771, 100, 66
2026-06-30T15:56:00,120410, 143771, 100, 66
2026-06-30T15:56:02,120410, 143771, 100, 64
2026-06-30T15:56:03,120410, 143771, 85, 61
2026-06-30T15:56:04,120410, 143771, 100, 63
2026-06-30T15:56:05,120410, 143771, 75, 63
2026-06-30T15:56:06,120410, 143771, 100, 65
2026-06-30T15:56:07,120410, 143771, 77, 62
2026-06-30T15:56:08,120410, 143771, 100, 65
2026-06-30T15:56:09,120410, 143771, 81, 61
2026-06-30T15:56:10,120410, 143771, 100, 64
2026-06-30T15:56:11,120410, 143771, 89, 61
2026-06-30T15:56:12,120410, 143771, 100, 63
2026-06-30T15:56:13,120410, 143771, 100, 65
2026-06-30T15:56:14,120410, 143771, 100, 65
2026-06-30T15:56:15,120410, 143771, 100, 64
2026-06-30T15:56:16,120410, 143771, 91, 61
2026-06-30T15:56:17,120410, 143771, 100, 65
2026-06-30T15:56:18,120410, 143771, 79, 63
2026-06-30T15:56:19,120410, 143771, 100, 65
2026-06-30T15:56:20,120410, 143771, 76, 59
2026-06-30T15:56:21,120410, 143771, 100, 65
2026-06-30T15:56:22,120410, 143771, 78, 61
2026-06-30T15:56:23,120410, 143771, 100, 65
2026-06-30T15:56:24,120410, 143771, 79, 63
2026-06-30T15:56:25,120410, 143771, 100, 66
2026-06-30T15:56:26,120410, 143771, 93, 61
2026-06-30T15:56:27,120410, 143771, 100, 65
2026-06-30T15:56:28,120410, 143771, 100, 64
2026-06-30T15:56:29,120410, 143771, 99, 61
2026-06-30T15:56:30,120410, 143771, 100, 65
2026-06-30T15:56:31,120410, 143771, 82, 63
2026-06-30T15:56:32,120410, 143771, 100, 65
2026-06-30T15:56:33,120410, 143771, 66, 61
2026-06-30T15:56:35,120410, 143771, 100, 65
2026-06-30T15:56:36,120410, 143771, 77, 61
2026-06-30T15:56:37,120410, 143771, 100, 64
2026-06-30T15:56:38,120410, 143771, 77, 61
2026-06-30T15:56:39,120410, 143771, 100, 64
2026-06-30T15:56:40,120410, 143771, 100, 66
2026-06-30T15:56:41,120410, 143771, 100, 63
2026-06-30T15:56:42,120410, 143771, 100, 64
2026-06-30T15:56:43,120410, 143771, 86, 63
2026-06-30T15:56:44,120410, 143771, 100, 64
2026-06-30T15:56:45,120410, 143771, 81, 61
2026-06-30T15:56:46,120410, 143771, 100, 65
2026-06-30T15:56:47,120410, 143771, 79, 61
2026-06-30T15:56:48,120410, 143771, 100, 65
2026-06-30T15:56:49,120410, 143771, 78, 61
2026-06-30T15:56:50,120410, 143771, 100, 64
2026-06-30T15:56:51,120410, 143771, 79, 67
2026-06-30T15:56:52,120410, 143771, 100, 65
2026-06-30T15:56:53,120410, 143771, 100, 65
2026-06-30T15:56:54,120410, 143771, 100, 63
2026-06-30T15:56:55,120410, 143771, 100, 63
2026-06-30T15:56:56,120410, 143771, 77, 61
2026-06-30T15:56:57,120410, 143771, 100, 65
2026-06-30T15:56:58,120410, 143771, 81, 63
2026-06-30T15:56:59,120410, 143771, 100, 66
2026-06-30T15:57:00,14620, 143771, 0, 52
2026-06-30T15:57:01,14620, 143771, 0, 49
2026-06-30T15:57:02,14620, 143771, 0, 48
2026-06-30T15:57:03,14620, 143771, 0, 48
2026-06-30T15:57:04,14620, 143771, 0, 47
2026-06-30T15:57:05,14620, 143771, 0, 46
2026-06-30T15:57:06,14620, 143771, 0, 46
2026-06-30T15:57:07,14624, 143771, 7, 45
2026-06-30T15:57:08,14630, 143771, 4, 45
2026-06-30T15:57:09,14638, 143771, 4, 44
2026-06-30T15:57:11,14644, 143771, 4, 44
2026-06-30T15:57:12,14644, 143771, 0, 44
2026-06-30T15:57:13,14644, 143771, 0, 43
2026-06-30T15:57:14,14644, 143771, 0, 43
2026-06-30T15:57:15,14644, 143771, 0, 43
2026-06-30T15:57:16,14644, 143771, 0, 42
2026-06-30T15:57:17,14644, 143771, 0, 42
2026-06-30T15:57:18,14644, 143771, 0, 42
2026-06-30T15:57:19,14644, 143771, 0, 41
2026-06-30T15:57:20,14644, 143771, 0, 41
2026-06-30T15:57:21,14644, 143771, 0, 41
2026-06-30T15:57:22,14644, 143771, 0, 41
2026-06-30T15:57:23,14644, 143771, 0, 40
2026-06-30T15:57:24,14644, 143771, 0, 40
2026-06-30T15:57:25,14644, 143771, 0, 40
2026-06-30T15:57:26,14644, 143771, 0, 40
2026-06-30T15:57:27,14644, 143771, 0, 40
2026-06-30T15:57:28,14644, 143771, 0, 40
2026-06-30T15:57:29,14644, 143771, 0, 39
2026-06-30T15:57:30,14644, 143771, 0, 39
2026-06-30T15:57:31,14644, 143771, 0, 39
2026-06-30T15:57:32,14644, 143771, 0, 39
2026-06-30T15:57:33,14644, 143771, 0, 39
2026-06-30T15:57:34,14644, 143771, 0, 39
2026-06-30T15:57:35,14644, 143771, 0, 38
2026-06-30T15:57:36,14644, 143771, 0, 38
2026-06-30T15:57:37,14644, 143771, 0, 38
2026-06-30T15:57:38,14644, 143771, 0, 38
2026-06-30T15:57:39,14644, 143771, 0, 38
2026-06-30T15:57:40,14644, 143771, 0, 38
2026-06-30T15:57:41,14644, 143771, 0, 38
2026-06-30T15:57:42,14644, 143771, 0, 38
2026-06-30T15:57:43,14644, 143771, 0, 38
2026-06-30T15:57:44,14644, 143771, 0, 37
2026-06-30T15:57:45,14644, 143771, 0, 37
2026-06-30T15:57:46,14644, 143771, 0, 37
2026-06-30T15:57:47,14644, 143771, 0, 37
2026-06-30T15:57:48,14644, 143771, 0, 37
2026-06-30T15:57:49,14644, 143771, 0, 37
2026-06-30T15:57:50,14644, 143771, 0, 37
2026-06-30T15:57:51,21226, 143771, 79, 46
2026-06-30T15:57:53,45806, 143771, 84, 54
2026-06-30T15:57:54,13092, 143771, 0, 38
2026-06-30T15:57:55,13092, 143771, 0, 38
2026-06-30T15:57:56,13092, 143771, 0, 38
2026-06-30T15:57:57,13064, 143771, 0, 38
2026-06-30T15:57:58,4, 143771, 0, 37
