2026-06-30T15:57:58,0, 143771, 0, 37
2026-06-30T15:57:59,0, 143771, 0, 36
2026-06-30T15:58:00,4, 143771, 0, 36
2026-06-30T15:58:01,4, 143771, 0, 36
2026-06-30T15:58:02,4, 143771, 0, 35
2026-06-30T15:58:03,4, 143771, 0, 35
2026-06-30T15:58:04,4, 143771, 0, 35
2026-06-30T15:58:05,4, 143771, 0, 35
2026-06-30T15:58:06,4, 143771, 0, 35
2026-06-30T15:58:07,2476, 143771, 0, 36
2026-06-30T15:58:08,2296, 143771, 11, 36
2026-06-30T15:58:09,7236, 143771, 6, 36
2026-06-30T15:58:10,7636, 143771, 0, 36
2026-06-30T15:58:11,10996, 143771, 1, 36
2026-06-30T15:58:12,57110, 143771, 89, 46
2026-06-30T15:58:13,123006, 143771, 0, 38
2026-06-30T15:58:14,123006, 143771, 100, 52
2026-06-30T15:58:15,123784, 143771, 71, 49
2026-06-30T15:58:16,128866, 143771, 100, 52
2026-06-30T15:58:17,128866, 143771, 88, 51
2026-06-30T15:58:18,128866, 143771, 100, 54
2026-06-30T15:58:19,128866, 143771, 91, 54
2026-06-30T15:58:20,128866, 143771, 100, 54
2026-06-30T15:58:21,128866, 143771, 89, 56
2026-06-30T15:58:22,128866, 143771, 100, 56
2026-06-30T15:58:23,128866, 143771, 91, 57
2026-06-30T15:58:24,128866, 143771, 100, 56
2026-06-30T15:58:25,128866, 143771, 86, 55
2026-06-30T15:58:26,128866, 143771, 100, 57
2026-06-30T15:58:28,128866, 143771, 96, 58
2026-06-30T15:58:29,128866, 143771, 100, 56
2026-06-30T15:58:30,128866, 143771, 100, 58
2026-06-30T15:58:31,128866, 143771, 100, 58
2026-06-30T15:58:32,128866, 143771, 100, 58
2026-06-30T15:58:33,128866, 143771, 100, 58
2026-06-30T15:58:34,128866, 143771, 100, 59
2026-06-30T15:58:35,128866, 143771, 100, 60
2026-06-30T15:58:36,128866, 143771, 100, 60
2026-06-30T15:58:37,128866, 143771, 92, 63
2026-06-30T15:58:38,128866, 143771, 100, 61
2026-06-30T15:58:39,128866, 143771, 90, 58
2026-06-30T15:58:40,128866, 143771, 100, 61
2026-06-30T15:58:41,128866, 143771, 91, 57
2026-06-30T15:58:42,128866, 143771, 100, 61
2026-06-30T15:58:43,128866, 143771, 87, 57
2026-06-30T15:58:44,128866, 143771, 100, 61
2026-06-30T15:58:45,128866, 143771, 90, 60
2026-06-30T15:58:46,128866, 143771, 100, 62
2026-06-30T15:58:47,128866, 143771, 89, 59
2026-06-30T15:58:48,128866, 143771, 100, 61
2026-06-30T15:58:49,128866, 143771, 90, 60
2026-06-30T15:58:50,128866, 143771, 100, 62
2026-06-30T15:58:51,128866, 143771, 89, 60
2026-06-30T15:58:52,128866, 143771, 100, 62
2026-06-30T15:58:53,128866, 143771, 91, 59
2026-06-30T15:58:54,128866, 143771, 100, 61
2026-06-30T15:58:55,128866, 143771, 95, 59
2026-06-30T15:58:56,128866, 143771, 100, 62
2026-06-30T15:58:57,128866, 143771, 97, 62
2026-06-30T15:58:58,128866, 143771, 100, 63
2026-06-30T15:58:59,128866, 143771, 100, 62
2026-06-30T15:59:00,128866, 143771, 100, 62
2026-06-30T15:59:02,128866, 143771, 100, 63
2026-06-30T15:59:03,128866, 143771, 100, 62
2026-06-30T15:59:04,128866, 143771, 100, 62
2026-06-30T15:59:05,128866, 143771, 100, 60
2026-06-30T15:59:06,128866, 143771, 100, 62
2026-06-30T15:59:07,128866, 143771, 91, 66
2026-06-30T15:59:08,128866, 143771, 100, 63
2026-06-30T15:59:09,128866, 143771, 89, 62
2026-06-30T15:59:10,128866, 143771, 100, 62
2026-06-30T15:59:11,128866, 143771, 89, 61
2026-06-30T15:59:12,128866, 143771, 100, 63
2026-06-30T15:59:13,128866, 143771, 81, 61
2026-06-30T15:59:14,128866, 143771, 100, 63
2026-06-30T15:59:15,128866, 143771, 88, 63
2026-06-30T15:59:16,128866, 143771, 100, 62
2026-06-30T15:59:17,128866, 143771, 89, 63
2026-06-30T15:59:18,128866, 143771, 100, 63
2026-06-30T15:59:19,128866, 143771, 89, 62
2026-06-30T15:59:20,128866, 143771, 100, 63
2026-06-30T15:59:21,128866, 143771, 89, 62
2026-06-30T15:59:22,128866, 143771, 100, 63
2026-06-30T15:59:23,128866, 143771, 88, 62
2026-06-30T15:59:24,128866, 143771, 100, 63
2026-06-30T15:59:25,128866, 143771, 88, 59
2026-06-30T15:59:26,128866, 143771, 100, 64
2026-06-30T15:59:27,128866, 143771, 100, 62
2026-06-30T15:59:28,128866, 143771, 100, 64
2026-06-30T15:59:29,128866, 143771, 100, 63
2026-06-30T15:59:30,128866, 143771, 100, 62
2026-06-30T15:59:31,128866, 143771, 100, 64
2026-06-30T15:59:32,128866, 143771, 100, 61
2026-06-30T15:59:33,128866, 143771, 100, 64
2026-06-30T15:59:35,128866, 143771, 100, 65
2026-06-30T15:59:36,128866, 143771, 100, 64
2026-06-30T15:59:37,128866, 143771, 90, 67
2026-06-30T15:59:38,128866, 143771, 100, 62
2026-06-30T15:59:39,128866, 143771, 90, 61
2026-06-30T15:59:40,128866, 143771, 100, 64
2026-06-30T15:59:41,128866, 143771, 70, 62
2026-06-30T15:59:42,128866, 143771, 100, 62
2026-06-30T15:59:43,128866, 143771, 66, 62
2026-06-30T15:59:44,128866, 143771, 100, 63
2026-06-30T15:59:45,128866, 143771, 88, 62
2026-06-30T15:59:46,128866, 143771, 100, 64
2026-06-30T15:59:47,128866, 143771, 88, 62
2026-06-30T15:59:48,128866, 143771, 100, 63
2026-06-30T15:59:49,128866, 143771, 91, 63
2026-06-30T15:59:50,128866, 143771, 100, 64
2026-06-30T15:59:51,128866, 143771, 91, 63
2026-06-30T15:59:52,128866, 143771, 100, 62
2026-06-30T15:59:53,128866, 143771, 86, 62
2026-06-30T15:59:54,128866, 143771, 100, 64
2026-06-30T15:59:55,128866, 143771, 92, 64
2026-06-30T15:59:56,128866, 143771, 100, 63
2026-06-30T15:59:57,128866, 143771, 100, 64
2026-06-30T15:59:58,128866, 143771, 19, 52
2026-06-30T15:59:59,128866, 143771, 100, 62
2026-06-30T16:00:00,128866, 143771, 73, 61
2026-06-30T16:00:01,128866, 143771, 100, 64
2026-06-30T16:00:02,128866, 143771, 89, 62
2026-06-30T16:00:03,128866, 143771, 100, 65
2026-06-30T16:00:04,128866, 143771, 92, 62
2026-06-30T16:00:05,128866, 143771, 100, 62
2026-06-30T16:00:06,128866, 143771, 90, 62
2026-06-30T16:00:07,128866, 143771, 100, 64
2026-06-30T16:00:09,128866, 143771, 90, 64
2026-06-30T16:00:10,128866, 143771, 100, 62
2026-06-30T16:00:11,128866, 143771, 89, 63
2026-06-30T16:00:12,128866, 143771, 100, 65
2026-06-30T16:00:13,128866, 143771, 91, 63
2026-06-30T16:00:14,128866, 143771, 100, 62
2026-06-30T16:00:15,128866, 143771, 94, 64
2026-06-30T16:00:16,128866, 143771, 100, 65
2026-06-30T16:00:17,128866, 143771, 100, 65
2026-06-30T16:00:18,128866, 143771, 100, 64
2026-06-30T16:00:19,128866, 143771, 100, 62
2026-06-30T16:00:20,128866, 143771, 100, 64
2026-06-30T16:00:21,128866, 143771, 100, 64
2026-06-30T16:00:22,128866, 143771, 100, 63
2026-06-30T16:00:23,128866, 143771, 100, 62
2026-06-30T16:00:24,128866, 143771, 92, 67
2026-06-30T16:00:25,128866, 143771, 100, 66
2026-06-30T16:00:26,128866, 143771, 91, 68
2026-06-30T16:00:27,128866, 143771, 100, 64
2026-06-30T16:00:28,128866, 143771, 92, 62
2026-06-30T16:00:29,128866, 143771, 100, 64
2026-06-30T16:00:30,128866, 143771, 79, 63
2026-06-30T16:00:31,128866, 143771, 100, 65
2026-06-30T16:00:32,128866, 143771, 70, 62
2026-06-30T16:00:33,128866, 143771, 100, 64
2026-06-30T16:00:34,128866, 143771, 87, 62
2026-06-30T16:00:35,128866, 143771, 100, 63
2026-06-30T16:00:36,128866, 143771, 93, 62
2026-06-30T16:00:37,128866, 143771, 100, 64
2026-06-30T16:00:38,128866, 143771, 90, 64
2026-06-30T16:00:39,128866, 143771, 100, 64
2026-06-30T16:00:40,128866, 143771, 89, 63
2026-06-30T16:00:41,128866, 143771, 100, 63
2026-06-30T16:00:43,128866, 143771, 87, 64
2026-06-30T16:00:44,128866, 143771, 100, 62
2026-06-30T16:00:45,128866, 143771, 100, 60
2026-06-30T16:00:46,128866, 143771, 100, 64
2026-06-30T16:00:47,128866, 143771, 100, 63
2026-06-30T16:00:48,128866, 143771, 100, 64
2026-06-30T16:00:49,128866, 143771, 100, 64
2026-06-30T16:00:50,128866, 143771, 100, 66
2026-06-30T16:00:51,128866, 143771, 100, 64
2026-06-30T16:00:52,128866, 143771, 97, 66
2026-06-30T16:00:53,128866, 143771, 100, 65
2026-06-30T16:00:54,128866, 143771, 95, 62
2026-06-30T16:00:55,128866, 143771, 100, 63
2026-06-30T16:00:56,128866, 143771, 92, 64
2026-06-30T16:00:57,128866, 143771, 100, 64
2026-06-30T16:00:58,128866, 143771, 90, 62
2026-06-30T16:00:59,128866, 143771, 100, 64
2026-06-30T16:01:00,128866, 143771, 77, 61
2026-06-30T16:01:01,128866, 143771, 100, 65
2026-06-30T16:01:02,128866, 143771, 89, 63
2026-06-30T16:01:03,128866, 143771, 100, 63
2026-06-30T16:01:04,128866, 143771, 89, 65
2026-06-30T16:01:05,128866, 143771, 100, 65
2026-06-30T16:01:06,128866, 143771, 87, 62
2026-06-30T16:01:07,128866, 143771, 100, 65
2026-06-30T16:01:08,128866, 143771, 90, 63
2026-06-30T16:01:09,128866, 143771, 100, 62
2026-06-30T16:01:10,128866, 143771, 87, 63
2026-06-30T16:01:11,128866, 143771, 100, 64
2026-06-30T16:01:12,128866, 143771, 99, 60
2026-06-30T16:01:13,128866, 143771, 100, 64
2026-06-30T16:01:14,128866, 143771, 100, 62
2026-06-30T16:01:15,128866, 143771, 100, 65
2026-06-30T16:01:17,128866, 143771, 100, 65
2026-06-30T16:01:18,128866, 143771, 100, 63
2026-06-30T16:01:19,128866, 143771, 100, 63
2026-06-30T16:01:20,128866, 143771, 100, 65
2026-06-30T16:01:21,128866, 143771, 100, 63
2026-06-30T16:01:22,128866, 143771, 98, 63
2026-06-30T16:01:23,128866, 143771, 100, 63
2026-06-30T16:01:24,128866, 143771, 86, 63
2026-06-30T16:01:25,128866, 143771, 100, 64
2026-06-30T16:01:26,128866, 143771, 77, 63
2026-06-30T16:01:27,128866, 143771, 100, 64
2026-06-30T16:01:28,128866, 143771, 67, 62
2026-06-30T16:01:29,128866, 143771, 100, 65
2026-06-30T16:01:30,128866, 143771, 91, 63
2026-06-30T16:01:31,128866, 143771, 100, 64
2026-06-30T16:01:32,128866, 143771, 87, 61
2026-06-30T16:01:33,128866, 143771, 100, 63
2026-06-30T16:01:34,128866, 143771, 92, 63
2026-06-30T16:01:35,128866, 143771, 100, 64
2026-06-30T16:01:36,128866, 143771, 88, 62
2026-06-30T16:01:37,128866, 143771, 100, 65
2026-06-30T16:01:38,128866, 143771, 87, 62
2026-06-30T16:01:39,128866, 143771, 100, 64
2026-06-30T16:01:40,128866, 143771, 100, 61
2026-06-30T16:01:41,128866, 143771, 100, 64
2026-06-30T16:01:42,128866, 143771, 100, 64
2026-06-30T16:01:43,128866, 143771, 100, 64
2026-06-30T16:01:44,128866, 143771, 100, 65
2026-06-30T16:01:45,128866, 143771, 100, 64
2026-06-30T16:01:46,128866, 143771, 100, 63
2026-06-30T16:01:47,128866, 143771, 100, 66
2026-06-30T16:01:48,128866, 143771, 100, 65
2026-06-30T16:01:49,128866, 143771, 100, 66
2026-06-30T16:01:50,128866, 143771, 100, 65
2026-06-30T16:01:52,128866, 143771, 97, 63
2026-06-30T16:01:53,128866, 143771, 100, 64
2026-06-30T16:01:54,128866, 143771, 89, 62
2026-06-30T16:01:55,128866, 143771, 100, 63
2026-06-30T16:01:56,128866, 143771, 88, 64
2026-06-30T16:01:57,128866, 143771, 100, 65
2026-06-30T16:01:58,128866, 143771, 76, 63
2026-06-30T16:01:59,128866, 143771, 100, 63
2026-06-30T16:02:00,128866, 143771, 85, 63
2026-06-30T16:02:01,128866, 143771, 100, 65
2026-06-30T16:02:02,128866, 143771, 85, 63
2026-06-30T16:02:03,128866, 143771, 100, 65
2026-06-30T16:02:04,128866, 143771, 91, 63
2026-06-30T16:02:05,128866, 143771, 100, 65
2026-06-30T16:02:06,128866, 143771, 90, 63
2026-06-30T16:02:07,128866, 143771, 100, 65
2026-06-30T16:02:08,128866, 143771, 89, 62
2026-06-30T16:02:09,128866, 143771, 100, 64
2026-06-30T16:02:10,128866, 143771, 100, 59
2026-06-30T16:02:11,128866, 143771, 100, 65
2026-06-30T16:02:12,128866, 143771, 100, 65
2026-06-30T16:02:13,128866, 143771, 100, 64
2026-06-30T16:02:14,128866, 143771, 100, 66
2026-06-30T16:02:15,128866, 143771, 100, 66
2026-06-30T16:02:16,128866, 143771, 100, 66
2026-06-30T16:02:17,128866, 143771, 97, 66
2026-06-30T16:02:18,128866, 143771, 100, 66
2026-06-30T16:02:19,128866, 143771, 95, 63
2026-06-30T16:02:20,128866, 143771, 100, 62
2026-06-30T16:02:21,128866, 143771, 88, 62
2026-06-30T16:02:22,128866, 143771, 100, 65
2026-06-30T16:02:23,128866, 143771, 70, 62
2026-06-30T16:02:24,128866, 143771, 100, 63
2026-06-30T16:02:26,128866, 143771, 74, 64
2026-06-30T16:02:27,128866, 143771, 100, 64
2026-06-30T16:02:28,128866, 143771, 89, 63
2026-06-30T16:02:29,128866, 143771, 100, 65
2026-06-30T16:02:30,128866, 143771, 91, 63
2026-06-30T16:02:31,128866, 143771, 100, 64
2026-06-30T16:02:32,128866, 143771, 90, 63
2026-06-30T16:02:33,128866, 143771, 100, 64
2026-06-30T16:02:34,128866, 143771, 88, 63
2026-06-30T16:02:35,128866, 143771, 100, 64
2026-06-30T16:02:36,128866, 143771, 89, 60
2026-06-30T16:02:37,128866, 143771, 100, 63
2026-06-30T16:02:38,128866, 143771, 100, 64
2026-06-30T16:02:39,128866, 143771, 100, 64
2026-06-30T16:02:40,128866, 143771, 100, 64
2026-06-30T16:02:41,128866, 143771, 100, 64
2026-06-30T16:02:42,128866, 143771, 100, 63
2026-06-30T16:02:43,128866, 143771, 100, 64
2026-06-30T16:02:44,128866, 143771, 100, 65
2026-06-30T16:02:45,128866, 143771, 100, 65
2026-06-30T16:02:46,128866, 143771, 100, 64
2026-06-30T16:02:47,128866, 143771, 97, 62
2026-06-30T16:02:48,128866, 143771, 100, 64
2026-06-30T16:02:49,128866, 143771, 96, 63
2026-06-30T16:02:50,128866, 143771, 100, 63
2026-06-30T16:02:51,128866, 143771, 90, 63
2026-06-30T16:02:52,128866, 143771, 100, 64
2026-06-30T16:02:53,128866, 143771, 82, 63
2026-06-30T16:02:54,128866, 143771, 100, 63
2026-06-30T16:02:55,128866, 143771, 86, 61
2026-06-30T16:02:56,128866, 143771, 100, 64
2026-06-30T16:02:57,128866, 143771, 90, 63
2026-06-30T16:02:58,128866, 143771, 100, 64
2026-06-30T16:03:00,128866, 143771, 85, 64
2026-06-30T16:03:01,128866, 143771, 100, 64
2026-06-30T16:03:02,128866, 143771, 90, 63
2026-06-30T16:03:03,128866, 143771, 100, 66
2026-06-30T16:03:04,128866, 143771, 90, 64
2026-06-30T16:03:05,128866, 143771, 100, 64
2026-06-30T16:03:06,128866, 143771, 87, 62
2026-06-30T16:03:07,128866, 143771, 100, 64
2026-06-30T16:03:08,128866, 143771, 100, 60
2026-06-30T16:03:09,128866, 143771, 100, 65
2026-06-30T16:03:10,128866, 143771, 100, 63
2026-06-30T16:03:11,128866, 143771, 100, 63
2026-06-30T16:03:12,128866, 143771, 100, 64
2026-06-30T16:03:13,128866, 143771, 100, 65
2026-06-30T16:03:14,128866, 143771, 100, 63
2026-06-30T16:03:15,128866, 143771, 100, 66
2026-06-30T16:03:16,128866, 143771, 100, 64
2026-06-30T16:03:17,128866, 143771, 100, 66
2026-06-30T16:03:18,128866, 143771, 100, 64
2026-06-30T16:03:19,128866, 143771, 88, 64
2026-06-30T16:03:20,128866, 143771, 100, 64
2026-06-30T16:03:21,128866, 143771, 90, 64
2026-06-30T16:03:22,128866, 143771, 100, 65
2026-06-30T16:03:23,128866, 143771, 91, 61
2026-06-30T16:03:24,128866, 143771, 100, 64
2026-06-30T16:03:25,128866, 143771, 89, 60
2026-06-30T16:03:26,128866, 143771, 100, 65
2026-06-30T16:03:27,128866, 143771, 86, 62
2026-06-30T16:03:28,128866, 143771, 100, 65
2026-06-30T16:03:29,128866, 143771, 89, 63
2026-06-30T16:03:30,128866, 143771, 100, 63
2026-06-30T16:03:31,128866, 143771, 90, 63
2026-06-30T16:03:32,128866, 143771, 100, 64
2026-06-30T16:03:34,128866, 143771, 88, 63
2026-06-30T16:03:35,128866, 143771, 100, 65
2026-06-30T16:03:36,128866, 143771, 95, 62
2026-06-30T16:03:37,128866, 143771, 100, 65
2026-06-30T16:03:38,128866, 143771, 100, 60
2026-06-30T16:03:39,128866, 143771, 100, 64
2026-06-30T16:03:40,128866, 143771, 100, 66
2026-06-30T16:03:41,128866, 143771, 100, 64
2026-06-30T16:03:42,128866, 143771, 100, 63
2026-06-30T16:03:43,128866, 143771, 100, 63
2026-06-30T16:03:44,128866, 143771, 100, 65
2026-06-30T16:03:45,128866, 143771, 100, 66
2026-06-30T16:03:46,128866, 143771, 100, 65
2026-06-30T16:03:47,128866, 143771, 96, 63
2026-06-30T16:03:48,128866, 143771, 100, 65
2026-06-30T16:03:49,128866, 143771, 89, 62
2026-06-30T16:03:50,128866, 143771, 100, 64
2026-06-30T16:03:51,128866, 143771, 90, 64
2026-06-30T16:03:52,128866, 143771, 100, 65
2026-06-30T16:03:53,128866, 143771, 63, 63
2026-06-30T16:03:54,128866, 143771, 100, 66
2026-06-30T16:03:55,128866, 143771, 86, 60
2026-06-30T16:03:56,128866, 143771, 100, 64
2026-06-30T16:03:57,128866, 143771, 90, 62
2026-06-30T16:03:58,128866, 143771, 100, 65
2026-06-30T16:03:59,128866, 143771, 90, 63
2026-06-30T16:04:00,128866, 143771, 100, 62
2026-06-30T16:04:01,128866, 143771, 87, 63
2026-06-30T16:04:02,128866, 143771, 100, 63
2026-06-30T16:04:03,128866, 143771, 89, 60
2026-06-30T16:04:04,128866, 143771, 100, 64
2026-06-30T16:04:05,128866, 143771, 99, 60
2026-06-30T16:04:06,128866, 143771, 100, 66
2026-06-30T16:04:08,128866, 143771, 100, 65
2026-06-30T16:04:09,128866, 143771, 100, 65
2026-06-30T16:04:10,128866, 143771, 100, 65
2026-06-30T16:04:11,128866, 143771, 100, 66
2026-06-30T16:04:12,128866, 143771, 100, 65
2026-06-30T16:04:13,128866, 143771, 97, 65
2026-06-30T16:04:14,128866, 143771, 100, 64
2026-06-30T16:04:15,128866, 143771, 90, 68
2026-06-30T16:04:16,128866, 143771, 100, 65
2026-06-30T16:04:17,128866, 143771, 88, 63
2026-06-30T16:04:18,128866, 143771, 100, 65
2026-06-30T16:04:19,128866, 143771, 69, 62
2026-06-30T16:04:20,128866, 143771, 100, 63
2026-06-30T16:04:21,128866, 143771, 78, 63
2026-06-30T16:04:22,128866, 143771, 100, 66
2026-06-30T16:04:23,128866, 143771, 90, 63
2026-06-30T16:04:24,128866, 143771, 100, 64
2026-06-30T16:04:25,128866, 143771, 90, 63
2026-06-30T16:04:26,128866, 143771, 100, 65
2026-06-30T16:04:27,128866, 143771, 90, 62
2026-06-30T16:04:28,128866, 143771, 100, 63
2026-06-30T16:04:29,128866, 143771, 92, 63
2026-06-30T16:04:30,128866, 143771, 100, 64
2026-06-30T16:04:31,128866, 143771, 88, 63
2026-06-30T16:04:32,128866, 143771, 100, 64
2026-06-30T16:04:33,128866, 143771, 100, 61
2026-06-30T16:04:34,128866, 143771, 100, 63
2026-06-30T16:04:35,128866, 143771, 100, 66
2026-06-30T16:04:36,128866, 143771, 100, 64
2026-06-30T16:04:37,128866, 143771, 100, 64
2026-06-30T16:04:38,128866, 143771, 100, 63
2026-06-30T16:04:39,128866, 143771, 100, 65
2026-06-30T16:04:40,128866, 143771, 100, 66
2026-06-30T16:04:42,128866, 143771, 100, 64
2026-06-30T16:04:43,128866, 143771, 100, 65
2026-06-30T16:04:44,128866, 143771, 100, 64
2026-06-30T16:04:45,128866, 143771, 100, 68
2026-06-30T16:04:46,128866, 143771, 100, 63
2026-06-30T16:04:47,128866, 143771, 86, 62
2026-06-30T16:04:48,128866, 143771, 100, 64
2026-06-30T16:04:49,128866, 143771, 88, 64
2026-06-30T16:04:50,128866, 143771, 100, 64
2026-06-30T16:04:51,128866, 143771, 83, 63
2026-06-30T16:04:52,128866, 143771, 100, 65
2026-06-30T16:04:53,128866, 143771, 86, 59
2026-06-30T16:04:54,128866, 143771, 100, 65
2026-06-30T16:04:55,128866, 143771, 91, 62
2026-06-30T16:04:56,128866, 143771, 100, 65
2026-06-30T16:04:57,128866, 143771, 90, 63
2026-06-30T16:04:58,128866, 143771, 100, 64
2026-06-30T16:04:59,128866, 143771, 89, 62
2026-06-30T16:05:00,128866, 143771, 100, 63
2026-06-30T16:05:01,128866, 143771, 93, 63
2026-06-30T16:05:02,128866, 143771, 100, 65
2026-06-30T16:05:03,128866, 143771, 99, 61
2026-06-30T16:05:04,128866, 143771, 100, 62
2026-06-30T16:05:05,128866, 143771, 100, 64
2026-06-30T16:05:06,128866, 143771, 100, 65
2026-06-30T16:05:07,128866, 143771, 100, 64
2026-06-30T16:05:08,128866, 143771, 100, 62
2026-06-30T16:05:09,128866, 143771, 100, 66
2026-06-30T16:05:10,128866, 143771, 100, 64
2026-06-30T16:05:11,128866, 143771, 100, 63
2026-06-30T16:05:12,128866, 143771, 100, 66
2026-06-30T16:05:13,128866, 143771, 100, 65
2026-06-30T16:05:14,128866, 143771, 90, 68
2026-06-30T16:05:16,128866, 143771, 100, 64
2026-06-30T16:05:17,128866, 143771, 90, 64
2026-06-30T16:05:18,128866, 143771, 100, 66
2026-06-30T16:05:19,128866, 143771, 89, 62
2026-06-30T16:05:20,128866, 143771, 100, 63
2026-06-30T16:05:21,128866, 143771, 64, 63
2026-06-30T16:05:22,128866, 143771, 100, 64
2026-06-30T16:05:23,128866, 143771, 89, 63
2026-06-30T16:05:24,128866, 143771, 100, 64
2026-06-30T16:05:25,128866, 143771, 90, 64
2026-06-30T16:05:26,128866, 143771, 100, 63
2026-06-30T16:05:27,128866, 143771, 89, 63
2026-06-30T16:05:28,128866, 143771, 100, 64
2026-06-30T16:05:29,128866, 143771, 90, 62
2026-06-30T16:05:30,128866, 143771, 100, 64
2026-06-30T16:05:31,128866, 143771, 91, 62
2026-06-30T16:05:32,128866, 143771, 100, 63
2026-06-30T16:05:33,128866, 143771, 93, 62
2026-06-30T16:05:34,128866, 143771, 100, 63
2026-06-30T16:05:35,128866, 143771, 100, 65
2026-06-30T16:05:36,128866, 143771, 100, 64
2026-06-30T16:05:37,128866, 143771, 100, 63
2026-06-30T16:05:38,128866, 143771, 100, 64
2026-06-30T16:05:39,128866, 143771, 100, 64
2026-06-30T16:05:40,128866, 143771, 100, 66
2026-06-30T16:05:41,128866, 143771, 100, 64
2026-06-30T16:05:42,128866, 143771, 97, 63
2026-06-30T16:05:43,128866, 143771, 100, 64
2026-06-30T16:05:44,128866, 143771, 89, 63
2026-06-30T16:05:45,128866, 143771, 100, 63
2026-06-30T16:05:46,128866, 143771, 89, 62
2026-06-30T16:05:47,128866, 143771, 100, 64
2026-06-30T16:05:48,128866, 143771, 79, 62
2026-06-30T16:05:50,128866, 143771, 100, 64
2026-06-30T16:05:51,128866, 143771, 78, 59
2026-06-30T16:05:52,128866, 143771, 100, 63
2026-06-30T16:05:53,128866, 143771, 89, 63
2026-06-30T16:05:54,128866, 143771, 100, 64
2026-06-30T16:05:55,128866, 143771, 88, 63
2026-06-30T16:05:56,128866, 143771, 100, 64
2026-06-30T16:05:57,128866, 143771, 92, 63
2026-06-30T16:05:58,128866, 143771, 100, 65
2026-06-30T16:05:59,128866, 143771, 91, 62
2026-06-30T16:06:00,128866, 143771, 100, 64
2026-06-30T16:06:01,128866, 143771, 94, 62
2026-06-30T16:06:02,128866, 143771, 100, 64
2026-06-30T16:06:03,128866, 143771, 99, 64
2026-06-30T16:06:04,128866, 143771, 100, 65
2026-06-30T16:06:05,128866, 143771, 100, 63
2026-06-30T16:06:06,128866, 143771, 100, 64
2026-06-30T16:06:07,128866, 143771, 100, 63
2026-06-30T16:06:08,128866, 143771, 100, 65
2026-06-30T16:06:09,128866, 143771, 100, 65
2026-06-30T16:06:10,128866, 143771, 100, 66
2026-06-30T16:06:11,128866, 143771, 100, 65
2026-06-30T16:06:12,128866, 143771, 89, 67
2026-06-30T16:06:13,128866, 143771, 100, 64
2026-06-30T16:06:14,128866, 143771, 89, 63
2026-06-30T16:06:15,128866, 143771, 100, 64
2026-06-30T16:06:16,128866, 143771, 76, 62
2026-06-30T16:06:17,128866, 143771, 100, 64
2026-06-30T16:06:18,128866, 143771, 91, 62
2026-06-30T16:06:19,128866, 143771, 100, 63
2026-06-30T16:06:20,128866, 143771, 70, 62
2026-06-30T16:06:21,128866, 143771, 100, 64
2026-06-30T16:06:23,128866, 143771, 85, 64
2026-06-30T16:06:24,128866, 143771, 100, 64
2026-06-30T16:06:25,128866, 143771, 88, 64
2026-06-30T16:06:26,128866, 143771, 100, 64
2026-06-30T16:06:27,128866, 143771, 88, 62
2026-06-30T16:06:28,128866, 143771, 100, 65
2026-06-30T16:06:29,128866, 143771, 89, 62
2026-06-30T16:06:30,128866, 143771, 100, 64
2026-06-30T16:06:31,128866, 143771, 100, 60
2026-06-30T16:06:32,128866, 143771, 100, 65
2026-06-30T16:06:33,128866, 143771, 100, 64
2026-06-30T16:06:34,128866, 143771, 100, 63
2026-06-30T16:06:35,128866, 143771, 100, 64
2026-06-30T16:06:36,128866, 143771, 100, 64
2026-06-30T16:06:37,128866, 143771, 100, 63
2026-06-30T16:06:38,128866, 143771, 100, 66
2026-06-30T16:06:39,128866, 143771, 100, 63
2026-06-30T16:06:40,128866, 143771, 97, 65
2026-06-30T16:06:41,128866, 143771, 100, 65
2026-06-30T16:06:42,128866, 143771, 88, 62
2026-06-30T16:06:43,128866, 143771, 100, 63
2026-06-30T16:06:44,128866, 143771, 88, 63
2026-06-30T16:06:45,128866, 143771, 100, 64
2026-06-30T16:06:46,128866, 143771, 64, 64
2026-06-30T16:06:47,128866, 143771, 100, 64
2026-06-30T16:06:48,128866, 143771, 87, 63
2026-06-30T16:06:49,128866, 143771, 100, 64
2026-06-30T16:06:50,128866, 143771, 87, 63
2026-06-30T16:06:51,128866, 143771, 100, 64
2026-06-30T16:06:52,128866, 143771, 89, 64
2026-06-30T16:06:53,128866, 143771, 100, 64
2026-06-30T16:06:54,128866, 143771, 87, 63
2026-06-30T16:06:56,128866, 143771, 100, 65
2026-06-30T16:06:57,128866, 143771, 89, 64
2026-06-30T16:06:58,128866, 143771, 100, 63
2026-06-30T16:06:59,128866, 143771, 100, 60
2026-06-30T16:07:00,128866, 143771, 100, 65
2026-06-30T16:07:01,128866, 143771, 100, 63
2026-06-30T16:07:02,128866, 143771, 100, 62
2026-06-30T16:07:03,128866, 143771, 100, 64
2026-06-30T16:07:04,128866, 143771, 100, 63
2026-06-30T16:07:05,128866, 143771, 100, 63
2026-06-30T16:07:06,128866, 143771, 100, 66
2026-06-30T16:07:07,128866, 143771, 100, 64
2026-06-30T16:07:08,128866, 143771, 91, 66
2026-06-30T16:07:09,128866, 143771, 100, 66
2026-06-30T16:07:10,128866, 143771, 88, 64
2026-06-30T16:07:11,128866, 143771, 100, 65
2026-06-30T16:07:12,128866, 143771, 88, 63
2026-06-30T16:07:13,128866, 143771, 100, 65
2026-06-30T16:07:14,128866, 143771, 77, 62
2026-06-30T16:07:15,128866, 143771, 100, 64
2026-06-30T16:07:16,128866, 143771, 89, 64
2026-06-30T16:07:17,128866, 143771, 100, 64
2026-06-30T16:07:18,128866, 143771, 89, 63
2026-06-30T16:07:19,128866, 143771, 100, 65
2026-06-30T16:07:20,128866, 143771, 88, 62
2026-06-30T16:07:21,128866, 143771, 100, 64
2026-06-30T16:07:22,128866, 143771, 87, 62
2026-06-30T16:07:23,128866, 143771, 100, 64
2026-06-30T16:07:24,128866, 143771, 90, 62
2026-06-30T16:07:25,128866, 143771, 100, 66
2026-06-30T16:07:26,128866, 143771, 97, 61
2026-06-30T16:07:27,128866, 143771, 100, 65
2026-06-30T16:07:28,128866, 143771, 100, 64
2026-06-30T16:07:30,128866, 143771, 100, 64
2026-06-30T16:07:31,128866, 143771, 100, 66
2026-06-30T16:07:32,128866, 143771, 100, 64
2026-06-30T16:07:33,128866, 143771, 100, 64
2026-06-30T16:07:34,128866, 143771, 100, 64
2026-06-30T16:07:35,128866, 143771, 100, 63
2026-06-30T16:07:36,128866, 143771, 100, 66
2026-06-30T16:07:37,128866, 143771, 100, 65
2026-06-30T16:07:38,128866, 143771, 90, 62
2026-06-30T16:07:39,128866, 143771, 100, 64
2026-06-30T16:07:40,128866, 143771, 91, 62
2026-06-30T16:07:41,128866, 143771, 100, 64
2026-06-30T16:07:42,128866, 143771, 59, 59
2026-06-30T16:07:43,128866, 143771, 100, 62
2026-06-30T16:07:44,128866, 143771, 90, 63
2026-06-30T16:07:45,128866, 143771, 100, 64
2026-06-30T16:07:46,128866, 143771, 87, 62
2026-06-30T16:07:47,128866, 143771, 100, 64
2026-06-30T16:07:48,128866, 143771, 88, 63
2026-06-30T16:07:49,128866, 143771, 100, 64
2026-06-30T16:07:50,128866, 143771, 88, 62
2026-06-30T16:07:51,128866, 143771, 100, 63
2026-06-30T16:07:52,128866, 143771, 88, 60
2026-06-30T16:07:53,128866, 143771, 100, 64
2026-06-30T16:07:54,128866, 143771, 100, 63
2026-06-30T16:07:55,128866, 143771, 100, 62
2026-06-30T16:07:56,128866, 143771, 100, 65
2026-06-30T16:07:57,128866, 143771, 100, 64
2026-06-30T16:07:58,128866, 143771, 100, 63
2026-06-30T16:07:59,128866, 143771, 100, 65
2026-06-30T16:08:00,128866, 143771, 100, 63
2026-06-30T16:08:01,128866, 143771, 97, 64
2026-06-30T16:08:03,128866, 143771, 100, 65
2026-06-30T16:08:04,128866, 143771, 91, 67
2026-06-30T16:08:05,128866, 143771, 100, 65
2026-06-30T16:08:06,128866, 143771, 87, 62
2026-06-30T16:08:07,128866, 143771, 100, 65
2026-06-30T16:08:08,128866, 143771, 90, 64
2026-06-30T16:08:09,128866, 143771, 100, 65
2026-06-30T16:08:10,128866, 143771, 89, 63
2026-06-30T16:08:11,128866, 143771, 100, 63
2026-06-30T16:08:12,128866, 143771, 84, 63
2026-06-30T16:08:13,128866, 143771, 100, 63
2026-06-30T16:08:14,128866, 143771, 90, 64
2026-06-30T16:08:15,128866, 143771, 100, 64
2026-06-30T16:08:16,128866, 143771, 89, 63
2026-06-30T16:08:17,128866, 143771, 100, 65
2026-06-30T16:08:18,128866, 143771, 89, 64
2026-06-30T16:08:19,128866, 143771, 100, 65
2026-06-30T16:08:20,128866, 143771, 90, 64
2026-06-30T16:08:21,128866, 143771, 100, 65
2026-06-30T16:08:22,128866, 143771, 100, 65
2026-06-30T16:08:23,128866, 143771, 100, 63
2026-06-30T16:08:24,128866, 143771, 100, 65
2026-06-30T16:08:25,128866, 143771, 100, 63
2026-06-30T16:08:26,128866, 143771, 100, 64
2026-06-30T16:08:27,128866, 143771, 100, 65
2026-06-30T16:08:28,128866, 143771, 100, 63
2026-06-30T16:08:29,128866, 143771, 100, 67
2026-06-30T16:08:30,128866, 143771, 100, 63
2026-06-30T16:08:31,128866, 143771, 87, 62
2026-06-30T16:08:32,128866, 143771, 100, 64
2026-06-30T16:08:33,128866, 143771, 89, 62
2026-06-30T16:08:34,128866, 143771, 100, 64
2026-06-30T16:08:35,128866, 143771, 89, 63
2026-06-30T16:08:37,128866, 143771, 100, 66
2026-06-30T16:08:38,128866, 143771, 92, 63
2026-06-30T16:08:39,128866, 143771, 100, 64
2026-06-30T16:08:40,128866, 143771, 86, 62
2026-06-30T16:08:41,128866, 143771, 100, 63
2026-06-30T16:08:42,128866, 143771, 88, 63
2026-06-30T16:08:43,128866, 143771, 100, 65
2026-06-30T16:08:44,128866, 143771, 86, 62
2026-06-30T16:08:45,128866, 143771, 100, 64
2026-06-30T16:08:46,128866, 143771, 88, 60
2026-06-30T16:08:47,128866, 143771, 100, 64
2026-06-30T16:08:48,128866, 143771, 100, 63
2026-06-30T16:08:49,128866, 143771, 100, 63
2026-06-30T16:08:50,128866, 143771, 100, 63
2026-06-30T16:08:51,128866, 143771, 100, 64
2026-06-30T16:08:52,128866, 143771, 100, 64
2026-06-30T16:08:53,128866, 143771, 100, 64
2026-06-30T16:08:54,128866, 143771, 100, 63
2026-06-30T16:08:55,128866, 143771, 100, 66
2026-06-30T16:08:56,128866, 143771, 100, 64
2026-06-30T16:08:57,128866, 143771, 100, 67
2026-06-30T16:08:58,128866, 143771, 100, 64
2026-06-30T16:08:59,128866, 143771, 94, 63
2026-06-30T16:09:00,128866, 143771, 100, 64
2026-06-30T16:09:01,128866, 143771, 88, 62
2026-06-30T16:09:02,128866, 143771, 100, 64
2026-06-30T16:09:03,128866, 143771, 68, 62
2026-06-30T16:09:04,128866, 143771, 100, 63
2026-06-30T16:09:05,128866, 143771, 87, 64
2026-06-30T16:09:06,128866, 143771, 100, 65
2026-06-30T16:09:07,128866, 143771, 90, 62
2026-06-30T16:09:08,128866, 143771, 100, 64
2026-06-30T16:09:10,128866, 143771, 90, 62
2026-06-30T16:09:11,128866, 143771, 100, 64
2026-06-30T16:09:12,128866, 143771, 87, 62
2026-06-30T16:09:13,128866, 143771, 100, 64
2026-06-30T16:09:14,128866, 143771, 90, 62
2026-06-30T16:09:15,128866, 143771, 100, 64
2026-06-30T16:09:16,128866, 143771, 97, 65
2026-06-30T16:09:17,128866, 143771, 100, 64
2026-06-30T16:09:18,128866, 143771, 100, 64
2026-06-30T16:09:19,128866, 143771, 100, 64
2026-06-30T16:09:20,128866, 143771, 100, 65
2026-06-30T16:09:21,128866, 143771, 100, 66
2026-06-30T16:09:22,128866, 143771, 100, 64
2026-06-30T16:09:23,128866, 143771, 100, 67
2026-06-30T16:09:24,128866, 143771, 100, 65
2026-06-30T16:09:25,128866, 143771, 87, 62
2026-06-30T16:09:26,128866, 143771, 100, 64
2026-06-30T16:09:27,128866, 143771, 90, 62
2026-06-30T16:09:28,128866, 143771, 100, 65
2026-06-30T16:09:29,128866, 143771, 71, 62
2026-06-30T16:09:30,128866, 143771, 100, 63
2026-06-30T16:09:31,128866, 143771, 87, 63
2026-06-30T16:09:32,128866, 143771, 100, 63
2026-06-30T16:09:33,128866, 143771, 90, 64
2026-06-30T16:09:34,128866, 143771, 100, 65
2026-06-30T16:09:35,128866, 143771, 88, 63
2026-06-30T16:09:36,128866, 143771, 100, 65
2026-06-30T16:09:37,128866, 143771, 90, 62
2026-06-30T16:09:38,128866, 143771, 100, 63
2026-06-30T16:09:39,128866, 143771, 86, 59
2026-06-30T16:09:40,128866, 143771, 100, 65
2026-06-30T16:09:41,128866, 143771, 100, 62
2026-06-30T16:09:43,128866, 143771, 100, 64
2026-06-30T16:09:44,128866, 143771, 100, 65
2026-06-30T16:09:45,128866, 143771, 100, 64
2026-06-30T16:09:46,128866, 143771, 100, 63
2026-06-30T16:09:47,128866, 143771, 100, 64
2026-06-30T16:09:48,128866, 143771, 100, 64
2026-06-30T16:09:49,128866, 143771, 100, 65
2026-06-30T16:09:50,128866, 143771, 100, 64
2026-06-30T16:09:51,128866, 143771, 89, 65
2026-06-30T16:09:52,128866, 143771, 100, 66
2026-06-30T16:09:53,128866, 143771, 89, 64
2026-06-30T16:09:54,128866, 143771, 100, 65
2026-06-30T16:09:55,128866, 143771, 56, 61
2026-06-30T16:09:56,128866, 143771, 100, 65
2026-06-30T16:09:57,128866, 143771, 81, 61
2026-06-30T16:09:58,128866, 143771, 100, 65
2026-06-30T16:09:59,128866, 143771, 82, 64
2026-06-30T16:10:00,128866, 143771, 100, 65
2026-06-30T16:10:01,128866, 143771, 89, 62
2026-06-30T16:10:02,128866, 143771, 100, 63
2026-06-30T16:10:03,128866, 143771, 89, 64
2026-06-30T16:10:04,128866, 143771, 100, 66
2026-06-30T16:10:05,128866, 143771, 87, 64
2026-06-30T16:10:06,128866, 143771, 100, 66
2026-06-30T16:10:07,128866, 143771, 97, 63
2026-06-30T16:10:08,128866, 143771, 100, 65
2026-06-30T16:10:09,128866, 143771, 100, 63
2026-06-30T16:10:10,128866, 143771, 100, 64
2026-06-30T16:10:11,128866, 143771, 100, 65
2026-06-30T16:10:12,128866, 143771, 100, 64
2026-06-30T16:10:13,128866, 143771, 100, 65
2026-06-30T16:10:14,128866, 143771, 100, 64
2026-06-30T16:10:16,128866, 143771, 100, 64
2026-06-30T16:10:17,128866, 143771, 100, 65
2026-06-30T16:10:18,128866, 143771, 100, 63
2026-06-30T16:10:19,128866, 143771, 95, 63
2026-06-30T16:10:20,128866, 143771, 100, 64
2026-06-30T16:10:21,128866, 143771, 88, 68
2026-06-30T16:10:22,128866, 143771, 100, 63
2026-06-30T16:10:23,128866, 143771, 92, 63
2026-06-30T16:10:24,128866, 143771, 100, 64
2026-06-30T16:10:25,128866, 143771, 77, 62
2026-06-30T16:10:26,128866, 143771, 100, 65
2026-06-30T16:10:27,128866, 143771, 67, 63
2026-06-30T16:10:28,128866, 143771, 100, 64
2026-06-30T16:10:29,128866, 143771, 62, 64
2026-06-30T16:10:30,128866, 143771, 100, 63
2026-06-30T16:10:31,128866, 143771, 89, 63
2026-06-30T16:10:32,128866, 143771, 100, 65
2026-06-30T16:10:33,128866, 143771, 87, 63
2026-06-30T16:10:34,128866, 143771, 100, 65
2026-06-30T16:10:35,128866, 143771, 90, 63
2026-06-30T16:10:36,128866, 143771, 100, 65
2026-06-30T16:10:37,128866, 143771, 88, 64
2026-06-30T16:10:38,128866, 143771, 100, 64
2026-06-30T16:10:39,128866, 143771, 93, 65
2026-06-30T16:10:40,128866, 143771, 100, 63
2026-06-30T16:10:41,128866, 143771, 100, 64
2026-06-30T16:10:42,128866, 143771, 100, 63
2026-06-30T16:10:43,128866, 143771, 100, 66
2026-06-30T16:10:44,128866, 143771, 100, 65
2026-06-30T16:10:45,128866, 143771, 100, 65
2026-06-30T16:10:46,128866, 143771, 100, 65
2026-06-30T16:10:47,128866, 143771, 100, 65
2026-06-30T16:10:48,128866, 143771, 89, 68
2026-06-30T16:10:50,128866, 143771, 100, 63
2026-06-30T16:10:51,128866, 143771, 89, 64
2026-06-30T16:10:52,128866, 143771, 100, 66
2026-06-30T16:10:53,128866, 143771, 89, 63
2026-06-30T16:10:54,128866, 143771, 100, 64
2026-06-30T16:10:55,128866, 143771, 78, 63
2026-06-30T16:10:56,128866, 143771, 100, 64
2026-06-30T16:10:57,128866, 143771, 70, 62
2026-06-30T16:10:58,128866, 143771, 100, 65
2026-06-30T16:10:59,128866, 143771, 88, 63
2026-06-30T16:11:00,128866, 143771, 100, 66
2026-06-30T16:11:01,128866, 143771, 90, 64
2026-06-30T16:11:02,128866, 143771, 100, 63
2026-06-30T16:11:03,128866, 143771, 88, 64
2026-06-30T16:11:04,128866, 143771, 100, 65
2026-06-30T16:11:05,128866, 143771, 93, 63
2026-06-30T16:11:06,128866, 143771, 100, 64
2026-06-30T16:11:07,128866, 143771, 92, 63
2026-06-30T16:11:08,128866, 143771, 100, 64
2026-06-30T16:11:09,128866, 143771, 100, 66
2026-06-30T16:11:10,128866, 143771, 100, 64
2026-06-30T16:11:11,128866, 143771, 100, 65
2026-06-30T16:11:12,128866, 143771, 100, 63
2026-06-30T16:11:13,128866, 143771, 100, 66
2026-06-30T16:11:14,128866, 143771, 100, 66
2026-06-30T16:11:15,128866, 143771, 100, 65
2026-06-30T16:11:16,128866, 143771, 97, 65
2026-06-30T16:11:17,128866, 143771, 100, 66
2026-06-30T16:11:18,128866, 143771, 87, 62
2026-06-30T16:11:19,128866, 143771, 100, 63
2026-06-30T16:11:20,128866, 143771, 90, 63
2026-06-30T16:11:21,128866, 143771, 100, 64
2026-06-30T16:11:22,128866, 143771, 63, 63
2026-06-30T16:11:24,128866, 143771, 100, 64
2026-06-30T16:11:25,128866, 143771, 89, 60
2026-06-30T16:11:26,128866, 143771, 100, 64
2026-06-30T16:11:27,128866, 143771, 88, 64
2026-06-30T16:11:28,128866, 143771, 100, 65
2026-06-30T16:11:29,128866, 143771, 89, 63
2026-06-30T16:11:30,128866, 143771, 100, 64
2026-06-30T16:11:31,128866, 143771, 88, 62
2026-06-30T16:11:32,128866, 143771, 100, 64
2026-06-30T16:11:33,128866, 143771, 94, 62
2026-06-30T16:11:34,128866, 143771, 100, 65
2026-06-30T16:11:35,128866, 143771, 97, 63
2026-06-30T16:11:36,128866, 143771, 100, 65
2026-06-30T16:11:37,128866, 143771, 100, 64
2026-06-30T16:11:38,128866, 143771, 100, 62
2026-06-30T16:11:39,128866, 143771, 100, 64
2026-06-30T16:11:40,128866, 143771, 100, 65
2026-06-30T16:11:41,128866, 143771, 100, 64
2026-06-30T16:11:42,128866, 143771, 100, 66
2026-06-30T16:11:43,128866, 143771, 100, 64
2026-06-30T16:11:44,128866, 143771, 97, 62
2026-06-30T16:11:45,128866, 143771, 100, 64
2026-06-30T16:11:46,128866, 143771, 89, 62
2026-06-30T16:11:47,128866, 143771, 100, 65
2026-06-30T16:11:48,128866, 143771, 88, 63
2026-06-30T16:11:49,128866, 143771, 100, 64
2026-06-30T16:11:50,128866, 143771, 75, 60
2026-06-30T16:11:51,128866, 143771, 100, 65
2026-06-30T16:11:52,128866, 143771, 89, 64
2026-06-30T16:11:53,128866, 143771, 100, 65
2026-06-30T16:11:54,128866, 143771, 88, 63
2026-06-30T16:11:55,128866, 143771, 100, 65
2026-06-30T16:11:56,128866, 143771, 89, 63
2026-06-30T16:11:58,128866, 143771, 100, 63
2026-06-30T16:11:59,128866, 143771, 88, 63
2026-06-30T16:12:00,128866, 143771, 100, 64
2026-06-30T16:12:01,128866, 143771, 89, 62
2026-06-30T16:12:02,128866, 143771, 100, 65
2026-06-30T16:12:03,128866, 143771, 100, 61
2026-06-30T16:12:04,128866, 143771, 100, 64
2026-06-30T16:12:05,128866, 143771, 100, 66
2026-06-30T16:12:06,128866, 143771, 100, 62
2026-06-30T16:12:07,128866, 143771, 100, 64
2026-06-30T16:12:08,128866, 143771, 100, 66
2026-06-30T16:12:09,128866, 143771, 100, 65
2026-06-30T16:12:10,128866, 143771, 94, 62
2026-06-30T16:12:11,128866, 143771, 100, 62
2026-06-30T16:12:12,128866, 143771, 91, 69
2026-06-30T16:12:13,128866, 143771, 100, 64
2026-06-30T16:12:14,128866, 143771, 91, 62
2026-06-30T16:12:15,128866, 143771, 100, 65
2026-06-30T16:12:16,128866, 143771, 82, 63
2026-06-30T16:12:17,128866, 143771, 100, 64
2026-06-30T16:12:18,128866, 143771, 81, 63
2026-06-30T16:12:19,128866, 143771, 100, 64
2026-06-30T16:12:20,128866, 143771, 88, 63
2026-06-30T16:12:21,128866, 143771, 100, 64
2026-06-30T16:12:22,128866, 143771, 88, 62
2026-06-30T16:12:23,128866, 143771, 100, 63
2026-06-30T16:12:24,128866, 143771, 87, 64
2026-06-30T16:12:25,128866, 143771, 100, 63
2026-06-30T16:12:26,128866, 143771, 91, 64
2026-06-30T16:12:27,128866, 143771, 100, 65
2026-06-30T16:12:28,128866, 143771, 88, 63
2026-06-30T16:12:29,128866, 143771, 100, 64
2026-06-30T16:12:30,128866, 143771, 100, 61
2026-06-30T16:12:32,128866, 143771, 100, 64
2026-06-30T16:12:33,128866, 143771, 100, 64
2026-06-30T16:12:34,128866, 143771, 100, 64
2026-06-30T16:12:35,128866, 143771, 100, 63
2026-06-30T16:12:36,128866, 143771, 100, 65
2026-06-30T16:12:37,128866, 143771, 100, 64
2026-06-30T16:12:38,128866, 143771, 100, 65
2026-06-30T16:12:39,128866, 143771, 100, 65
2026-06-30T16:12:40,128866, 143771, 95, 61
2026-06-30T16:12:41,128866, 143771, 100, 63
2026-06-30T16:12:42,128866, 143771, 87, 67
2026-06-30T16:12:43,128866, 143771, 100, 63
2026-06-30T16:12:44,128866, 143771, 87, 64
2026-06-30T16:12:45,128866, 143771, 100, 64
2026-06-30T16:12:46,128866, 143771, 68, 63
2026-06-30T16:12:47,128866, 143771, 100, 64
2026-06-30T16:12:48,128866, 143771, 73, 64
2026-06-30T16:12:49,128866, 143771, 100, 65
2026-06-30T16:12:50,128866, 143771, 87, 62
2026-06-30T16:12:51,128866, 143771, 100, 65
2026-06-30T16:12:52,128866, 143771, 91, 62
2026-06-30T16:12:53,128866, 143771, 100, 64
2026-06-30T16:12:54,128866, 143771, 86, 62
2026-06-30T16:12:55,128866, 143771, 100, 64
2026-06-30T16:12:56,128866, 143771, 88, 64
2026-06-30T16:12:57,128866, 143771, 100, 64
2026-06-30T16:12:58,128866, 143771, 87, 60
2026-06-30T16:12:59,128866, 143771, 100, 64
2026-06-30T16:13:00,128866, 143771, 100, 63
2026-06-30T16:13:01,128866, 143771, 100, 65
2026-06-30T16:13:02,128866, 143771, 100, 65
2026-06-30T16:13:03,128866, 143771, 100, 64
2026-06-30T16:13:04,128866, 143771, 100, 65
2026-06-30T16:13:06,128866, 143771, 100, 67
2026-06-30T16:13:07,128866, 143771, 100, 64
2026-06-30T16:13:08,128866, 143771, 90, 67
2026-06-30T16:13:09,128866, 143771, 100, 65
2026-06-30T16:13:10,128866, 143771, 88, 63
2026-06-30T16:13:11,128866, 143771, 100, 65
2026-06-30T16:13:12,128866, 143771, 91, 63
2026-06-30T16:13:13,128866, 143771, 100, 63
2026-06-30T16:13:14,128866, 143771, 78, 63
2026-06-30T16:13:15,128866, 143771, 100, 65
2026-06-30T16:13:16,128866, 143771, 76, 63
2026-06-30T16:13:17,128866, 143771, 100, 65
2026-06-30T16:13:18,128866, 143771, 86, 64
2026-06-30T16:13:19,128866, 143771, 100, 64
2026-06-30T16:13:20,128866, 143771, 90, 64
2026-06-30T16:13:21,128866, 143771, 100, 65
2026-06-30T16:13:22,128866, 143771, 88, 64
2026-06-30T16:13:23,128866, 143771, 100, 64
2026-06-30T16:13:24,128866, 143771, 90, 63
2026-06-30T16:13:25,128866, 143771, 100, 64
2026-06-30T16:13:26,128866, 143771, 88, 60
2026-06-30T16:13:27,128866, 143771, 100, 64
2026-06-30T16:13:28,128866, 143771, 100, 61
2026-06-30T16:13:29,128866, 143771, 100, 64
2026-06-30T16:13:30,128866, 143771, 100, 63
2026-06-30T16:13:31,128866, 143771, 100, 64
2026-06-30T16:13:32,128866, 143771, 100, 65
2026-06-30T16:13:33,128866, 143771, 100, 64
2026-06-30T16:13:34,128866, 143771, 100, 65
2026-06-30T16:13:35,128866, 143771, 100, 66
2026-06-30T16:13:36,128866, 143771, 100, 63
2026-06-30T16:13:37,128866, 143771, 100, 68
2026-06-30T16:13:39,128866, 143771, 100, 65
2026-06-30T16:13:40,128866, 143771, 96, 61
2026-06-30T16:13:41,128866, 143771, 100, 63
2026-06-30T16:13:42,128866, 143771, 90, 64
2026-06-30T16:13:43,128866, 143771, 100, 64
2026-06-30T16:13:44,128866, 143771, 76, 63
2026-06-30T16:13:45,128866, 143771, 100, 64
2026-06-30T16:13:46,128866, 143771, 81, 61
2026-06-30T16:13:47,128866, 143771, 100, 65
2026-06-30T16:13:48,128866, 143771, 89, 64
2026-06-30T16:13:49,128866, 143771, 100, 64
2026-06-30T16:13:50,128866, 143771, 90, 63
2026-06-30T16:13:51,128866, 143771, 100, 65
2026-06-30T16:13:52,128866, 143771, 90, 64
2026-06-30T16:13:53,128866, 143771, 100, 64
2026-06-30T16:13:54,128866, 143771, 86, 62
2026-06-30T16:13:55,128866, 143771, 100, 65
2026-06-30T16:13:56,128866, 143771, 91, 62
2026-06-30T16:13:57,128866, 143771, 100, 64
2026-06-30T16:13:58,128866, 143771, 100, 60
2026-06-30T16:13:59,128866, 143771, 100, 64
2026-06-30T16:14:00,128866, 143771, 100, 63
2026-06-30T16:14:01,128866, 143771, 100, 64
2026-06-30T16:14:02,128866, 143771, 100, 65
2026-06-30T16:14:03,128866, 143771, 100, 65
2026-06-30T16:14:04,128866, 143771, 100, 65
2026-06-30T16:14:05,128866, 143771, 100, 66
2026-06-30T16:14:06,128866, 143771, 100, 64
2026-06-30T16:14:07,128866, 143771, 97, 66
2026-06-30T16:14:08,128866, 143771, 100, 65
2026-06-30T16:14:09,128866, 143771, 95, 64
2026-06-30T16:14:10,128866, 143771, 100, 63
2026-06-30T16:14:11,128866, 143771, 87, 62
2026-06-30T16:14:12,128866, 143771, 100, 63
2026-06-30T16:14:14,128866, 143771, 59, 62
2026-06-30T16:14:15,128866, 143771, 100, 63
2026-06-30T16:14:16,128866, 143771, 85, 63
2026-06-30T16:14:17,128866, 143771, 100, 63
2026-06-30T16:14:18,128866, 143771, 90, 63
2026-06-30T16:14:19,128866, 143771, 100, 65
2026-06-30T16:14:20,128866, 143771, 89, 62
2026-06-30T16:14:21,128866, 143771, 100, 65
2026-06-30T16:14:22,128866, 143771, 89, 62
2026-06-30T16:14:23,128866, 143771, 100, 63
2026-06-30T16:14:24,128866, 143771, 87, 63
2026-06-30T16:14:25,128866, 143771, 100, 64
2026-06-30T16:14:26,128866, 143771, 100, 63
2026-06-30T16:14:27,128866, 143771, 100, 63
2026-06-30T16:14:28,128866, 143771, 100, 65
2026-06-30T16:14:29,128866, 143771, 100, 62
2026-06-30T16:14:30,128866, 143771, 100, 64
2026-06-30T16:14:31,128866, 143771, 100, 63
2026-06-30T16:14:32,128866, 143771, 100, 65
2026-06-30T16:14:33,128866, 143771, 100, 68
2026-06-30T16:14:34,128866, 143771, 100, 63
2026-06-30T16:14:35,128866, 143771, 92, 66
2026-06-30T16:14:36,128866, 143771, 100, 64
2026-06-30T16:14:37,128866, 143771, 90, 63
2026-06-30T16:14:38,128866, 143771, 100, 65
2026-06-30T16:14:39,128866, 143771, 86, 62
2026-06-30T16:14:40,128866, 143771, 100, 63
2026-06-30T16:14:41,128866, 143771, 89, 60
2026-06-30T16:14:42,128866, 143771, 100, 64
2026-06-30T16:14:43,128866, 143771, 89, 62
2026-06-30T16:14:44,128866, 143771, 100, 63
2026-06-30T16:14:45,128866, 143771, 90, 64
2026-06-30T16:14:47,128866, 143771, 100, 64
2026-06-30T16:14:48,128866, 143771, 90, 64
2026-06-30T16:14:49,128866, 143771, 100, 66
2026-06-30T16:14:50,128866, 143771, 89, 63
2026-06-30T16:14:51,128866, 143771, 100, 63
2026-06-30T16:14:52,128866, 143771, 100, 60
2026-06-30T16:14:53,128866, 143771, 100, 66
2026-06-30T16:14:54,128866, 143771, 100, 65
2026-06-30T16:14:55,128866, 143771, 100, 64
2026-06-30T16:14:56,128866, 143771, 100, 66
2026-06-30T16:14:57,128866, 143771, 100, 66
2026-06-30T16:14:58,128866, 143771, 100, 65
2026-06-30T16:14:59,128866, 143771, 94, 63
2026-06-30T16:15:00,128866, 143771, 100, 63
2026-06-30T16:15:01,128866, 143771, 90, 68
2026-06-30T16:15:02,128866, 143771, 100, 64
2026-06-30T16:15:03,128866, 143771, 78, 63
2026-06-30T16:15:04,128866, 143771, 100, 64
2026-06-30T16:15:05,128866, 143771, 69, 62
2026-06-30T16:15:06,128866, 143771, 100, 64
2026-06-30T16:15:07,128866, 143771, 65, 63
2026-06-30T16:15:08,128866, 143771, 100, 64
2026-06-30T16:15:09,128866, 143771, 86, 63
2026-06-30T16:15:10,128866, 143771, 100, 65
2026-06-30T16:15:11,128866, 143771, 90, 63
2026-06-30T16:15:12,128866, 143771, 100, 64
2026-06-30T16:15:13,128866, 143771, 87, 63
2026-06-30T16:15:14,128866, 143771, 100, 64
2026-06-30T16:15:15,128866, 143771, 89, 64
2026-06-30T16:15:16,128866, 143771, 100, 64
2026-06-30T16:15:17,128866, 143771, 88, 60
2026-06-30T16:15:18,128866, 143771, 100, 65
2026-06-30T16:15:19,128866, 143771, 100, 63
2026-06-30T16:15:21,128866, 143771, 100, 64
2026-06-30T16:15:22,128866, 143771, 100, 65
2026-06-30T16:15:23,128866, 143771, 100, 62
2026-06-30T16:15:24,128866, 143771, 100, 64
2026-06-30T16:15:25,128866, 143771, 100, 62
2026-06-30T16:15:26,128866, 143771, 100, 64
2026-06-30T16:15:27,128866, 143771, 100, 64
2026-06-30T16:15:28,128866, 143771, 100, 64
2026-06-30T16:15:29,128866, 143771, 92, 67
2026-06-30T16:15:30,128866, 143771, 100, 65
2026-06-30T16:15:31,128866, 143771, 89, 62
2026-06-30T16:15:32,128866, 143771, 100, 65
2026-06-30T16:15:33,128866, 143771, 62, 63
2026-06-30T16:15:34,128866, 143771, 100, 65
2026-06-30T16:15:35,128866, 143771, 67, 62
2026-06-30T16:15:36,128866, 143771, 100, 63
2026-06-30T16:15:37,128866, 143771, 88, 64
2026-06-30T16:15:38,128866, 143771, 100, 63
2026-06-30T16:15:39,128866, 143771, 88, 62
2026-06-30T16:15:40,128866, 143771, 100, 65
2026-06-30T16:15:41,128866, 143771, 89, 64
2026-06-30T16:15:42,128866, 143771, 100, 63
2026-06-30T16:15:43,128866, 143771, 88, 62
2026-06-30T16:15:44,128866, 143771, 100, 65
2026-06-30T16:15:45,128866, 143771, 88, 62
2026-06-30T16:15:46,128866, 143771, 100, 64
2026-06-30T16:15:47,128866, 143771, 94, 63
2026-06-30T16:15:48,128866, 143771, 100, 64
2026-06-30T16:15:49,128866, 143771, 100, 64
2026-06-30T16:15:50,128866, 143771, 100, 63
2026-06-30T16:15:51,128866, 143771, 100, 63
2026-06-30T16:15:52,128866, 143771, 100, 63
2026-06-30T16:15:53,128866, 143771, 100, 65
2026-06-30T16:15:55,128866, 143771, 100, 65
2026-06-30T16:15:56,128866, 143771, 100, 65
2026-06-30T16:15:57,128866, 143771, 95, 63
2026-06-30T16:15:58,128866, 143771, 100, 64
2026-06-30T16:15:59,128866, 143771, 90, 68
2026-06-30T16:16:00,128866, 143771, 100, 63
2026-06-30T16:16:01,128866, 143771, 90, 63
2026-06-30T16:16:02,128866, 143771, 100, 65
2026-06-30T16:16:03,128866, 143771, 79, 63
2026-06-30T16:16:04,128866, 143771, 100, 65
2026-06-30T16:16:05,128866, 143771, 67, 63
2026-06-30T16:16:06,128866, 143771, 100, 63
2026-06-30T16:16:07,128866, 143771, 87, 63
2026-06-30T16:16:08,128866, 143771, 100, 63
2026-06-30T16:16:09,128866, 143771, 87, 62
2026-06-30T16:16:10,128866, 143771, 100, 64
2026-06-30T16:16:11,128866, 143771, 91, 62
2026-06-30T16:16:12,128866, 143771, 100, 64
2026-06-30T16:16:13,128866, 143771, 88, 63
2026-06-30T16:16:14,128866, 143771, 100, 65
2026-06-30T16:16:15,128866, 143771, 91, 63
2026-06-30T16:16:16,128866, 143771, 100, 63
2026-06-30T16:16:17,128866, 143771, 100, 63
2026-06-30T16:16:18,128866, 143771, 100, 63
2026-06-30T16:16:19,128866, 143771, 100, 64
2026-06-30T16:16:20,128866, 143771, 100, 61
2026-06-30T16:16:21,128866, 143771, 100, 64
2026-06-30T16:16:22,128866, 143771, 100, 65
2026-06-30T16:16:23,128866, 143771, 100, 64
2026-06-30T16:16:24,128866, 143771, 92, 66
2026-06-30T16:16:25,128866, 143771, 100, 64
2026-06-30T16:16:26,128866, 143771, 89, 67
2026-06-30T16:16:27,128866, 143771, 100, 64
2026-06-30T16:16:29,128866, 143771, 89, 62
2026-06-30T16:16:30,128866, 143771, 100, 63
2026-06-30T16:16:31,128866, 143771, 78, 63
2026-06-30T16:16:32,128866, 143771, 100, 64
2026-06-30T16:16:33,128866, 143771, 89, 59
2026-06-30T16:16:34,128866, 143771, 100, 64
2026-06-30T16:16:35,128866, 143771, 88, 62
2026-06-30T16:16:36,128866, 143771, 100, 64
2026-06-30T16:16:37,128866, 143771, 87, 63
2026-06-30T16:16:38,128866, 143771, 100, 65
2026-06-30T16:16:39,128866, 143771, 90, 63
2026-06-30T16:16:40,128866, 143771, 100, 64
2026-06-30T16:16:41,128866, 143771, 94, 62
2026-06-30T16:16:42,128866, 143771, 100, 65
2026-06-30T16:16:43,128866, 143771, 96, 62
2026-06-30T16:16:44,128866, 143771, 100, 64
2026-06-30T16:16:45,128866, 143771, 100, 65
2026-06-30T16:16:46,128866, 143771, 100, 62
2026-06-30T16:16:47,128866, 143771, 100, 64
2026-06-30T16:16:48,128866, 143771, 100, 64
2026-06-30T16:16:49,128866, 143771, 100, 64
2026-06-30T16:16:50,128866, 143771, 100, 66
2026-06-30T16:16:51,128866, 143771, 100, 65
2026-06-30T16:16:52,128866, 143771, 97, 62
2026-06-30T16:16:53,128866, 143771, 100, 64
2026-06-30T16:16:54,128866, 143771, 88, 63
2026-06-30T16:16:55,128866, 143771, 100, 66
2026-06-30T16:16:56,128866, 143771, 82, 63
2026-06-30T16:16:57,128866, 143771, 100, 65
2026-06-30T16:16:58,128866, 143771, 75, 63
2026-06-30T16:16:59,128866, 143771, 100, 63
2026-06-30T16:17:00,128866, 143771, 85, 63
2026-06-30T16:17:01,128866, 143771, 100, 64
2026-06-30T16:17:03,128866, 143771, 89, 64
2026-06-30T16:17:04,128866, 143771, 100, 64
2026-06-30T16:17:05,128866, 143771, 89, 63
2026-06-30T16:17:06,128866, 143771, 100, 64
2026-06-30T16:17:07,128866, 143771, 90, 63
2026-06-30T16:17:08,128866, 143771, 100, 65
2026-06-30T16:17:09,128866, 143771, 87, 60
2026-06-30T16:17:10,128866, 143771, 100, 64
2026-06-30T16:17:11,128866, 143771, 100, 61
2026-06-30T16:17:12,128866, 143771, 100, 63
2026-06-30T16:17:13,128866, 143771, 100, 64
2026-06-30T16:17:14,128866, 143771, 100, 64
2026-06-30T16:17:15,128866, 143771, 100, 63
2026-06-30T16:17:16,128866, 143771, 100, 65
2026-06-30T16:17:17,128866, 143771, 100, 64
2026-06-30T16:17:18,128866, 143771, 94, 63
2026-06-30T16:17:19,128866, 143771, 100, 63
2026-06-30T16:17:20,128866, 143771, 92, 67
2026-06-30T16:17:21,128866, 143771, 100, 64
2026-06-30T16:17:22,128866, 143771, 92, 62
2026-06-30T16:17:23,128866, 143771, 100, 64
2026-06-30T16:17:24,128866, 143771, 74, 63
2026-06-30T16:17:25,128866, 143771, 100, 62
2026-06-30T16:17:26,128866, 143771, 72, 64
2026-06-30T16:17:27,128866, 143771, 100, 64
2026-06-30T16:17:28,128866, 143771, 87, 62
2026-06-30T16:17:29,128866, 143771, 100, 66
2026-06-30T16:17:30,128866, 143771, 87, 63
2026-06-30T16:17:31,128866, 143771, 100, 66
2026-06-30T16:17:32,128866, 143771, 88, 64
2026-06-30T16:17:33,128866, 143771, 100, 65
2026-06-30T16:17:34,128866, 143771, 90, 63
2026-06-30T16:17:36,128866, 143771, 100, 63
2026-06-30T16:17:37,128866, 143771, 92, 63
2026-06-30T16:17:38,128866, 143771, 100, 63
2026-06-30T16:17:39,128866, 143771, 100, 63
2026-06-30T16:17:40,128866, 143771, 100, 65
2026-06-30T16:17:41,128866, 143771, 100, 65
2026-06-30T16:17:42,128866, 143771, 100, 65
2026-06-30T16:17:43,128866, 143771, 100, 63
2026-06-30T16:17:44,128866, 143771, 100, 65
2026-06-30T16:17:45,128866, 143771, 100, 63
2026-06-30T16:17:46,128866, 143771, 93, 63
2026-06-30T16:17:47,128866, 143771, 100, 65
2026-06-30T16:17:48,128866, 143771, 91, 63
2026-06-30T16:17:49,128866, 143771, 100, 64
2026-06-30T16:17:50,128866, 143771, 71, 62
2026-06-30T16:17:51,128866, 143771, 100, 65
2026-06-30T16:17:52,128866, 143771, 64, 62
2026-06-30T16:17:53,128866, 143771, 100, 65
2026-06-30T16:17:54,128866, 143771, 91, 63
2026-06-30T16:17:55,128866, 143771, 100, 65
2026-06-30T16:17:56,128866, 143771, 90, 63
2026-06-30T16:17:57,128866, 143771, 100, 63
2026-06-30T16:17:58,128866, 143771, 90, 62
2026-06-30T16:17:59,128866, 143771, 100, 64
2026-06-30T16:18:00,128866, 143771, 86, 62
2026-06-30T16:18:01,128866, 143771, 100, 65
2026-06-30T16:18:02,128866, 143771, 92, 62
2026-06-30T16:18:03,128866, 143771, 100, 65
2026-06-30T16:18:04,128866, 143771, 100, 65
2026-06-30T16:18:05,128866, 143771, 100, 64
2026-06-30T16:18:06,128866, 143771, 100, 63
2026-06-30T16:18:07,128866, 143771, 100, 65
2026-06-30T16:18:09,128866, 143771, 100, 63
2026-06-30T16:18:10,128866, 143771, 97, 66
2026-06-30T16:18:11,128866, 143771, 100, 64
2026-06-30T16:18:12,128866, 143771, 96, 63
2026-06-30T16:18:13,128866, 143771, 100, 63
2026-06-30T16:18:14,128866, 143771, 91, 62
2026-06-30T16:18:15,128866, 143771, 100, 65
2026-06-30T16:18:16,128866, 143771, 74, 61
2026-06-30T16:18:17,128866, 143771, 100, 64
2026-06-30T16:18:18,128866, 143771, 87, 63
2026-06-30T16:18:19,128866, 143771, 100, 65
2026-06-30T16:18:20,128866, 143771, 90, 63
2026-06-30T16:18:21,128866, 143771, 100, 63
2026-06-30T16:18:22,128866, 143771, 90, 63
2026-06-30T16:18:23,128866, 143771, 100, 64
2026-06-30T16:18:24,128866, 143771, 89, 64
2026-06-30T16:18:25,128866, 143771, 100, 64
2026-06-30T16:18:26,128866, 143771, 88, 63
2026-06-30T16:18:27,128866, 143771, 100, 65
2026-06-30T16:18:28,128866, 143771, 100, 63
2026-06-30T16:18:29,128866, 143771, 100, 64
2026-06-30T16:18:30,128866, 143771, 100, 62
2026-06-30T16:18:31,128866, 143771, 100, 61
2026-06-30T16:18:32,128866, 143771, 100, 64
2026-06-30T16:18:33,128866, 143771, 100, 65
2026-06-30T16:18:34,128866, 143771, 100, 63
2026-06-30T16:18:35,128866, 143771, 100, 67
2026-06-30T16:18:36,128866, 143771, 100, 63
2026-06-30T16:18:37,128866, 143771, 92, 62
2026-06-30T16:18:38,128866, 143771, 100, 64
2026-06-30T16:18:39,128866, 143771, 90, 62
2026-06-30T16:18:40,128866, 143771, 100, 63
2026-06-30T16:18:42,128866, 143771, 86, 62
2026-06-30T16:18:43,128866, 143771, 100, 64
2026-06-30T16:18:44,128866, 143771, 85, 62
2026-06-30T16:18:45,128866, 143771, 100, 63
2026-06-30T16:18:46,128866, 143771, 90, 64
2026-06-30T16:18:47,128866, 143771, 100, 65
2026-06-30T16:18:48,128866, 143771, 89, 63
2026-06-30T16:18:49,128866, 143771, 100, 64
2026-06-30T16:18:50,128866, 143771, 91, 63
2026-06-30T16:18:51,128866, 143771, 100, 65
2026-06-30T16:18:52,128866, 143771, 90, 63
2026-06-30T16:18:53,128866, 143771, 100, 65
2026-06-30T16:18:54,128866, 143771, 90, 62
2026-06-30T16:18:55,128866, 143771, 100, 65
2026-06-30T16:18:56,128866, 143771, 99, 60
2026-06-30T16:18:57,128866, 143771, 100, 65
2026-06-30T16:18:58,128866, 143771, 100, 65
2026-06-30T16:18:59,128866, 143771, 100, 64
2026-06-30T16:19:00,128866, 143771, 100, 65
2026-06-30T16:19:01,128866, 143771, 100, 66
2026-06-30T16:19:02,128866, 143771, 100, 65
2026-06-30T16:19:03,128866, 143771, 99, 67
2026-06-30T16:19:04,128866, 143771, 100, 65
2026-06-30T16:19:05,128866, 143771, 89, 64
2026-06-30T16:19:06,128866, 143771, 100, 63
2026-06-30T16:19:07,128866, 143771, 91, 62
2026-06-30T16:19:08,128866, 143771, 100, 65
2026-06-30T16:19:09,128866, 143771, 75, 64
2026-06-30T16:19:10,128866, 143771, 100, 65
2026-06-30T16:19:11,128866, 143771, 73, 62
2026-06-30T16:19:12,128866, 143771, 100, 63
2026-06-30T16:19:13,128866, 143771, 87, 64
2026-06-30T16:19:15,128866, 143771, 100, 64
2026-06-30T16:19:16,128866, 143771, 89, 64
2026-06-30T16:19:17,128866, 143771, 100, 64
2026-06-30T16:19:18,128866, 143771, 89, 64
2026-06-30T16:19:19,128866, 143771, 100, 66
2026-06-30T16:19:20,128866, 143771, 90, 64
2026-06-30T16:19:21,128866, 143771, 100, 63
2026-06-30T16:19:22,128866, 143771, 91, 63
2026-06-30T16:19:23,128866, 143771, 100, 64
2026-06-30T16:19:24,128866, 143771, 96, 61
2026-06-30T16:19:25,128866, 143771, 100, 64
2026-06-30T16:19:26,128866, 143771, 100, 61
2026-06-30T16:19:27,128866, 143771, 100, 65
2026-06-30T16:19:28,128866, 143771, 100, 65
2026-06-30T16:19:29,128866, 143771, 100, 63
2026-06-30T16:19:30,128866, 143771, 100, 65
2026-06-30T16:19:31,128866, 143771, 100, 66
2026-06-30T16:19:32,128866, 143771, 100, 65
2026-06-30T16:19:33,128866, 143771, 94, 63
2026-06-30T16:19:34,128866, 143771, 100, 64
2026-06-30T16:19:35,128866, 143771, 89, 67
2026-06-30T16:19:36,128866, 143771, 100, 63
2026-06-30T16:19:37,128866, 143771, 70, 62
2026-06-30T16:19:38,128866, 143771, 100, 66
2026-06-30T16:19:39,128866, 143771, 68, 63
2026-06-30T16:19:40,128866, 143771, 100, 65
2026-06-30T16:19:41,128866, 143771, 88, 63
2026-06-30T16:19:42,128866, 143771, 100, 63
2026-06-30T16:19:43,128866, 143771, 87, 62
2026-06-30T16:19:44,128866, 143771, 100, 65
2026-06-30T16:19:45,128866, 143771, 90, 64
2026-06-30T16:19:46,128866, 143771, 100, 64
2026-06-30T16:19:48,128866, 143771, 89, 62
2026-06-30T16:19:49,128866, 143771, 100, 64
2026-06-30T16:19:50,128866, 143771, 90, 62
2026-06-30T16:19:51,128866, 143771, 100, 65
2026-06-30T16:19:52,128866, 143771, 97, 63
2026-06-30T16:19:53,128866, 143771, 100, 65
2026-06-30T16:19:54,128866, 143771, 100, 65
2026-06-30T16:19:55,128866, 143771, 100, 63
2026-06-30T16:19:56,128866, 143771, 100, 66
2026-06-30T16:19:57,128866, 143771, 100, 65
2026-06-30T16:19:58,128866, 143771, 100, 64
2026-06-30T16:19:59,128866, 143771, 96, 66
2026-06-30T16:20:00,128866, 143771, 100, 65
2026-06-30T16:20:01,128866, 143771, 92, 62
2026-06-30T16:20:02,128866, 143771, 100, 65
2026-06-30T16:20:03,128866, 143771, 91, 63
2026-06-30T16:20:04,128866, 143771, 100, 66
2026-06-30T16:20:05,128866, 143771, 86, 64
2026-06-30T16:20:06,128866, 143771, 100, 65
2026-06-30T16:20:07,128866, 143771, 89, 60
2026-06-30T16:20:08,128866, 143771, 100, 63
2026-06-30T16:20:09,128866, 143771, 87, 63
2026-06-30T16:20:10,128866, 143771, 100, 62
2026-06-30T16:20:11,128866, 143771, 86, 64
2026-06-30T16:20:12,128866, 143771, 100, 63
2026-06-30T16:20:13,128866, 143771, 90, 64
2026-06-30T16:20:14,128866, 143771, 100, 65
2026-06-30T16:20:15,128866, 143771, 88, 62
2026-06-30T16:20:16,128866, 143771, 100, 65
2026-06-30T16:20:17,128866, 143771, 90, 62
2026-06-30T16:20:18,128866, 143771, 100, 65
2026-06-30T16:20:19,128866, 143771, 100, 65
2026-06-30T16:20:21,128866, 143771, 100, 64
2026-06-30T16:20:22,128866, 143771, 100, 64
2026-06-30T16:20:23,128866, 143771, 100, 64
2026-06-30T16:20:24,128866, 143771, 100, 64
2026-06-30T16:20:25,128866, 143771, 100, 65
2026-06-30T16:20:26,128866, 143771, 100, 62
2026-06-30T16:20:27,128866, 143771, 95, 64
2026-06-30T16:20:28,128866, 143771, 100, 64
2026-06-30T16:20:29,128866, 143771, 89, 64
2026-06-30T16:20:30,128866, 143771, 100, 65
2026-06-30T16:20:31,128866, 143771, 89, 63
2026-06-30T16:20:32,128866, 143771, 100, 63
2026-06-30T16:20:33,128866, 143771, 61, 62
2026-06-30T16:20:34,128866, 143771, 100, 64
2026-06-30T16:20:35,128866, 143771, 85, 61
2026-06-30T16:20:36,128866, 143771, 100, 64
2026-06-30T16:20:37,128866, 143771, 90, 63
2026-06-30T16:20:38,128866, 143771, 100, 63
2026-06-30T16:20:39,128866, 143771, 86, 62
2026-06-30T16:20:40,128866, 143771, 100, 64
2026-06-30T16:20:41,128866, 143771, 87, 63
2026-06-30T16:20:42,128866, 143771, 100, 63
2026-06-30T16:20:43,128866, 143771, 94, 63
2026-06-30T16:20:44,128866, 143771, 100, 65
2026-06-30T16:20:45,128866, 143771, 96, 62
2026-06-30T16:20:46,128866, 143771, 100, 64
2026-06-30T16:20:47,128866, 143771, 100, 63
2026-06-30T16:20:48,128866, 143771, 100, 64
2026-06-30T16:20:49,128866, 143771, 100, 65
2026-06-30T16:20:50,128866, 143771, 100, 64
2026-06-30T16:20:51,128866, 143771, 100, 64
2026-06-30T16:20:52,128866, 143771, 100, 64
2026-06-30T16:20:54,128866, 143771, 100, 64
2026-06-30T16:20:55,128866, 143771, 100, 65
2026-06-30T16:20:56,128866, 143771, 100, 64
2026-06-30T16:20:57,128866, 143771, 100, 67
2026-06-30T16:20:58,128866, 143771, 100, 64
2026-06-30T16:20:59,128866, 143771, 90, 63
2026-06-30T16:21:00,128866, 143771, 100, 64
2026-06-30T16:21:01,128866, 143771, 89, 62
2026-06-30T16:21:02,128866, 143771, 100, 64
2026-06-30T16:21:03,128866, 143771, 90, 60
2026-06-30T16:21:04,128866, 143771, 100, 63
2026-06-30T16:21:05,128866, 143771, 88, 59
2026-06-30T16:21:06,128866, 143771, 100, 64
2026-06-30T16:21:07,128866, 143771, 91, 62
2026-06-30T16:21:08,128866, 143771, 100, 66
2026-06-30T16:21:09,128866, 143771, 87, 64
2026-06-30T16:21:10,128866, 143771, 100, 64
2026-06-30T16:21:11,128866, 143771, 87, 62
2026-06-30T16:21:12,128866, 143771, 100, 64
2026-06-30T16:21:13,128866, 143771, 99, 61
2026-06-30T16:21:14,128866, 143771, 100, 66
2026-06-30T16:21:15,128866, 143771, 100, 63
2026-06-30T16:21:16,128866, 143771, 100, 64
2026-06-30T16:21:17,128866, 143771, 100, 66
2026-06-30T16:21:18,128866, 143771, 100, 64
2026-06-30T16:21:19,128866, 143771, 100, 66
2026-06-30T16:21:20,128866, 143771, 100, 66
2026-06-30T16:21:21,128866, 143771, 100, 65
2026-06-30T16:21:22,128866, 143771, 100, 67
2026-06-30T16:21:23,128866, 143771, 100, 64
2026-06-30T16:21:24,128866, 143771, 92, 64
2026-06-30T16:21:25,128866, 143771, 100, 65
2026-06-30T16:21:26,128866, 143771, 89, 64
2026-06-30T16:21:28,128866, 143771, 100, 64
2026-06-30T16:21:29,128866, 143771, 75, 63
2026-06-30T16:21:30,128866, 143771, 100, 66
2026-06-30T16:21:31,128866, 143771, 66, 64
2026-06-30T16:21:32,128866, 143771, 100, 66
2026-06-30T16:21:33,128866, 143771, 91, 63
2026-06-30T16:21:34,128866, 143771, 100, 63
2026-06-30T16:21:35,128866, 143771, 90, 63
2026-06-30T16:21:36,128866, 143771, 100, 65
2026-06-30T16:21:37,128866, 143771, 89, 64
2026-06-30T16:21:38,128866, 143771, 100, 65
2026-06-30T16:21:39,128866, 143771, 89, 63
2026-06-30T16:21:40,128866, 143771, 100, 65
2026-06-30T16:21:41,128866, 143771, 90, 62
2026-06-30T16:21:42,128866, 143771, 100, 62
2026-06-30T16:21:43,128866, 143771, 100, 64
2026-06-30T16:21:44,128866, 143771, 100, 64
2026-06-30T16:21:45,128866, 143771, 100, 63
2026-06-30T16:21:46,128866, 143771, 100, 65
2026-06-30T16:21:47,128866, 143771, 100, 65
2026-06-30T16:21:48,128866, 143771, 100, 63
2026-06-30T16:21:49,128866, 143771, 100, 66
2026-06-30T16:21:50,128866, 143771, 100, 62
2026-06-30T16:21:51,128866, 143771, 100, 64
2026-06-30T16:21:52,128866, 143771, 90, 65
2026-06-30T16:21:53,128866, 143771, 100, 64
2026-06-30T16:21:54,128866, 143771, 88, 63
2026-06-30T16:21:55,128866, 143771, 100, 63
2026-06-30T16:21:56,128866, 143771, 66, 62
2026-06-30T16:21:57,128866, 143771, 100, 63
2026-06-30T16:21:58,128866, 143771, 88, 59
2026-06-30T16:21:59,128866, 143771, 100, 64
2026-06-30T16:22:01,128866, 143771, 83, 62
2026-06-30T16:22:02,128866, 143771, 100, 64
2026-06-30T16:22:03,128866, 143771, 89, 64
2026-06-30T16:22:04,128866, 143771, 100, 66
2026-06-30T16:22:05,128866, 143771, 88, 63
2026-06-30T16:22:06,128866, 143771, 100, 65
2026-06-30T16:22:07,128866, 143771, 89, 61
2026-06-30T16:22:08,128866, 143771, 100, 64
2026-06-30T16:22:09,128866, 143771, 100, 61
2026-06-30T16:22:10,128866, 143771, 100, 64
2026-06-30T16:22:11,128866, 143771, 100, 63
2026-06-30T16:22:12,128866, 143771, 100, 64
2026-06-30T16:22:13,128866, 143771, 100, 65
2026-06-30T16:22:14,128866, 143771, 100, 65
2026-06-30T16:22:15,128866, 143771, 100, 64
2026-06-30T16:22:16,128866, 143771, 100, 66
2026-06-30T16:22:17,128866, 143771, 100, 65
2026-06-30T16:22:18,128866, 143771, 97, 66
2026-06-30T16:22:19,128866, 143771, 100, 64
2026-06-30T16:22:20,128866, 143771, 92, 63
2026-06-30T16:22:21,128866, 143771, 100, 65
2026-06-30T16:22:22,128866, 143771, 90, 62
2026-06-30T16:22:23,128866, 143771, 100, 64
2026-06-30T16:22:24,128866, 143771, 73, 61
2026-06-30T16:22:25,128866, 143771, 100, 65
2026-06-30T16:22:26,128866, 143771, 89, 63
2026-06-30T16:22:27,128866, 143771, 100, 64
2026-06-30T16:22:28,128866, 143771, 88, 63
2026-06-30T16:22:29,128866, 143771, 100, 65
2026-06-30T16:22:30,128866, 143771, 87, 64
2026-06-30T16:22:31,128866, 143771, 100, 66
2026-06-30T16:22:32,128866, 143771, 91, 63
2026-06-30T16:22:34,128866, 143771, 100, 63
2026-06-30T16:22:35,128866, 143771, 86, 62
2026-06-30T16:22:36,128866, 143771, 100, 64
2026-06-30T16:22:37,128866, 143771, 100, 61
2026-06-30T16:22:38,128866, 143771, 100, 64
2026-06-30T16:22:39,128866, 143771, 100, 64
2026-06-30T16:22:40,128866, 143771, 100, 64
2026-06-30T16:22:41,128866, 143771, 100, 66
2026-06-30T16:22:42,128866, 143771, 100, 64
2026-06-30T16:22:43,128866, 143771, 100, 63
2026-06-30T16:22:44,128866, 143771, 100, 66
2026-06-30T16:22:45,128866, 143771, 100, 65
2026-06-30T16:22:46,128866, 143771, 100, 65
2026-06-30T16:22:47,128866, 143771, 100, 64
2026-06-30T16:22:48,128866, 143771, 98, 66
2026-06-30T16:22:49,128866, 143771, 100, 64
2026-06-30T16:22:50,128866, 143771, 89, 61
2026-06-30T16:22:51,128866, 143771, 100, 65
2026-06-30T16:22:52,128866, 143771, 65, 61
2026-06-30T16:22:53,128866, 143771, 100, 65
2026-06-30T16:22:54,128866, 143771, 70, 62
2026-06-30T16:22:55,128866, 143771, 100, 64
2026-06-30T16:22:56,128866, 143771, 74, 64
2026-06-30T16:22:57,128866, 143771, 100, 63
2026-06-30T16:22:58,128866, 143771, 87, 63
2026-06-30T16:22:59,128866, 143771, 100, 64
2026-06-30T16:23:00,128866, 143771, 89, 63
2026-06-30T16:23:01,128866, 143771, 100, 63
2026-06-30T16:23:02,128866, 143771, 93, 63
2026-06-30T16:23:03,128866, 143771, 100, 64
2026-06-30T16:23:04,128866, 143771, 100, 59
2026-06-30T16:23:05,128866, 143771, 100, 65
2026-06-30T16:23:07,128866, 143771, 100, 64
2026-06-30T16:23:08,128866, 143771, 100, 65
2026-06-30T16:23:09,128866, 143771, 100, 65
2026-06-30T16:23:10,128866, 143771, 100, 66
2026-06-30T16:23:11,128866, 143771, 100, 65
2026-06-30T16:23:12,128866, 143771, 100, 64
2026-06-30T16:23:13,128866, 143771, 100, 63
2026-06-30T16:23:14,128866, 143771, 97, 65
2026-06-30T16:23:15,128866, 143771, 100, 65
2026-06-30T16:23:16,128866, 143771, 91, 63
2026-06-30T16:23:17,128866, 143771, 100, 64
2026-06-30T16:23:18,128866, 143771, 87, 62
2026-06-30T16:23:19,128866, 143771, 100, 64
2026-06-30T16:23:20,128866, 143771, 66, 59
2026-06-30T16:23:21,128866, 143771, 100, 63
2026-06-30T16:23:22,128866, 143771, 89, 63
2026-06-30T16:23:23,128866, 143771, 100, 64
2026-06-30T16:23:24,128866, 143771, 88, 62
2026-06-30T16:23:25,128866, 143771, 100, 64
2026-06-30T16:23:26,128866, 143771, 90, 62
2026-06-30T16:23:27,128866, 143771, 100, 64
2026-06-30T16:23:28,128866, 143771, 85, 62
2026-06-30T16:23:29,128866, 143771, 100, 63
2026-06-30T16:23:30,128866, 143771, 86, 64
2026-06-30T16:23:31,128866, 143771, 100, 65
2026-06-30T16:23:32,128866, 143771, 100, 63
2026-06-30T16:23:33,128866, 143771, 100, 65
2026-06-30T16:23:34,128866, 143771, 100, 65
2026-06-30T16:23:35,128866, 143771, 100, 64
2026-06-30T16:23:36,128866, 143771, 100, 65
2026-06-30T16:23:37,128866, 143771, 100, 64
2026-06-30T16:23:38,128866, 143771, 100, 64
2026-06-30T16:23:40,128866, 143771, 100, 63
2026-06-30T16:23:41,128866, 143771, 100, 64
2026-06-30T16:23:42,128866, 143771, 87, 68
2026-06-30T16:23:43,128866, 143771, 100, 63
2026-06-30T16:23:44,128866, 143771, 90, 62
2026-06-30T16:23:45,128866, 143771, 100, 65
2026-06-30T16:23:46,128866, 143771, 89, 62
2026-06-30T16:23:47,128866, 143771, 100, 65
2026-06-30T16:23:48,128866, 143771, 87, 59
2026-06-30T16:23:49,128866, 143771, 100, 64
2026-06-30T16:23:50,128866, 143771, 88, 62
2026-06-30T16:23:51,128866, 143771, 100, 63
2026-06-30T16:23:52,128866, 143771, 89, 63
2026-06-30T16:23:53,128866, 143771, 100, 64
2026-06-30T16:23:54,128866, 143771, 89, 63
2026-06-30T16:23:55,128866, 143771, 100, 63
2026-06-30T16:23:56,128866, 143771, 86, 62
2026-06-30T16:23:57,128866, 143771, 100, 64
2026-06-30T16:23:58,128866, 143771, 92, 62
2026-06-30T16:23:59,128866, 143771, 100, 64
2026-06-30T16:24:00,128866, 143771, 100, 59
2026-06-30T16:24:01,128866, 143771, 100, 64
2026-06-30T16:24:02,128866, 143771, 100, 65
2026-06-30T16:24:03,128866, 143771, 100, 65
2026-06-30T16:24:04,128866, 143771, 100, 65
2026-06-30T16:24:05,128866, 143771, 100, 66
2026-06-30T16:24:06,128866, 143771, 100, 65
2026-06-30T16:24:07,128866, 143771, 97, 66
2026-06-30T16:24:08,128866, 143771, 100, 64
2026-06-30T16:24:09,128866, 143771, 94, 63
2026-06-30T16:24:10,128866, 143771, 100, 64
2026-06-30T16:24:11,128866, 143771, 88, 63
2026-06-30T16:24:13,128866, 143771, 100, 63
2026-06-30T16:24:14,128866, 143771, 66, 64
2026-06-30T16:24:15,128866, 143771, 100, 64
2026-06-30T16:24:16,128866, 143771, 71, 62
2026-06-30T16:24:17,128866, 143771, 100, 64
2026-06-30T16:24:18,128866, 143771, 88, 63
2026-06-30T16:24:19,128866, 143771, 100, 65
2026-06-30T16:24:20,128866, 143771, 88, 62
2026-06-30T16:24:21,128866, 143771, 100, 65
2026-06-30T16:24:22,128866, 143771, 92, 63
2026-06-30T16:24:23,128866, 143771, 100, 65
2026-06-30T16:24:24,128866, 143771, 88, 62
2026-06-30T16:24:25,128866, 143771, 100, 62
2026-06-30T16:24:26,128866, 143771, 87, 63
2026-06-30T16:24:27,128866, 143771, 100, 64
2026-06-30T16:24:28,128866, 143771, 100, 60
2026-06-30T16:24:29,128866, 143771, 100, 64
2026-06-30T16:24:30,128866, 143771, 100, 66
2026-06-30T16:24:31,128866, 143771, 100, 63
2026-06-30T16:24:32,128866, 143771, 100, 64
2026-06-30T16:24:33,128866, 143771, 100, 62
2026-06-30T16:24:34,128866, 143771, 100, 65
2026-06-30T16:24:35,128866, 143771, 100, 62
2026-06-30T16:24:36,128866, 143771, 100, 64
2026-06-30T16:24:37,128866, 143771, 88, 68
2026-06-30T16:24:38,128866, 143771, 100, 64
2026-06-30T16:24:39,128866, 143771, 88, 63
2026-06-30T16:24:40,128866, 143771, 100, 63
2026-06-30T16:24:41,128866, 143771, 90, 61
2026-06-30T16:24:42,128866, 143771, 100, 64
2026-06-30T16:24:43,128866, 143771, 89, 60
2026-06-30T16:24:45,128866, 143771, 100, 66
2026-06-30T16:24:46,128866, 143771, 88, 64
2026-06-30T16:24:47,128866, 143771, 100, 64
2026-06-30T16:24:48,128866, 143771, 88, 63
2026-06-30T16:24:49,128866, 143771, 100, 64
2026-06-30T16:24:50,128866, 143771, 88, 63
2026-06-30T16:24:51,128866, 143771, 100, 64
2026-06-30T16:24:52,128866, 143771, 88, 62
2026-06-30T16:24:53,128866, 143771, 100, 65
2026-06-30T16:24:54,128866, 143771, 96, 63
2026-06-30T16:24:55,128866, 143771, 100, 63
2026-06-30T16:24:56,128866, 143771, 100, 60
2026-06-30T16:24:57,128866, 143771, 100, 64
2026-06-30T16:24:58,128866, 143771, 100, 62
2026-06-30T16:24:59,128866, 143771, 100, 65
2026-06-30T16:25:00,128866, 143771, 100, 63
2026-06-30T16:25:01,128866, 143771, 100, 65
2026-06-30T16:25:02,128866, 143771, 100, 65
2026-06-30T16:25:03,128866, 143771, 94, 62
2026-06-30T16:25:04,128866, 143771, 100, 64
2026-06-30T16:25:05,128866, 143771, 86, 66
2026-06-30T16:25:06,128866, 143771, 100, 63
2026-06-30T16:25:07,128866, 143771, 59, 61
2026-06-30T16:25:08,128866, 143771, 100, 64
2026-06-30T16:25:09,128866, 143771, 66, 61
2026-06-30T16:25:10,128866, 143771, 100, 64
2026-06-30T16:25:11,128866, 143771, 81, 63
2026-06-30T16:25:12,128866, 143771, 100, 65
2026-06-30T16:25:13,128866, 143771, 88, 63
2026-06-30T16:25:14,128866, 143771, 100, 64
2026-06-30T16:25:15,128866, 143771, 87, 62
2026-06-30T16:25:16,128866, 143771, 100, 66
2026-06-30T16:25:18,128866, 143771, 86, 63
2026-06-30T16:25:19,128866, 143771, 100, 64
2026-06-30T16:25:20,128866, 143771, 100, 61
2026-06-30T16:25:21,128866, 143771, 100, 62
2026-06-30T16:25:22,128866, 143771, 100, 65
2026-06-30T16:25:23,128866, 143771, 100, 63
2026-06-30T16:25:24,128866, 143771, 100, 65
2026-06-30T16:25:25,128866, 143771, 100, 67
2026-06-30T16:25:26,128866, 143771, 100, 65
2026-06-30T16:25:27,128866, 143771, 95, 63
2026-06-30T16:25:28,128866, 143771, 100, 63
2026-06-30T16:25:29,128866, 143771, 87, 67
2026-06-30T16:25:30,128866, 143771, 100, 62
2026-06-30T16:25:31,128866, 143771, 86, 62
2026-06-30T16:25:32,128866, 143771, 100, 64
2026-06-30T16:25:33,128866, 143771, 61, 62
2026-06-30T16:25:34,128866, 143771, 100, 64
2026-06-30T16:25:35,128866, 143771, 88, 63
2026-06-30T16:25:36,128866, 143771, 100, 64
2026-06-30T16:25:37,128866, 143771, 88, 62
2026-06-30T16:25:38,128866, 143771, 100, 64
2026-06-30T16:25:39,128866, 143771, 88, 63
2026-06-30T16:25:40,128866, 143771, 100, 64
2026-06-30T16:25:41,128866, 143771, 90, 62
2026-06-30T16:25:42,128866, 143771, 100, 64
2026-06-30T16:25:43,128866, 143771, 96, 61
2026-06-30T16:25:44,128866, 143771, 100, 64
2026-06-30T16:25:45,128866, 143771, 100, 64
2026-06-30T16:25:46,128866, 143771, 100, 62
2026-06-30T16:25:47,128866, 143771, 100, 63
2026-06-30T16:25:48,128866, 143771, 100, 63
2026-06-30T16:25:49,128866, 143771, 100, 62
2026-06-30T16:25:51,128866, 143771, 100, 63
2026-06-30T16:25:52,128866, 143771, 100, 64
2026-06-30T16:25:53,128866, 143771, 90, 67
2026-06-30T16:25:54,128866, 143771, 100, 63
2026-06-30T16:25:55,128866, 143771, 89, 64
2026-06-30T16:25:56,128866, 143771, 100, 64
2026-06-30T16:25:57,128866, 143771, 90, 61
2026-06-30T16:25:58,128866, 143771, 100, 64
2026-06-30T16:25:59,128866, 143771, 88, 59
2026-06-30T16:26:00,128866, 143771, 100, 65
2026-06-30T16:26:01,128866, 143771, 85, 63
2026-06-30T16:26:02,128866, 143771, 100, 65
2026-06-30T16:26:03,128866, 143771, 90, 63
2026-06-30T16:26:04,128866, 143771, 100, 64
2026-06-30T16:26:05,128866, 143771, 88, 62
2026-06-30T16:26:06,128866, 143771, 100, 65
2026-06-30T16:26:07,128866, 143771, 87, 61
2026-06-30T16:26:08,128866, 143771, 100, 65
2026-06-30T16:26:09,128866, 143771, 100, 62
2026-06-30T16:26:10,128866, 143771, 100, 64
2026-06-30T16:26:11,128866, 143771, 100, 65
2026-06-30T16:26:12,128866, 143771, 100, 62
2026-06-30T16:26:13,128866, 143771, 100, 64
2026-06-30T16:26:14,128866, 143771, 100, 64
2026-06-30T16:26:15,128866, 143771, 100, 62
2026-06-30T16:26:16,128866, 143771, 100, 62
2026-06-30T16:26:17,128866, 143771, 100, 63
2026-06-30T16:26:18,128866, 143771, 91, 66
2026-06-30T16:26:19,128866, 143771, 100, 65
2026-06-30T16:26:20,128866, 143771, 89, 62
2026-06-30T16:26:21,128866, 143771, 100, 63
2026-06-30T16:26:22,128866, 143771, 59, 61
2026-06-30T16:26:24,128866, 143771, 100, 63
2026-06-30T16:26:25,128866, 143771, 79, 62
2026-06-30T16:26:26,128866, 143771, 100, 64
2026-06-30T16:26:27,128866, 143771, 89, 62
2026-06-30T16:26:28,128866, 143771, 100, 65
2026-06-30T16:26:29,128866, 143771, 88, 63
2026-06-30T16:26:30,128866, 143771, 100, 64
2026-06-30T16:26:31,128866, 143771, 88, 62
2026-06-30T16:26:32,128866, 143771, 100, 63
2026-06-30T16:26:33,128866, 143771, 89, 62
2026-06-30T16:26:34,128866, 143771, 100, 64
2026-06-30T16:26:35,128866, 143771, 90, 62
2026-06-30T16:26:36,128866, 143771, 100, 64
2026-06-30T16:26:37,128866, 143771, 92, 61
2026-06-30T16:26:38,128866, 143771, 100, 64
2026-06-30T16:26:39,128866, 143771, 100, 65
2026-06-30T16:26:40,128866, 143771, 100, 63
2026-06-30T16:26:41,128866, 143771, 100, 64
2026-06-30T16:26:42,128866, 143771, 100, 64
2026-06-30T16:26:43,128866, 143771, 100, 63
2026-06-30T16:26:44,128866, 143771, 100, 66
2026-06-30T16:26:45,128866, 143771, 100, 64
2026-06-30T16:26:46,128866, 143771, 97, 65
2026-06-30T16:26:47,128866, 143771, 100, 64
2026-06-30T16:26:48,128866, 143771, 88, 64
2026-06-30T16:26:49,128866, 143771, 100, 63
2026-06-30T16:26:50,128866, 143771, 88, 62
2026-06-30T16:26:51,128866, 143771, 100, 65
2026-06-30T16:26:52,128866, 143771, 88, 59
2026-06-30T16:26:53,128866, 143771, 100, 64
2026-06-30T16:26:54,128866, 143771, 90, 63
2026-06-30T16:26:55,128866, 143771, 100, 64
2026-06-30T16:26:57,128866, 143771, 89, 63
2026-06-30T16:26:58,128866, 143771, 100, 65
2026-06-30T16:26:59,128866, 143771, 91, 63
2026-06-30T16:27:00,128866, 143771, 100, 63
2026-06-30T16:27:01,128866, 143771, 88, 62
2026-06-30T16:27:02,128866, 143771, 100, 65
2026-06-30T16:27:03,128866, 143771, 87, 60
2026-06-30T16:27:04,128866, 143771, 100, 65
2026-06-30T16:27:05,128866, 143771, 100, 62
2026-06-30T16:27:06,128866, 143771, 100, 65
2026-06-30T16:27:07,128866, 143771, 100, 64
2026-06-30T16:27:08,128866, 143771, 100, 62
2026-06-30T16:27:09,128866, 143771, 100, 63
2026-06-30T16:27:10,128866, 143771, 100, 66
2026-06-30T16:27:11,128866, 143771, 100, 65
2026-06-30T16:27:12,128866, 143771, 97, 65
2026-06-30T16:27:13,128866, 143771, 100, 64
2026-06-30T16:27:14,128866, 143771, 90, 68
2026-06-30T16:27:15,128866, 143771, 100, 65
2026-06-30T16:27:16,128866, 143771, 86, 61
2026-06-30T16:27:17,128866, 143771, 100, 63
2026-06-30T16:27:18,128866, 143771, 79, 61
2026-06-30T16:27:19,128866, 143771, 100, 65
2026-06-30T16:27:20,128866, 143771, 86, 59
2026-06-30T16:27:21,128866, 143771, 100, 64
2026-06-30T16:27:22,128866, 143771, 87, 62
2026-06-30T16:27:23,128866, 143771, 100, 64
2026-06-30T16:27:24,128866, 143771, 85, 62
2026-06-30T16:27:25,128866, 143771, 100, 66
2026-06-30T16:27:26,128866, 143771, 87, 63
2026-06-30T16:27:27,128866, 143771, 100, 65
2026-06-30T16:27:28,128866, 143771, 96, 63
2026-06-30T16:27:30,128866, 143771, 100, 64
2026-06-30T16:27:31,128866, 143771, 100, 63
2026-06-30T16:27:32,128866, 143771, 100, 64
2026-06-30T16:27:33,128866, 143771, 100, 63
2026-06-30T16:27:34,128866, 143771, 100, 62
2026-06-30T16:27:35,128866, 143771, 100, 64
2026-06-30T16:27:36,128866, 143771, 100, 67
2026-06-30T16:27:37,128866, 143771, 100, 64
2026-06-30T16:27:38,128866, 143771, 91, 66
2026-06-30T16:27:39,128866, 143771, 100, 64
2026-06-30T16:27:40,128866, 143771, 86, 62
2026-06-30T16:27:41,128866, 143771, 100, 65
2026-06-30T16:27:42,128866, 143771, 90, 59
2026-06-30T16:27:43,128866, 143771, 100, 63
2026-06-30T16:27:44,128866, 143771, 87, 63
2026-06-30T16:27:45,128866, 143771, 100, 63
2026-06-30T16:27:46,128866, 143771, 89, 62
2026-06-30T16:27:47,128866, 143771, 100, 65
2026-06-30T16:27:48,128866, 143771, 87, 63
2026-06-30T16:27:49,128866, 143771, 100, 65
2026-06-30T16:27:50,128866, 143771, 88, 64
2026-06-30T16:27:51,128866, 143771, 100, 64
2026-06-30T16:27:52,128866, 143771, 87, 61
2026-06-30T16:27:53,128866, 143771, 100, 65
2026-06-30T16:27:54,128866, 143771, 100, 62
2026-06-30T16:27:55,128866, 143771, 100, 63
2026-06-30T16:27:56,128866, 143771, 100, 65
2026-06-30T16:27:57,128866, 143771, 100, 62
2026-06-30T16:27:58,128866, 143771, 100, 65
2026-06-30T16:27:59,128866, 143771, 100, 62
2026-06-30T16:28:00,128866, 143771, 100, 65
2026-06-30T16:28:01,128866, 143771, 93, 65
2026-06-30T16:28:03,128866, 143771, 100, 65
2026-06-30T16:28:04,128866, 143771, 83, 61
2026-06-30T16:28:05,128866, 143771, 100, 64
2026-06-30T16:28:06,128866, 143771, 83, 61
2026-06-30T16:28:07,128866, 143771, 100, 63
2026-06-30T16:28:08,128866, 143771, 87, 59
2026-06-30T16:28:09,128866, 143771, 100, 64
2026-06-30T16:28:10,128866, 143771, 87, 62
2026-06-30T16:28:11,128866, 143771, 100, 65
2026-06-30T16:28:12,128866, 143771, 87, 62
2026-06-30T16:28:13,128866, 143771, 100, 62
2026-06-30T16:28:14,128866, 143771, 90, 62
2026-06-30T16:28:15,128866, 143771, 100, 64
2026-06-30T16:28:16,128866, 143771, 89, 62
2026-06-30T16:28:17,128866, 143771, 100, 64
2026-06-30T16:28:18,128866, 143771, 84, 60
2026-06-30T16:28:19,128866, 143771, 100, 64
2026-06-30T16:28:20,128866, 143771, 100, 63
2026-06-30T16:28:21,128866, 143771, 100, 65
2026-06-30T16:28:22,128866, 143771, 100, 65
2026-06-30T16:28:23,128866, 143771, 100, 64
2026-06-30T16:28:24,128866, 143771, 100, 65
2026-06-30T16:28:25,128866, 143771, 100, 67
2026-06-30T16:28:26,128866, 143771, 100, 64
2026-06-30T16:28:27,128866, 143771, 90, 67
2026-06-30T16:28:28,128866, 143771, 100, 64
2026-06-30T16:28:29,128866, 143771, 89, 62
2026-06-30T16:28:30,128866, 143771, 100, 64
2026-06-30T16:28:31,128866, 143771, 86, 62
2026-06-30T16:28:32,128866, 143771, 100, 64
2026-06-30T16:28:33,128866, 143771, 89, 59
2026-06-30T16:28:35,128866, 143771, 100, 65
2026-06-30T16:28:36,128866, 143771, 84, 63
2026-06-30T16:28:37,128866, 143771, 100, 64
2026-06-30T16:28:38,128866, 143771, 89, 62
2026-06-30T16:28:39,128866, 143771, 100, 65
2026-06-30T16:28:40,128866, 143771, 89, 62
2026-06-30T16:28:41,128866, 143771, 100, 64
2026-06-30T16:28:42,128866, 143771, 88, 62
2026-06-30T16:28:43,128866, 143771, 100, 62
2026-06-30T16:28:44,128866, 143771, 100, 59
2026-06-30T16:28:45,128866, 143771, 100, 64
2026-06-30T16:28:46,128866, 143771, 100, 62
2026-06-30T16:28:47,128866, 143771, 100, 65
2026-06-30T16:28:48,128866, 143771, 100, 65
2026-06-30T16:28:49,128866, 143771, 100, 63
2026-06-30T16:28:50,128866, 143771, 100, 62
2026-06-30T16:28:51,128866, 143771, 100, 62
2026-06-30T16:28:52,128866, 143771, 100, 64
2026-06-30T16:28:53,128866, 143771, 88, 67
2026-06-30T16:28:54,128866, 143771, 100, 62
2026-06-30T16:28:55,128866, 143771, 90, 64
2026-06-30T16:28:56,128866, 143771, 100, 64
2026-06-30T16:28:57,128866, 143771, 88, 62
2026-06-30T16:28:58,128866, 143771, 100, 63
2026-06-30T16:28:59,128866, 143771, 89, 58
2026-06-30T16:29:00,128866, 143771, 100, 65
2026-06-30T16:29:01,128866, 143771, 87, 64
2026-06-30T16:29:02,128866, 143771, 100, 64
2026-06-30T16:29:03,128866, 143771, 90, 64
2026-06-30T16:29:04,128866, 143771, 100, 65
2026-06-30T16:29:05,128866, 143771, 87, 62
2026-06-30T16:29:07,128866, 143771, 100, 65
2026-06-30T16:29:08,128866, 143771, 88, 63
2026-06-30T16:29:09,128866, 143771, 100, 65
2026-06-30T16:29:10,128866, 143771, 96, 62
2026-06-30T16:29:11,128866, 143771, 100, 63
2026-06-30T16:29:12,128866, 143771, 100, 61
2026-06-30T16:29:13,128866, 143771, 100, 63
2026-06-30T16:29:14,128866, 143771, 100, 65
2026-06-30T16:29:15,128866, 143771, 100, 62
2026-06-30T16:29:16,128866, 143771, 100, 63
2026-06-30T16:29:17,128866, 143771, 100, 65
2026-06-30T16:29:18,128866, 143771, 100, 63
2026-06-30T16:29:19,128866, 143771, 94, 61
2026-06-30T16:29:20,128866, 143771, 100, 62
2026-06-30T16:29:21,128866, 143771, 88, 63
2026-06-30T16:29:22,128866, 143771, 100, 65
2026-06-30T16:29:23,128866, 143771, 90, 61
2026-06-30T16:29:24,128866, 143771, 100, 64
2026-06-30T16:29:25,128866, 143771, 70, 60
2026-06-30T16:29:26,128866, 143771, 100, 64
2026-06-30T16:29:27,128866, 143771, 88, 63
2026-06-30T16:29:28,128866, 143771, 100, 65
2026-06-30T16:29:29,128866, 143771, 90, 63
2026-06-30T16:29:30,128866, 143771, 100, 65
2026-06-30T16:29:31,128866, 143771, 88, 62
2026-06-30T16:29:32,128866, 143771, 100, 65
2026-06-30T16:29:33,128866, 143771, 90, 62
2026-06-30T16:29:34,128866, 143771, 100, 64
2026-06-30T16:29:35,128866, 143771, 92, 61
2026-06-30T16:29:36,128866, 143771, 100, 64
2026-06-30T16:29:37,128866, 143771, 100, 63
2026-06-30T16:29:38,128866, 143771, 100, 63
2026-06-30T16:29:40,128866, 143771, 100, 63
2026-06-30T16:29:41,128866, 143771, 100, 64
2026-06-30T16:29:42,128866, 143771, 100, 64
2026-06-30T16:29:43,128866, 143771, 100, 64
2026-06-30T16:29:44,128866, 143771, 100, 62
2026-06-30T16:29:45,128866, 143771, 97, 65
2026-06-30T16:29:46,128866, 143771, 100, 64
2026-06-30T16:29:47,128866, 143771, 91, 67
2026-06-30T16:29:48,128866, 143771, 100, 65
2026-06-30T16:29:49,128866, 143771, 90, 62
2026-06-30T16:29:50,128866, 143771, 100, 64
2026-06-30T16:29:51,128866, 143771, 70, 62
2026-06-30T16:29:52,128866, 143771, 100, 63
2026-06-30T16:29:53,128866, 143771, 77, 63
2026-06-30T16:29:54,128866, 143771, 100, 64
2026-06-30T16:29:55,128866, 143771, 88, 62
2026-06-30T16:29:56,128866, 143771, 100, 63
2026-06-30T16:29:57,128866, 143771, 89, 62
2026-06-30T16:29:58,128866, 143771, 100, 65
2026-06-30T16:29:59,128866, 143771, 86, 62
2026-06-30T16:30:00,128866, 143771, 100, 65
2026-06-30T16:30:01,128866, 143771, 88, 62
2026-06-30T16:30:02,128866, 143771, 100, 65
2026-06-30T16:30:03,128866, 143771, 94, 62
2026-06-30T16:30:04,128866, 143771, 100, 64
2026-06-30T16:30:05,128866, 143771, 100, 64
2026-06-30T16:30:06,128866, 143771, 100, 64
2026-06-30T16:30:07,128866, 143771, 100, 62
2026-06-30T16:30:08,128866, 143771, 100, 64
2026-06-30T16:30:09,128866, 143771, 100, 65
2026-06-30T16:30:10,128866, 143771, 100, 65
2026-06-30T16:30:12,128866, 143771, 100, 63
2026-06-30T16:30:13,128866, 143771, 93, 64
2026-06-30T16:30:14,128866, 143771, 100, 64
2026-06-30T16:30:15,128866, 143771, 89, 64
2026-06-30T16:30:16,128866, 143771, 100, 63
2026-06-30T16:30:17,128866, 143771, 71, 62
2026-06-30T16:30:18,128866, 143771, 100, 64
2026-06-30T16:30:19,128866, 143771, 58, 62
2026-06-30T16:30:20,128866, 143771, 100, 65
2026-06-30T16:30:21,128866, 143771, 86, 64
2026-06-30T16:30:22,128866, 143771, 100, 64
2026-06-30T16:30:23,128866, 143771, 90, 64
2026-06-30T16:30:24,128866, 143771, 100, 64
2026-06-30T16:30:25,128866, 143771, 84, 64
2026-06-30T16:30:26,128866, 143771, 100, 65
2026-06-30T16:30:27,128866, 143771, 88, 62
2026-06-30T16:30:28,128866, 143771, 100, 64
2026-06-30T16:30:29,128866, 143771, 95, 61
2026-06-30T16:30:30,128866, 143771, 100, 65
2026-06-30T16:30:31,128866, 143771, 100, 64
2026-06-30T16:30:32,128866, 143771, 100, 64
2026-06-30T16:30:33,128866, 143771, 100, 63
2026-06-30T16:30:34,128866, 143771, 100, 65
2026-06-30T16:30:35,128866, 143771, 100, 64
2026-06-30T16:30:36,128866, 143771, 100, 66
2026-06-30T16:30:37,128866, 143771, 100, 64
2026-06-30T16:30:38,128866, 143771, 94, 63
2026-06-30T16:30:39,128866, 143771, 100, 63
2026-06-30T16:30:40,128866, 143771, 92, 62
2026-06-30T16:30:41,128866, 143771, 100, 65
2026-06-30T16:30:42,128866, 143771, 72, 62
2026-06-30T16:30:43,128866, 143771, 100, 65
2026-06-30T16:30:45,128866, 143771, 75, 63
2026-06-30T16:30:46,128866, 143771, 100, 65
2026-06-30T16:30:47,128866, 143771, 90, 63
2026-06-30T16:30:48,128866, 143771, 100, 64
2026-06-30T16:30:49,128866, 143771, 88, 62
2026-06-30T16:30:50,128866, 143771, 100, 66
2026-06-30T16:30:51,128866, 143771, 86, 63
2026-06-30T16:30:52,128866, 143771, 100, 65
2026-06-30T16:30:53,128866, 143771, 90, 62
2026-06-30T16:30:54,128866, 143771, 100, 64
2026-06-30T16:30:55,128866, 143771, 99, 60
2026-06-30T16:30:56,128866, 143771, 100, 63
2026-06-30T16:30:57,128866, 143771, 100, 63
2026-06-30T16:30:58,128866, 143771, 100, 64
2026-06-30T16:30:59,128866, 143771, 100, 64
2026-06-30T16:31:00,128866, 143771, 100, 65
2026-06-30T16:31:01,128866, 143771, 100, 64
2026-06-30T16:31:02,128866, 143771, 98, 67
2026-06-30T16:31:03,128866, 143771, 100, 65
2026-06-30T16:31:04,128866, 143771, 89, 63
2026-06-30T16:31:05,128866, 143771, 100, 64
2026-06-30T16:31:06,128866, 143771, 71, 62
2026-06-30T16:31:07,128866, 143771, 100, 65
2026-06-30T16:31:08,128866, 143771, 75, 62
2026-06-30T16:31:09,128866, 143771, 100, 64
2026-06-30T16:31:10,128866, 143771, 85, 64
2026-06-30T16:31:11,128866, 143771, 100, 64
2026-06-30T16:31:12,128866, 143771, 89, 64
2026-06-30T16:31:13,128866, 143771, 100, 64
2026-06-30T16:31:14,128866, 143771, 88, 63
2026-06-30T16:31:15,128866, 143771, 100, 64
2026-06-30T16:31:16,128866, 143771, 93, 61
2026-06-30T16:31:18,128866, 143771, 100, 64
2026-06-30T16:31:19,128866, 143771, 100, 61
2026-06-30T16:31:20,128866, 143771, 100, 62
2026-06-30T16:31:21,128866, 143771, 100, 65
2026-06-30T16:31:22,128866, 143771, 100, 64
2026-06-30T16:31:23,128866, 143771, 100, 64
2026-06-30T16:31:24,128866, 143771, 100, 67
2026-06-30T16:31:25,128866, 143771, 100, 65
2026-06-30T16:31:26,128866, 143771, 94, 62
2026-06-30T16:31:27,128866, 143771, 100, 64
2026-06-30T16:31:28,128866, 143771, 88, 67
2026-06-30T16:31:29,128866, 143771, 100, 63
2026-06-30T16:31:30,128866, 143771, 57, 62
2026-06-30T16:31:31,128866, 143771, 100, 64
2026-06-30T16:31:32,128866, 143771, 74, 62
2026-06-30T16:31:33,128866, 143771, 100, 66
2026-06-30T16:31:34,128866, 143771, 81, 63
2026-06-30T16:31:35,128866, 143771, 100, 65
2026-06-30T16:31:36,128866, 143771, 88, 63
2026-06-30T16:31:37,128866, 143771, 100, 65
2026-06-30T16:31:38,128866, 143771, 90, 63
2026-06-30T16:31:39,128866, 143771, 100, 64
2026-06-30T16:31:40,128866, 143771, 89, 62
2026-06-30T16:31:41,128866, 143771, 100, 63
2026-06-30T16:31:42,128866, 143771, 90, 62
2026-06-30T16:31:43,128866, 143771, 100, 65
2026-06-30T16:31:44,128866, 143771, 97, 62
2026-06-30T16:31:45,128866, 143771, 100, 62
2026-06-30T16:31:46,128866, 143771, 100, 64
2026-06-30T16:31:47,128866, 143771, 100, 64
2026-06-30T16:31:48,128866, 143771, 100, 64
2026-06-30T16:31:50,128866, 143771, 100, 66
2026-06-30T16:31:51,128866, 143771, 100, 65
2026-06-30T16:31:52,128866, 143771, 92, 62
2026-06-30T16:31:53,128866, 143771, 100, 64
2026-06-30T16:31:54,128866, 143771, 89, 64
2026-06-30T16:31:55,128866, 143771, 100, 62
2026-06-30T16:31:56,128866, 143771, 69, 62
2026-06-30T16:31:57,128866, 143771, 100, 65
2026-06-30T16:31:58,128866, 143771, 84, 58
2026-06-30T16:31:59,128866, 143771, 100, 64
2026-06-30T16:32:00,128866, 143771, 89, 63
2026-06-30T16:32:01,128866, 143771, 100, 64
2026-06-30T16:32:02,128866, 143771, 89, 64
2026-06-30T16:32:03,128866, 143771, 100, 63
2026-06-30T16:32:04,128866, 143771, 85, 62
2026-06-30T16:32:05,128866, 143771, 100, 64
2026-06-30T16:32:06,128866, 143771, 88, 61
2026-06-30T16:32:07,128866, 143771, 100, 63
2026-06-30T16:32:08,128866, 143771, 100, 59
2026-06-30T16:32:09,128866, 143771, 100, 65
2026-06-30T16:32:10,128866, 143771, 100, 62
2026-06-30T16:32:11,128866, 143771, 100, 65
2026-06-30T16:32:12,128866, 143771, 100, 64
2026-06-30T16:32:13,128866, 143771, 100, 64
2026-06-30T16:32:14,128866, 143771, 100, 63
2026-06-30T16:32:15,128866, 143771, 97, 63
2026-06-30T16:32:16,128866, 143771, 100, 65
2026-06-30T16:32:17,128866, 143771, 92, 64
2026-06-30T16:32:18,128866, 143771, 100, 65
2026-06-30T16:32:19,128866, 143771, 91, 62
2026-06-30T16:32:20,128866, 143771, 100, 65
2026-06-30T16:32:21,128866, 143771, 71, 61
2026-06-30T16:32:23,128866, 143771, 100, 64
2026-06-30T16:32:24,128866, 143771, 90, 58
2026-06-30T16:32:25,128866, 143771, 100, 63
2026-06-30T16:32:26,128866, 143771, 86, 62
2026-06-30T16:32:27,128866, 143771, 100, 64
2026-06-30T16:32:28,128866, 143771, 87, 63
2026-06-30T16:32:29,128866, 143771, 100, 64
2026-06-30T16:32:30,128866, 143771, 88, 62
2026-06-30T16:32:31,128866, 143771, 100, 64
2026-06-30T16:32:32,128866, 143771, 99, 60
2026-06-30T16:32:33,128866, 143771, 100, 64
2026-06-30T16:32:34,128866, 143771, 100, 65
2026-06-30T16:32:35,128866, 143771, 100, 64
2026-06-30T16:32:36,128866, 143771, 100, 65
2026-06-30T16:32:37,128866, 143771, 100, 62
2026-06-30T16:32:38,128866, 143771, 100, 65
2026-06-30T16:32:39,128866, 143771, 100, 62
2026-06-30T16:32:40,128866, 143771, 100, 63
2026-06-30T16:32:41,128866, 143771, 92, 68
2026-06-30T16:32:42,128866, 143771, 100, 65
2026-06-30T16:32:43,128866, 143771, 87, 63
2026-06-30T16:32:44,128866, 143771, 100, 65
2026-06-30T16:32:45,128866, 143771, 68, 59
2026-06-30T16:32:46,128866, 143771, 100, 64
2026-06-30T16:32:47,128866, 143771, 89, 64
2026-06-30T16:32:48,128866, 143771, 100, 64
2026-06-30T16:32:49,128866, 143771, 86, 63
2026-06-30T16:32:50,128866, 143771, 100, 65
2026-06-30T16:32:51,128866, 143771, 90, 62
2026-06-30T16:32:52,128866, 143771, 100, 64
2026-06-30T16:32:53,128866, 143771, 88, 62
2026-06-30T16:32:54,128866, 143771, 100, 65
2026-06-30T16:32:56,128866, 143771, 90, 61
2026-06-30T16:32:57,128866, 143771, 100, 63
2026-06-30T16:32:58,128866, 143771, 100, 59
2026-06-30T16:32:59,128866, 143771, 100, 62
2026-06-30T16:33:00,128866, 143771, 100, 65
2026-06-30T16:33:01,128866, 143771, 100, 63
2026-06-30T16:33:02,128866, 143771, 100, 65
2026-06-30T16:33:03,128866, 143771, 100, 63
2026-06-30T16:33:04,128866, 143771, 100, 65
2026-06-30T16:33:05,128866, 143771, 88, 67
2026-06-30T16:33:06,128866, 143771, 100, 64
2026-06-30T16:33:07,128866, 143771, 88, 64
2026-06-30T16:33:08,128866, 143771, 100, 65
2026-06-30T16:33:09,128866, 143771, 90, 62
2026-06-30T16:33:10,128866, 143771, 100, 65
2026-06-30T16:33:11,128866, 143771, 72, 61
2026-06-30T16:33:12,128866, 143771, 100, 64
2026-06-30T16:33:13,128866, 143771, 84, 63
2026-06-30T16:33:14,128866, 143771, 100, 64
2026-06-30T16:33:15,128866, 143771, 90, 63
2026-06-30T16:33:16,128866, 143771, 100, 63
2026-06-30T16:33:17,128866, 143771, 88, 63
2026-06-30T16:33:18,128866, 143771, 100, 65
2026-06-30T16:33:19,128866, 143771, 89, 62
2026-06-30T16:33:20,128866, 143771, 100, 64
2026-06-30T16:33:21,128866, 143771, 93, 61
2026-06-30T16:33:22,128866, 143771, 100, 64
2026-06-30T16:33:23,128866, 143771, 100, 61
2026-06-30T16:33:24,128866, 143771, 100, 64
2026-06-30T16:33:25,128866, 143771, 100, 64
2026-06-30T16:33:26,128866, 143771, 100, 64
2026-06-30T16:33:27,128866, 143771, 100, 64
2026-06-30T16:33:29,128866, 143771, 100, 65
2026-06-30T16:33:30,128866, 143771, 100, 64
2026-06-30T16:33:31,128866, 143771, 97, 66
2026-06-30T16:33:32,128866, 143771, 100, 64
2026-06-30T16:33:33,128866, 143771, 92, 65
2026-06-30T16:33:34,128866, 143771, 100, 65
2026-06-30T16:33:35,128866, 143771, 88, 62
2026-06-30T16:33:36,128866, 143771, 100, 64
2026-06-30T16:33:37,128866, 143771, 68, 63
2026-06-30T16:33:38,128866, 143771, 100, 65
2026-06-30T16:33:39,128866, 143771, 88, 62
2026-06-30T16:33:40,128866, 143771, 100, 63
2026-06-30T16:33:41,128866, 143771, 89, 62
2026-06-30T16:33:42,128866, 143771, 100, 64
2026-06-30T16:33:43,128866, 143771, 87, 62
2026-06-30T16:33:44,128866, 143771, 100, 64
2026-06-30T16:33:45,128866, 143771, 87, 63
2026-06-30T16:33:46,128866, 143771, 100, 64
2026-06-30T16:33:47,128866, 143771, 88, 62
2026-06-30T16:33:48,128866, 143771, 100, 62
2026-06-30T16:33:49,128866, 143771, 100, 59
2026-06-30T16:33:50,128866, 143771, 100, 64
2026-06-30T16:33:51,128866, 143771, 100, 66
2026-06-30T16:33:52,128866, 143771, 100, 62
2026-06-30T16:33:53,128866, 143771, 100, 64
2026-06-30T16:33:54,128866, 143771, 100, 64
2026-06-30T16:33:55,128866, 143771, 100, 64
2026-06-30T16:33:56,128866, 143771, 89, 66
2026-06-30T16:33:57,128866, 143771, 100, 64
2026-06-30T16:33:58,128866, 143771, 85, 61
2026-06-30T16:33:59,128866, 143771, 100, 63
2026-06-30T16:34:00,128866, 143771, 71, 61
2026-06-30T16:34:02,128866, 143771, 100, 64
2026-06-30T16:34:03,128866, 143771, 85, 58
2026-06-30T16:34:04,128866, 143771, 100, 65
2026-06-30T16:34:05,128866, 143771, 89, 62
2026-06-30T16:34:06,128866, 143771, 100, 63
2026-06-30T16:34:07,128866, 143771, 90, 62
2026-06-30T16:34:08,128866, 143771, 100, 63
2026-06-30T16:34:09,128866, 143771, 88, 63
2026-06-30T16:34:10,128866, 143771, 100, 64
2026-06-30T16:34:11,128866, 143771, 83, 59
2026-06-30T16:34:12,128866, 143771, 100, 65
2026-06-30T16:34:13,128866, 143771, 100, 65
2026-06-30T16:34:14,128866, 143771, 100, 63
2026-06-30T16:34:15,128866, 143771, 100, 64
2026-06-30T16:34:16,128866, 143771, 100, 62
2026-06-30T16:34:17,128866, 143771, 100, 64
2026-06-30T16:34:18,128866, 143771, 100, 65
2026-06-30T16:34:19,128866, 143771, 100, 64
2026-06-30T16:34:20,128866, 143771, 100, 66
2026-06-30T16:34:21,128866, 143771, 100, 65
2026-06-30T16:34:22,128866, 143771, 86, 61
2026-06-30T16:34:23,128866, 143771, 100, 65
2026-06-30T16:34:24,128866, 143771, 71, 59
2026-06-30T16:34:25,128866, 143771, 100, 64
2026-06-30T16:34:26,128866, 143771, 89, 64
2026-06-30T16:34:27,128866, 143771, 100, 65
2026-06-30T16:34:28,128866, 143771, 87, 64
2026-06-30T16:34:29,128866, 143771, 100, 64
2026-06-30T16:34:30,128866, 143771, 88, 63
2026-06-30T16:34:31,128866, 143771, 100, 64
2026-06-30T16:34:32,128866, 143771, 88, 63
2026-06-30T16:34:34,128866, 143771, 100, 64
2026-06-30T16:34:35,128866, 143771, 89, 62
2026-06-30T16:34:36,128866, 143771, 100, 63
2026-06-30T16:34:37,128866, 143771, 95, 65
2026-06-30T16:34:38,128866, 143771, 100, 62
2026-06-30T16:34:39,128866, 143771, 100, 64
2026-06-30T16:34:40,128866, 143771, 100, 62
2026-06-30T16:34:41,128866, 143771, 100, 65
2026-06-30T16:34:42,128866, 143771, 100, 65
2026-06-30T16:34:43,128866, 143771, 100, 64
2026-06-30T16:34:44,128866, 143771, 100, 67
2026-06-30T16:34:45,128866, 143771, 100, 64
2026-06-30T16:34:46,128866, 143771, 87, 61
2026-06-30T16:34:47,128866, 143771, 100, 63
2026-06-30T16:34:48,128866, 143771, 89, 63
2026-06-30T16:34:49,128866, 143771, 100, 63
2026-06-30T16:34:50,128866, 143771, 65, 58
2026-06-30T16:34:51,128866, 143771, 100, 64
2026-06-30T16:34:52,128866, 143771, 87, 62
2026-06-30T16:34:53,128866, 143771, 100, 64
2026-06-30T16:34:54,128866, 143771, 90, 63
2026-06-30T16:34:55,128866, 143771, 100, 63
2026-06-30T16:34:56,128866, 143771, 88, 64
2026-06-30T16:34:57,128866, 143771, 100, 64
2026-06-30T16:34:58,128866, 143771, 91, 62
2026-06-30T16:34:59,128866, 143771, 100, 66
2026-06-30T16:35:00,128866, 143771, 89, 62
2026-06-30T16:35:01,128866, 143771, 100, 64
2026-06-30T16:35:02,128866, 143771, 100, 61
2026-06-30T16:35:03,128866, 143771, 100, 62
2026-06-30T16:35:04,128866, 143771, 100, 64
2026-06-30T16:35:05,128866, 143771, 100, 65
2026-06-30T16:35:07,128866, 143771, 100, 65
2026-06-30T16:35:08,128866, 143771, 100, 63
2026-06-30T16:35:09,128866, 143771, 100, 63
2026-06-30T16:35:10,128866, 143771, 93, 62
2026-06-30T16:35:11,128866, 143771, 100, 64
2026-06-30T16:35:12,128866, 143771, 90, 65
2026-06-30T16:35:13,128866, 143771, 100, 64
2026-06-30T16:35:14,128866, 143771, 89, 62
2026-06-30T16:35:15,128866, 143771, 100, 64
2026-06-30T16:35:16,128866, 143771, 74, 62
2026-06-30T16:35:17,128866, 143771, 100, 63
2026-06-30T16:35:18,128866, 143771, 61, 60
2026-06-30T16:35:19,128866, 143771, 100, 64
2026-06-30T16:35:20,128866, 143771, 88, 63
2026-06-30T16:35:21,128866, 143771, 100, 63
2026-06-30T16:35:22,128866, 143771, 91, 64
2026-06-30T16:35:23,128866, 143771, 100, 65
2026-06-30T16:35:24,128866, 143771, 86, 63
2026-06-30T16:35:25,128866, 143771, 100, 64
2026-06-30T16:35:26,128866, 143771, 92, 63
2026-06-30T16:35:27,128866, 143771, 100, 63
2026-06-30T16:35:28,128866, 143771, 94, 63
2026-06-30T16:35:29,128866, 143771, 100, 64
2026-06-30T16:35:30,128866, 143771, 96, 64
2026-06-30T16:35:31,128866, 143771, 100, 63
2026-06-30T16:35:32,128866, 143771, 100, 64
2026-06-30T16:35:33,128866, 143771, 100, 64
2026-06-30T16:35:34,128866, 143771, 100, 64
2026-06-30T16:35:35,128866, 143771, 100, 63
2026-06-30T16:35:36,128866, 143771, 100, 62
2026-06-30T16:35:37,128866, 143771, 100, 64
2026-06-30T16:35:38,128866, 143771, 100, 64
2026-06-30T16:35:39,128866, 143771, 91, 67
2026-06-30T16:35:41,128866, 143771, 100, 65
2026-06-30T16:35:42,128866, 143771, 87, 62
2026-06-30T16:35:43,128866, 143771, 100, 64
2026-06-30T16:35:44,128866, 143771, 90, 61
2026-06-30T16:35:45,128866, 143771, 100, 64
2026-06-30T16:35:46,128866, 143771, 90, 59
2026-06-30T16:35:47,128866, 143771, 100, 64
2026-06-30T16:35:48,128866, 143771, 89, 63
2026-06-30T16:35:49,128866, 143771, 100, 64
2026-06-30T16:35:50,128866, 143771, 88, 63
2026-06-30T16:35:51,128866, 143771, 100, 64
2026-06-30T16:35:52,128866, 143771, 89, 62
2026-06-30T16:35:53,128866, 143771, 100, 63
2026-06-30T16:35:54,128866, 143771, 89, 63
2026-06-30T16:35:55,128866, 143771, 100, 64
2026-06-30T16:35:56,128866, 143771, 91, 63
2026-06-30T16:35:57,128866, 143771, 100, 62
2026-06-30T16:35:58,128866, 143771, 94, 63
2026-06-30T16:35:59,128866, 143771, 100, 65
2026-06-30T16:36:00,128866, 143771, 100, 64
2026-06-30T16:36:01,128866, 143771, 100, 63
2026-06-30T16:36:02,128866, 143771, 100, 64
2026-06-30T16:36:03,128866, 143771, 100, 63
2026-06-30T16:36:04,128866, 143771, 100, 65
2026-06-30T16:36:05,128866, 143771, 100, 63
2026-06-30T16:36:06,128866, 143771, 100, 65
2026-06-30T16:36:07,128866, 143771, 100, 62
2026-06-30T16:36:08,128866, 143771, 100, 64
2026-06-30T16:36:09,128866, 143771, 87, 67
2026-06-30T16:36:10,128866, 143771, 100, 62
2026-06-30T16:36:11,128866, 143771, 86, 62
2026-06-30T16:36:12,128866, 143771, 100, 63
2026-06-30T16:36:14,128866, 143771, 90, 62
2026-06-30T16:36:15,128866, 143771, 100, 64
2026-06-30T16:36:16,128866, 143771, 66, 61
2026-06-30T16:36:17,128866, 143771, 100, 63
2026-06-30T16:36:18,128866, 143771, 88, 64
2026-06-30T16:36:19,128866, 143771, 100, 64
2026-06-30T16:36:20,128866, 143771, 88, 62
2026-06-30T16:36:21,128866, 143771, 100, 66
2026-06-30T16:36:22,128866, 143771, 85, 61
2026-06-30T16:36:23,128866, 143771, 100, 64
2026-06-30T16:36:24,128866, 143771, 89, 62
2026-06-30T16:36:25,128866, 143771, 100, 65
2026-06-30T16:36:26,128866, 143771, 97, 62
2026-06-30T16:36:27,128866, 143771, 100, 62
2026-06-30T16:36:28,128866, 143771, 100, 59
2026-06-30T16:36:29,128866, 143771, 100, 65
2026-06-30T16:36:30,128866, 143771, 100, 64
2026-06-30T16:36:31,128866, 143771, 100, 61
2026-06-30T16:36:32,128866, 143771, 100, 65
2026-06-30T16:36:33,128866, 143771, 100, 66
2026-06-30T16:36:34,128866, 143771, 100, 65
2026-06-30T16:36:35,128866, 143771, 100, 64
2026-06-30T16:36:36,128866, 143771, 100, 63
2026-06-30T16:36:37,128866, 143771, 94, 63
2026-06-30T16:36:38,128866, 143771, 100, 62
2026-06-30T16:36:39,128866, 143771, 88, 62
2026-06-30T16:36:40,128866, 143771, 100, 64
2026-06-30T16:36:41,128866, 143771, 91, 61
2026-06-30T16:36:42,128866, 143771, 100, 64
2026-06-30T16:36:43,128866, 143771, 87, 62
2026-06-30T16:36:44,128866, 143771, 100, 62
2026-06-30T16:36:45,128866, 143771, 85, 62
2026-06-30T16:36:46,128866, 143771, 100, 62
2026-06-30T16:36:48,128866, 143771, 89, 62
2026-06-30T16:36:49,128866, 143771, 100, 64
2026-06-30T16:36:50,128866, 143771, 90, 63
2026-06-30T16:36:51,128866, 143771, 100, 64
2026-06-30T16:36:52,128866, 143771, 88, 63
2026-06-30T16:36:53,128866, 143771, 100, 64
2026-06-30T16:36:54,128866, 143771, 100, 61
2026-06-30T16:36:55,128866, 143771, 100, 65
2026-06-30T16:36:56,128866, 143771, 100, 63
2026-06-30T16:36:57,128866, 143771, 100, 64
2026-06-30T16:36:58,128866, 143771, 100, 65
2026-06-30T16:36:59,128866, 143771, 100, 63
2026-06-30T16:37:00,128866, 143771, 100, 64
2026-06-30T16:37:01,128866, 143771, 100, 67
2026-06-30T16:37:02,128866, 143771, 100, 65
2026-06-30T16:37:03,128866, 143771, 88, 67
2026-06-30T16:37:04,128866, 143771, 100, 62
2026-06-30T16:37:05,128866, 143771, 91, 62
2026-06-30T16:37:06,128866, 143771, 100, 63
2026-06-30T16:37:07,128866, 143771, 90, 61
2026-06-30T16:37:08,128866, 143771, 100, 63
2026-06-30T16:37:09,128866, 143771, 81, 62
2026-06-30T16:37:10,128866, 143771, 100, 63
2026-06-30T16:37:11,128866, 143771, 88, 59
2026-06-30T16:37:12,128866, 143771, 100, 63
2026-06-30T16:37:13,128866, 143771, 87, 62
2026-06-30T16:37:14,128866, 143771, 100, 64
2026-06-30T16:37:15,128866, 143771, 88, 62
2026-06-30T16:37:16,128866, 143771, 100, 65
2026-06-30T16:37:17,128866, 143771, 91, 62
2026-06-30T16:37:18,128866, 143771, 100, 64
2026-06-30T16:37:19,128866, 143771, 91, 62
2026-06-30T16:37:21,128866, 143771, 100, 64
2026-06-30T16:37:22,128866, 143771, 99, 60
2026-06-30T16:37:23,128866, 143771, 100, 63
2026-06-30T16:37:24,128866, 143771, 100, 63
2026-06-30T16:37:25,128866, 143771, 100, 62
2026-06-30T16:37:26,128866, 143771, 100, 64
2026-06-30T16:37:27,128866, 143771, 100, 67
2026-06-30T16:37:28,128866, 143771, 100, 65
2026-06-30T16:37:29,128866, 143771, 97, 61
2026-06-30T16:37:30,128866, 143771, 100, 63
2026-06-30T16:37:31,128866, 143771, 92, 64
2026-06-30T16:37:32,128866, 143771, 100, 65
2026-06-30T16:37:33,128866, 143771, 88, 63
2026-06-30T16:37:34,128866, 143771, 100, 62
2026-06-30T16:37:35,128866, 143771, 63, 62
2026-06-30T16:37:36,128866, 143771, 100, 63
2026-06-30T16:37:37,128866, 143771, 59, 62
2026-06-30T16:37:38,128866, 143771, 100, 63
2026-06-30T16:37:39,128866, 143771, 90, 63
2026-06-30T16:37:40,128866, 143771, 100, 63
2026-06-30T16:37:41,128866, 143771, 91, 62
2026-06-30T16:37:42,128866, 143771, 100, 64
2026-06-30T16:37:43,128866, 143771, 89, 63
2026-06-30T16:37:44,128866, 143771, 100, 64
2026-06-30T16:37:45,128866, 143771, 89, 62
2026-06-30T16:37:46,128866, 143771, 100, 65
2026-06-30T16:37:47,128866, 143771, 96, 62
2026-06-30T16:37:48,128866, 143771, 100, 64
2026-06-30T16:37:49,128866, 143771, 100, 65
2026-06-30T16:37:50,128866, 143771, 100, 62
2026-06-30T16:37:51,128866, 143771, 100, 64
2026-06-30T16:37:53,128866, 143771, 100, 65
2026-06-30T16:37:54,128866, 143771, 100, 65
2026-06-30T16:37:55,128866, 143771, 96, 64
2026-06-30T16:37:56,128866, 143771, 100, 65
2026-06-30T16:37:57,128866, 143771, 88, 67
2026-06-30T16:37:58,128866, 143771, 100, 64
2026-06-30T16:37:59,128866, 143771, 73, 62
2026-06-30T16:38:00,128866, 143771, 100, 64
2026-06-30T16:38:01,128866, 143771, 60, 61
2026-06-30T16:38:02,128866, 143771, 100, 64
2026-06-30T16:38:03,128866, 143771, 89, 61
2026-06-30T16:38:04,128866, 143771, 100, 62
2026-06-30T16:38:05,128866, 143771, 88, 64
2026-06-30T16:38:06,128866, 143771, 100, 64
2026-06-30T16:38:07,128866, 143771, 91, 62
2026-06-30T16:38:08,128866, 143771, 100, 65
2026-06-30T16:38:09,128866, 143771, 87, 63
2026-06-30T16:38:10,128866, 143771, 100, 65
2026-06-30T16:38:11,128866, 143771, 96, 63
2026-06-30T16:38:12,128866, 143771, 100, 62
2026-06-30T16:38:13,128866, 143771, 100, 59
2026-06-30T16:38:14,128866, 143771, 100, 64
2026-06-30T16:38:15,128866, 143771, 100, 62
2026-06-30T16:38:16,128866, 143771, 100, 64
2026-06-30T16:38:17,128866, 143771, 100, 64
2026-06-30T16:38:18,128866, 143771, 100, 66
2026-06-30T16:38:19,128866, 143771, 100, 64
2026-06-30T16:38:20,128866, 143771, 97, 66
2026-06-30T16:38:21,128866, 143771, 100, 65
2026-06-30T16:38:22,128866, 143771, 89, 61
2026-06-30T16:38:23,128866, 143771, 100, 64
2026-06-30T16:38:24,128866, 143771, 74, 61
2026-06-30T16:38:26,128866, 143771, 100, 64
2026-06-30T16:38:27,128866, 143771, 62, 61
2026-06-30T16:38:28,128866, 143771, 100, 64
2026-06-30T16:38:29,128866, 143771, 86, 62
2026-06-30T16:38:30,128866, 143771, 100, 63
2026-06-30T16:38:31,128866, 143771, 89, 62
2026-06-30T16:38:32,128866, 143771, 100, 65
2026-06-30T16:38:33,128866, 143771, 89, 63
2026-06-30T16:38:34,128866, 143771, 100, 64
2026-06-30T16:38:35,128866, 143771, 86, 61
2026-06-30T16:38:36,128866, 143771, 100, 63
2026-06-30T16:38:37,128866, 143771, 92, 61
2026-06-30T16:38:38,128866, 143771, 100, 64
2026-06-30T16:38:39,128866, 143771, 100, 64
2026-06-30T16:38:40,128866, 143771, 100, 64
2026-06-30T16:38:41,128866, 143771, 100, 65
2026-06-30T16:38:42,128866, 143771, 100, 65
2026-06-30T16:38:43,128866, 143771, 100, 65
2026-06-30T16:38:44,128866, 143771, 100, 64
2026-06-30T16:38:45,128866, 143771, 100, 63
2026-06-30T16:38:46,128866, 143771, 94, 61
2026-06-30T16:38:47,128866, 143771, 100, 62
2026-06-30T16:38:48,128866, 143771, 90, 63
2026-06-30T16:38:49,128866, 143771, 100, 65
2026-06-30T16:38:50,128866, 143771, 90, 62
2026-06-30T16:38:51,128866, 143771, 100, 63
2026-06-30T16:38:52,128866, 143771, 73, 63
2026-06-30T16:38:53,128866, 143771, 100, 64
2026-06-30T16:38:54,128866, 143771, 89, 62
2026-06-30T16:38:55,128866, 143771, 100, 63
2026-06-30T16:38:56,128866, 143771, 91, 62
2026-06-30T16:38:57,128866, 143771, 100, 64
2026-06-30T16:38:59,128866, 143771, 87, 62
2026-06-30T16:39:00,128866, 143771, 100, 64
2026-06-30T16:39:01,128866, 143771, 85, 62
2026-06-30T16:39:02,128866, 143771, 100, 64
2026-06-30T16:39:03,128866, 143771, 89, 61
2026-06-30T16:39:04,128866, 143771, 100, 62
2026-06-30T16:39:05,128866, 143771, 100, 59
2026-06-30T16:39:06,128866, 143771, 100, 63
2026-06-30T16:39:07,128866, 143771, 100, 64
2026-06-30T16:39:08,128866, 143771, 100, 65
2026-06-30T16:39:09,128866, 143771, 100, 64
2026-06-30T16:39:10,128866, 143771, 100, 62
2026-06-30T16:39:11,128866, 143771, 100, 64
2026-06-30T16:39:12,128866, 143771, 100, 67
2026-06-30T16:39:13,128866, 143771, 100, 65
2026-06-30T16:39:14,128866, 143771, 90, 64
2026-06-30T16:39:15,128866, 143771, 100, 65
2026-06-30T16:39:16,128866, 143771, 90, 63
2026-06-30T16:39:17,128866, 143771, 100, 62
2026-06-30T16:39:18,128866, 143771, 69, 62
2026-06-30T16:39:19,128866, 143771, 100, 65
2026-06-30T16:39:20,128866, 143771, 64, 61
2026-06-30T16:39:21,128866, 143771, 100, 65
2026-06-30T16:39:22,128866, 143771, 88, 62
2026-06-30T16:39:23,128866, 143771, 100, 64
2026-06-30T16:39:24,128866, 143771, 86, 61
2026-06-30T16:39:25,128866, 143771, 100, 64
2026-06-30T16:39:26,128866, 143771, 92, 62
2026-06-30T16:39:27,128866, 143771, 100, 60
2026-06-30T16:39:28,128866, 143771, 100, 63
2026-06-30T16:39:29,128866, 143771, 100, 63
2026-06-30T16:39:30,128866, 143771, 100, 64
2026-06-30T16:39:32,128866, 143771, 96, 62
2026-06-30T16:39:33,128866, 143771, 100, 62
2026-06-30T16:39:34,128866, 143771, 88, 66
2026-06-30T16:39:35,128866, 143771, 100, 63
2026-06-30T16:39:36,128866, 143771, 89, 61
2026-06-30T16:39:37,128866, 143771, 100, 63
2026-06-30T16:39:38,128866, 143771, 64, 62
2026-06-30T16:39:39,128866, 143771, 100, 63
2026-06-30T16:39:40,128866, 143771, 90, 61
2026-06-30T16:39:41,128866, 143771, 100, 65
2026-06-30T16:39:42,128866, 143771, 87, 63
2026-06-30T16:39:43,128866, 143771, 100, 64
2026-06-30T16:39:44,128866, 143771, 87, 62
2026-06-30T16:39:45,128866, 143771, 100, 64
2026-06-30T16:39:46,128866, 143771, 89, 62
2026-06-30T16:39:47,128866, 143771, 100, 63
2026-06-30T16:39:48,128866, 143771, 93, 62
2026-06-30T16:39:49,128866, 143771, 100, 63
2026-06-30T16:39:50,128866, 143771, 100, 59
2026-06-30T16:39:51,128866, 143771, 100, 62
2026-06-30T16:39:52,128866, 143771, 100, 64
2026-06-30T16:39:53,128866, 143771, 100, 62
2026-06-30T16:39:54,128866, 143771, 100, 64
2026-06-30T16:39:55,128866, 143771, 96, 64
2026-06-30T16:39:56,128866, 143771, 100, 64
2026-06-30T16:39:57,128866, 143771, 90, 66
2026-06-30T16:39:58,128866, 143771, 100, 64
2026-06-30T16:39:59,128866, 143771, 90, 62
2026-06-30T16:40:00,128866, 143771, 100, 64
2026-06-30T16:40:01,128866, 143771, 90, 61
2026-06-30T16:40:02,128866, 143771, 100, 63
2026-06-30T16:40:03,128866, 143771, 70, 58
2026-06-30T16:40:04,128866, 143771, 100, 63
2026-06-30T16:40:06,128866, 143771, 88, 62
2026-06-30T16:40:07,128866, 143771, 100, 64
2026-06-30T16:40:08,128866, 143771, 87, 61
2026-06-30T16:40:09,128866, 143771, 100, 64
2026-06-30T16:40:10,128866, 143771, 87, 63
2026-06-30T16:40:11,128866, 143771, 100, 64
2026-06-30T16:40:12,128866, 143771, 86, 59
2026-06-30T16:40:13,128866, 143771, 100, 64
2026-06-30T16:40:14,128866, 143771, 100, 64
2026-06-30T16:40:15,128866, 143771, 100, 64
2026-06-30T16:40:16,128866, 143771, 100, 62
2026-06-30T16:40:17,128866, 143771, 100, 63
2026-06-30T16:40:18,128866, 143771, 100, 64
2026-06-30T16:40:19,128866, 143771, 100, 65
2026-06-30T16:40:20,128866, 143771, 100, 65
2026-06-30T16:40:21,128866, 143771, 95, 62
2026-06-30T16:40:22,128866, 143771, 100, 63
2026-06-30T16:40:23,128866, 143771, 88, 67
2026-06-30T16:40:24,128866, 143771, 100, 62
2026-06-30T16:40:25,128866, 143771, 89, 62
2026-06-30T16:40:26,128866, 143771, 100, 64
2026-06-30T16:40:27,128866, 143771, 72, 62
2026-06-30T16:40:28,128866, 143771, 100, 64
2026-06-30T16:40:29,128866, 143771, 71, 62
2026-06-30T16:40:30,128866, 143771, 100, 64
2026-06-30T16:40:31,128866, 143771, 85, 62
2026-06-30T16:40:32,128866, 143771, 100, 64
2026-06-30T16:40:33,128866, 143771, 86, 61
2026-06-30T16:40:34,128866, 143771, 100, 64
2026-06-30T16:40:35,128866, 143771, 89, 61
2026-06-30T16:40:36,128866, 143771, 100, 62
2026-06-30T16:40:37,128866, 143771, 92, 61
2026-06-30T16:40:38,128866, 143771, 100, 65
2026-06-30T16:40:40,128866, 143771, 96, 65
2026-06-30T16:40:41,128866, 143771, 100, 64
2026-06-30T16:40:42,128866, 143771, 100, 64
2026-06-30T16:40:43,128866, 143771, 100, 61
2026-06-30T16:40:44,128866, 143771, 100, 64
2026-06-30T16:40:45,128866, 143771, 100, 65
2026-06-30T16:40:46,128866, 143771, 100, 64
2026-06-30T16:40:47,128866, 143771, 100, 65
2026-06-30T16:40:48,128866, 143771, 100, 64
2026-06-30T16:40:49,128866, 143771, 89, 62
2026-06-30T16:40:50,128866, 143771, 100, 63
2026-06-30T16:40:51,128866, 143771, 91, 62
2026-06-30T16:40:52,128866, 143771, 100, 64
2026-06-30T16:40:53,128866, 143771, 89, 61
2026-06-30T16:40:54,128866, 143771, 100, 64
2026-06-30T16:40:55,128866, 143771, 90, 60
2026-06-30T16:40:56,128866, 143771, 100, 65
2026-06-30T16:40:57,128866, 143771, 87, 63
2026-06-30T16:40:58,128866, 143771, 100, 64
2026-06-30T16:40:59,128866, 143771, 91, 62
2026-06-30T16:41:00,128866, 143771, 100, 64
2026-06-30T16:41:01,128866, 143771, 88, 62
2026-06-30T16:41:02,128866, 143771, 100, 63
2026-06-30T16:41:03,128866, 143771, 91, 62
2026-06-30T16:41:04,128866, 143771, 100, 64
2026-06-30T16:41:05,128866, 143771, 95, 61
2026-06-30T16:41:06,128866, 143771, 100, 64
2026-06-30T16:41:07,128866, 143771, 100, 62
2026-06-30T16:41:08,128866, 143771, 100, 65
2026-06-30T16:41:09,128866, 143771, 100, 64
2026-06-30T16:41:10,128866, 143771, 100, 62
2026-06-30T16:41:11,128866, 143771, 100, 64
2026-06-30T16:41:13,128866, 143771, 100, 65
2026-06-30T16:41:14,128866, 143771, 100, 62
2026-06-30T16:41:15,128866, 143771, 97, 66
2026-06-30T16:41:16,128866, 143771, 100, 65
2026-06-30T16:41:17,128866, 143771, 94, 62
2026-06-30T16:41:18,128866, 143771, 100, 64
2026-06-30T16:41:19,128866, 143771, 88, 61
2026-06-30T16:41:20,128866, 143771, 100, 64
2026-06-30T16:41:21,128866, 143771, 72, 62
2026-06-30T16:41:22,128866, 143771, 100, 63
2026-06-30T16:41:23,128866, 143771, 71, 62
2026-06-30T16:41:24,128866, 143771, 100, 64
2026-06-30T16:41:25,128866, 143771, 88, 62
2026-06-30T16:41:26,128866, 143771, 100, 63
2026-06-30T16:41:27,128866, 143771, 87, 61
2026-06-30T16:41:28,128866, 143771, 100, 64
2026-06-30T16:41:29,128866, 143771, 88, 62
2026-06-30T16:41:30,128866, 143771, 100, 64
2026-06-30T16:41:31,128866, 143771, 91, 62
2026-06-30T16:41:32,128866, 143771, 100, 62
2026-06-30T16:41:33,128866, 143771, 93, 64
2026-06-30T16:41:34,128866, 143771, 100, 64
2026-06-30T16:41:35,128866, 143771, 100, 62
2026-06-30T16:41:36,128866, 143771, 100, 62
2026-06-30T16:41:37,128866, 143771, 100, 65
2026-06-30T16:41:38,128866, 143771, 100, 64
2026-06-30T16:41:39,128866, 143771, 100, 62
2026-06-30T16:41:40,128866, 143771, 100, 66
2026-06-30T16:41:41,128866, 143771, 100, 64
2026-06-30T16:41:42,128866, 143771, 89, 67
2026-06-30T16:41:43,128866, 143771, 100, 63
2026-06-30T16:41:44,128866, 143771, 88, 62
2026-06-30T16:41:45,128866, 143771, 100, 63
2026-06-30T16:41:47,128866, 143771, 91, 63
2026-06-30T16:41:48,128866, 143771, 100, 65
2026-06-30T16:41:49,128866, 143771, 71, 61
2026-06-30T16:41:50,128866, 143771, 100, 64
2026-06-30T16:41:51,128866, 143771, 90, 59
2026-06-30T16:41:52,128866, 143771, 100, 64
2026-06-30T16:41:53,128866, 143771, 88, 63
2026-06-30T16:41:54,128866, 143771, 100, 65
2026-06-30T16:41:55,128866, 143771, 89, 62
2026-06-30T16:41:56,128866, 143771, 100, 63
2026-06-30T16:41:57,128866, 143771, 91, 62
2026-06-30T16:41:58,128866, 143771, 100, 64
2026-06-30T16:41:59,128866, 143771, 88, 62
2026-06-30T16:42:00,128866, 143771, 100, 63
2026-06-30T16:42:01,128866, 143771, 94, 61
2026-06-30T16:42:02,128866, 143771, 100, 62
2026-06-30T16:42:03,128866, 143771, 100, 64
2026-06-30T16:42:04,128866, 143771, 100, 64
2026-06-30T16:42:05,128866, 143771, 100, 62
2026-06-30T16:42:06,128866, 143771, 100, 65
2026-06-30T16:42:07,128866, 143771, 100, 62
2026-06-30T16:42:08,128866, 143771, 100, 66
2026-06-30T16:42:09,128866, 143771, 100, 65
2026-06-30T16:42:10,128866, 143771, 97, 63
2026-06-30T16:42:11,128866, 143771, 100, 64
2026-06-30T16:42:12,128866, 143771, 89, 63
2026-06-30T16:42:13,128866, 143771, 100, 64
2026-06-30T16:42:14,128866, 143771, 82, 62
2026-06-30T16:42:15,128866, 143771, 100, 64
2026-06-30T16:42:16,128866, 143771, 75, 61
2026-06-30T16:42:17,128866, 143771, 100, 64
2026-06-30T16:42:18,128866, 143771, 89, 64
2026-06-30T16:42:20,128866, 143771, 100, 64
2026-06-30T16:42:21,128866, 143771, 89, 63
2026-06-30T16:42:22,128866, 143771, 100, 62
2026-06-30T16:42:23,128866, 143771, 89, 63
2026-06-30T16:42:24,128866, 143771, 100, 63
2026-06-30T16:42:25,128866, 143771, 88, 62
2026-06-30T16:42:26,128866, 143771, 100, 64
2026-06-30T16:42:27,128866, 143771, 92, 63
2026-06-30T16:42:28,128866, 143771, 100, 63
2026-06-30T16:42:29,128866, 143771, 100, 64
2026-06-30T16:42:30,128866, 143771, 100, 64
2026-06-30T16:42:31,128866, 143771, 100, 65
2026-06-30T16:42:32,128866, 143771, 100, 63
2026-06-30T16:42:33,128866, 143771, 100, 65
2026-06-30T16:42:34,128866, 143771, 100, 64
2026-06-30T16:42:35,128866, 143771, 100, 63
2026-06-30T16:42:36,128866, 143771, 88, 66
2026-06-30T16:42:37,128866, 143771, 100, 63
2026-06-30T16:42:38,128866, 143771, 85, 62
2026-06-30T16:42:39,128866, 143771, 100, 64
2026-06-30T16:42:40,128866, 143771, 89, 61
2026-06-30T16:42:41,128866, 143771, 100, 64
2026-06-30T16:42:42,128866, 143771, 85, 63
2026-06-30T16:42:43,128866, 143771, 100, 64
2026-06-30T16:42:44,128866, 143771, 88, 62
2026-06-30T16:42:45,128866, 143771, 100, 62
2026-06-30T16:42:46,128866, 143771, 86, 62
2026-06-30T16:42:47,128866, 143771, 100, 64
2026-06-30T16:42:48,128866, 143771, 87, 62
2026-06-30T16:42:49,128866, 143771, 100, 62
2026-06-30T16:42:50,128866, 143771, 86, 59
2026-06-30T16:42:51,128866, 143771, 100, 63
2026-06-30T16:42:52,128866, 143771, 100, 64
2026-06-30T16:42:54,128866, 143771, 100, 64
2026-06-30T16:42:55,128866, 143771, 100, 63
2026-06-30T16:42:56,128866, 143771, 100, 63
2026-06-30T16:42:57,128866, 143771, 100, 64
2026-06-30T16:42:58,128866, 143771, 100, 63
2026-06-30T16:42:59,128866, 143771, 100, 64
2026-06-30T16:43:00,128866, 143771, 94, 62
2026-06-30T16:43:01,128866, 143771, 100, 64
2026-06-30T16:43:02,128866, 143771, 92, 67
2026-06-30T16:43:03,128866, 143771, 100, 64
2026-06-30T16:43:04,128866, 143771, 88, 62
2026-06-30T16:43:05,128866, 143771, 100, 64
2026-06-30T16:43:06,128866, 143771, 75, 62
2026-06-30T16:43:07,128866, 143771, 100, 65
2026-06-30T16:43:08,128866, 143771, 63, 60
2026-06-30T16:43:09,128866, 143771, 100, 63
2026-06-30T16:43:10,128866, 143771, 88, 64
2026-06-30T16:43:11,128866, 143771, 100, 64
2026-06-30T16:43:12,128866, 143771, 89, 63
2026-06-30T16:43:13,128866, 143771, 100, 65
2026-06-30T16:43:14,128866, 143771, 86, 62
2026-06-30T16:43:15,128866, 143771, 100, 64
2026-06-30T16:43:16,128866, 143771, 89, 61
2026-06-30T16:43:17,128866, 143771, 100, 64
2026-06-30T16:43:18,128866, 143771, 99, 60
2026-06-30T16:43:19,128866, 143771, 100, 63
2026-06-30T16:43:20,128866, 143771, 100, 64
2026-06-30T16:43:21,128866, 143771, 100, 62
2026-06-30T16:43:22,128866, 143771, 100, 64
2026-06-30T16:43:23,128866, 143771, 100, 64
2026-06-30T16:43:24,128866, 143771, 100, 62
2026-06-30T16:43:25,128866, 143771, 100, 66
2026-06-30T16:43:27,128866, 143771, 100, 64
2026-06-30T16:43:28,128866, 143771, 97, 65
2026-06-30T16:43:29,128866, 143771, 100, 64
2026-06-30T16:43:30,128866, 143771, 90, 64
2026-06-30T16:43:31,128866, 143771, 100, 62
2026-06-30T16:43:32,128866, 143771, 89, 62
2026-06-30T16:43:33,128866, 143771, 100, 64
2026-06-30T16:43:34,128866, 143771, 63, 59
2026-06-30T16:43:35,128866, 143771, 100, 64
2026-06-30T16:43:36,128866, 143771, 87, 63
2026-06-30T16:43:37,128866, 143771, 100, 65
2026-06-30T16:43:38,128866, 143771, 90, 63
2026-06-30T16:43:39,128866, 143771, 100, 62
2026-06-30T16:43:40,128866, 143771, 86, 62
2026-06-30T16:43:41,128866, 143771, 100, 63
2026-06-30T16:43:42,128866, 143771, 89, 62
2026-06-30T16:43:43,128866, 143771, 100, 63
2026-06-30T16:43:44,128866, 143771, 86, 63
2026-06-30T16:43:45,128866, 143771, 100, 65
2026-06-30T16:43:46,128866, 143771, 91, 62
2026-06-30T16:43:47,128866, 143771, 100, 64
2026-06-30T16:43:48,128866, 143771, 100, 65
2026-06-30T16:43:49,128866, 143771, 100, 63
2026-06-30T16:43:50,128866, 143771, 100, 63
2026-06-30T16:43:51,128866, 143771, 100, 64
2026-06-30T16:43:52,128866, 143771, 100, 64
2026-06-30T16:43:53,128866, 143771, 100, 66
2026-06-30T16:43:54,128866, 143771, 100, 64
2026-06-30T16:43:55,128866, 143771, 94, 64
2026-06-30T16:43:56,128866, 143771, 100, 63
2026-06-30T16:43:57,128866, 143771, 88, 67
2026-06-30T16:43:58,128866, 143771, 100, 62
2026-06-30T16:44:00,128866, 143771, 87, 62
2026-06-30T16:44:01,128866, 143771, 100, 64
2026-06-30T16:44:02,128866, 143771, 64, 61
2026-06-30T16:44:03,128866, 143771, 100, 62
2026-06-30T16:44:04,128866, 143771, 88, 62
2026-06-30T16:44:05,128866, 143771, 100, 65
2026-06-30T16:44:06,128866, 143771, 88, 63
2026-06-30T16:44:07,128866, 143771, 100, 64
2026-06-30T16:44:08,128866, 143771, 87, 62
2026-06-30T16:44:09,128866, 143771, 100, 63
2026-06-30T16:44:10,128866, 143771, 87, 60
2026-06-30T16:44:11,128866, 143771, 100, 63
2026-06-30T16:44:12,128866, 143771, 100, 62
2026-06-30T16:44:13,128866, 143771, 100, 63
2026-06-30T16:44:14,128866, 143771, 100, 61
2026-06-30T16:44:15,128866, 143771, 100, 63
2026-06-30T16:44:16,128866, 143771, 100, 64
2026-06-30T16:44:17,128866, 143771, 100, 66
2026-06-30T16:44:18,128866, 143771, 100, 63
2026-06-30T16:44:19,128866, 143771, 95, 60
2026-06-30T16:44:20,128866, 143771, 100, 61
2026-06-30T16:44:21,128866, 143771, 87, 65
2026-06-30T16:44:22,128866, 143771, 100, 62
2026-06-30T16:44:23,128866, 143771, 90, 61
2026-06-30T16:44:24,128866, 143771, 100, 64
2026-06-30T16:44:25,128866, 143771, 64, 61
2026-06-30T16:44:26,128866, 143771, 100, 63
2026-06-30T16:44:27,128866, 143771, 85, 59
2026-06-30T16:44:28,128866, 143771, 100, 64
2026-06-30T16:44:29,128866, 143771, 89, 62
2026-06-30T16:44:30,128866, 143771, 100, 64
2026-06-30T16:44:31,128866, 143771, 89, 61
2026-06-30T16:44:32,128866, 143771, 100, 64
2026-06-30T16:44:34,128866, 143771, 90, 61
2026-06-30T16:44:35,128866, 143771, 100, 63
2026-06-30T16:44:36,128866, 143771, 88, 61
2026-06-30T16:44:37,128866, 143771, 100, 63
2026-06-30T16:44:38,128866, 143771, 91, 61
2026-06-30T16:44:39,128866, 143771, 100, 63
2026-06-30T16:44:40,128866, 143771, 92, 64
2026-06-30T16:44:41,128866, 143771, 100, 64
2026-06-30T16:44:42,128866, 143771, 100, 63
2026-06-30T16:44:43,128866, 143771, 100, 63
2026-06-30T16:44:44,128866, 143771, 100, 63
2026-06-30T16:44:45,128866, 143771, 100, 62
2026-06-30T16:44:46,128866, 143771, 100, 64
2026-06-30T16:44:47,128866, 143771, 100, 63
2026-06-30T16:44:48,128866, 143771, 100, 63
2026-06-30T16:44:49,128866, 143771, 91, 63
2026-06-30T16:44:50,128866, 143771, 100, 63
2026-06-30T16:44:51,128866, 143771, 88, 66
2026-06-30T16:44:52,128866, 143771, 100, 62
2026-06-30T16:44:53,128866, 143771, 61, 61
2026-06-30T16:44:54,128866, 143771, 100, 61
2026-06-30T16:44:55,128866, 143771, 62, 60
2026-06-30T16:44:56,128866, 143771, 100, 63
2026-06-30T16:44:57,128866, 143771, 77, 63
2026-06-30T16:44:58,128866, 143771, 100, 63
2026-06-30T16:44:59,128866, 143771, 85, 60
2026-06-30T16:45:00,128866, 143771, 100, 63
2026-06-30T16:45:01,128866, 143771, 88, 61
2026-06-30T16:45:02,128866, 143771, 100, 64
2026-06-30T16:45:03,128866, 143771, 88, 62
2026-06-30T16:45:04,128866, 143771, 100, 64
2026-06-30T16:45:05,128866, 143771, 97, 59
2026-06-30T16:45:07,128866, 143771, 100, 63
2026-06-30T16:45:08,128866, 143771, 100, 63
2026-06-30T16:45:09,128866, 143771, 100, 63
2026-06-30T16:45:10,128866, 143771, 100, 62
2026-06-30T16:45:11,128866, 143771, 100, 65
2026-06-30T16:45:12,128866, 143771, 100, 64
2026-06-30T16:45:13,128866, 143771, 98, 65
2026-06-30T16:45:14,128866, 143771, 100, 63
2026-06-30T16:45:15,128866, 143771, 95, 61
2026-06-30T16:45:16,128866, 143771, 100, 62
2026-06-30T16:45:17,128866, 143771, 87, 62
2026-06-30T16:45:18,128866, 143771, 100, 61
2026-06-30T16:45:19,128866, 143771, 64, 62
2026-06-30T16:45:20,128866, 143771, 100, 63
2026-06-30T16:45:21,128866, 143771, 72, 60
2026-06-30T16:45:22,128866, 143771, 100, 63
2026-06-30T16:45:23,128866, 143771, 90, 62
2026-06-30T16:45:24,128866, 143771, 100, 62
2026-06-30T16:45:25,128866, 143771, 88, 62
2026-06-30T16:45:26,128866, 143771, 100, 61
2026-06-30T16:45:27,128866, 143771, 89, 61
2026-06-30T16:45:28,128866, 143771, 100, 64
2026-06-30T16:45:29,128866, 143771, 89, 61
2026-06-30T16:45:30,128866, 143771, 100, 61
2026-06-30T16:45:31,128866, 143771, 88, 62
2026-06-30T16:45:32,128866, 143771, 100, 63
2026-06-30T16:45:33,128866, 143771, 100, 62
2026-06-30T16:45:34,128866, 143771, 100, 61
2026-06-30T16:45:35,128866, 143771, 100, 63
2026-06-30T16:45:36,128866, 143771, 100, 62
2026-06-30T16:45:37,128866, 143771, 100, 62
2026-06-30T16:45:38,128866, 143771, 100, 62
2026-06-30T16:45:39,128866, 143771, 100, 62
2026-06-30T16:45:41,128866, 143771, 100, 65
2026-06-30T16:45:42,128866, 143771, 100, 63
2026-06-30T16:45:43,128866, 143771, 92, 62
2026-06-30T16:45:44,128866, 143771, 100, 63
2026-06-30T16:45:45,128866, 143771, 88, 66
2026-06-30T16:45:46,128866, 143771, 100, 61
2026-06-30T16:45:47,128866, 143771, 67, 61
2026-06-30T16:45:48,128866, 143771, 100, 63
2026-06-30T16:45:49,128866, 143771, 76, 61
2026-06-30T16:45:50,128866, 143771, 100, 64
2026-06-30T16:45:51,128866, 143771, 90, 61
2026-06-30T16:45:52,128866, 143771, 100, 61
2026-06-30T16:45:53,128866, 143771, 90, 61
2026-06-30T16:45:54,128866, 143771, 100, 63
2026-06-30T16:45:55,128866, 143771, 90, 61
2026-06-30T16:45:56,128866, 143771, 100, 61
2026-06-30T16:45:57,128866, 143771, 89, 61
2026-06-30T16:45:58,128866, 143771, 100, 64
2026-06-30T16:45:59,128866, 143771, 90, 62
2026-06-30T16:46:00,128866, 143771, 100, 63
2026-06-30T16:46:01,128866, 143771, 88, 61
2026-06-30T16:46:02,128866, 143771, 100, 64
2026-06-30T16:46:03,128866, 143771, 100, 61
2026-06-30T16:46:04,128866, 143771, 100, 62
2026-06-30T16:46:05,128866, 143771, 100, 64
2026-06-30T16:46:06,128866, 143771, 100, 62
2026-06-30T16:46:07,128866, 143771, 100, 63
2026-06-30T16:46:08,128866, 143771, 100, 63
2026-06-30T16:46:09,128866, 143771, 100, 63
2026-06-30T16:46:10,128866, 143771, 100, 65
2026-06-30T16:46:11,128866, 143771, 100, 64
2026-06-30T16:46:12,128866, 143771, 95, 60
2026-06-30T16:46:14,128866, 143771, 100, 61
2026-06-30T16:46:15,128866, 143771, 87, 66
2026-06-30T16:46:16,128866, 143771, 100, 61
2026-06-30T16:46:17,128866, 143771, 68, 61
2026-06-30T16:46:18,128866, 143771, 100, 63
2026-06-30T16:46:19,128866, 143771, 71, 62
2026-06-30T16:46:20,128866, 143771, 100, 62
2026-06-30T16:46:21,128866, 143771, 70, 60
2026-06-30T16:46:22,128866, 143771, 100, 64
2026-06-30T16:46:23,128866, 143771, 91, 62
2026-06-30T16:46:24,128866, 143771, 100, 62
2026-06-30T16:46:25,128866, 143771, 85, 61
2026-06-30T16:46:26,128866, 143771, 100, 62
2026-06-30T16:46:27,128866, 143771, 88, 62
2026-06-30T16:46:28,128866, 143771, 100, 63
2026-06-30T16:46:29,128866, 143771, 91, 61
2026-06-30T16:46:30,128866, 143771, 100, 63
2026-06-30T16:46:31,128866, 143771, 95, 64
2026-06-30T16:46:32,128866, 143771, 100, 63
2026-06-30T16:46:33,128866, 143771, 100, 63
2026-06-30T16:46:34,128866, 143771, 100, 60
2026-06-30T16:46:35,128866, 143771, 100, 63
2026-06-30T16:46:36,128866, 143771, 100, 62
2026-06-30T16:46:37,128866, 143771, 100, 63
2026-06-30T16:46:38,128866, 143771, 100, 64
2026-06-30T16:46:39,128866, 143771, 100, 63
2026-06-30T16:46:40,128866, 143771, 97, 62
2026-06-30T16:46:41,128866, 143771, 100, 63
2026-06-30T16:46:42,128866, 143771, 91, 61
2026-06-30T16:46:43,128866, 143771, 100, 64
2026-06-30T16:46:44,128866, 143771, 86, 60
2026-06-30T16:46:45,128866, 143771, 100, 63
2026-06-30T16:46:46,128866, 143771, 73, 61
2026-06-30T16:46:48,128866, 143771, 100, 63
2026-06-30T16:46:49,128866, 143771, 89, 62
2026-06-30T16:46:50,128866, 143771, 100, 63
2026-06-30T16:46:51,128866, 143771, 89, 61
2026-06-30T16:46:52,128866, 143771, 100, 64
2026-06-30T16:46:53,128866, 143771, 89, 61
2026-06-30T16:46:54,128866, 143771, 100, 61
2026-06-30T16:46:55,128866, 143771, 88, 61
2026-06-30T16:46:56,128866, 143771, 100, 61
2026-06-30T16:46:57,128866, 143771, 93, 61
2026-06-30T16:46:58,128866, 143771, 100, 62
2026-06-30T16:46:59,128866, 143771, 95, 60
2026-06-30T16:47:00,128866, 143771, 100, 63
2026-06-30T16:47:01,128866, 143771, 97, 63
2026-06-30T16:47:02,128866, 143771, 100, 62
2026-06-30T16:47:03,128866, 143771, 100, 63
2026-06-30T16:47:04,128866, 143771, 100, 62
2026-06-30T16:47:05,128866, 143771, 100, 63
2026-06-30T16:47:06,128866, 143771, 100, 63
2026-06-30T16:47:07,128866, 143771, 100, 62
2026-06-30T16:47:08,128866, 143771, 100, 64
2026-06-30T16:47:09,128866, 143771, 100, 63
2026-06-30T16:47:10,128866, 143771, 90, 65
2026-06-30T16:47:11,128866, 143771, 100, 63
2026-06-30T16:47:12,128866, 143771, 91, 61
2026-06-30T16:47:13,128866, 143771, 100, 63
2026-06-30T16:47:14,128866, 143771, 90, 60
2026-06-30T16:47:15,128866, 143771, 100, 63
2026-06-30T16:47:16,128866, 143771, 76, 60
2026-06-30T16:47:17,128866, 143771, 100, 64
2026-06-30T16:47:18,128866, 143771, 87, 61
2026-06-30T16:47:19,128866, 143771, 100, 63
2026-06-30T16:47:21,128866, 143771, 89, 62
2026-06-30T16:47:22,128866, 143771, 100, 65
2026-06-30T16:47:23,128866, 143771, 92, 62
2026-06-30T16:47:24,128866, 143771, 100, 62
2026-06-30T16:47:25,128866, 143771, 88, 62
2026-06-30T16:47:26,128866, 143771, 100, 62
2026-06-30T16:47:27,128866, 143771, 92, 61
2026-06-30T16:47:28,128866, 143771, 100, 63
2026-06-30T16:47:29,128866, 143771, 99, 59
2026-06-30T16:47:30,128866, 143771, 100, 62
2026-06-30T16:47:31,128866, 143771, 100, 62
2026-06-30T16:47:32,128866, 143771, 100, 61
2026-06-30T16:47:33,128866, 143771, 100, 62
2026-06-30T16:47:34,128866, 143771, 100, 63
2026-06-30T16:47:35,128866, 143771, 100, 63
2026-06-30T16:47:36,128866, 143771, 100, 63
2026-06-30T16:47:37,128866, 143771, 100, 62
2026-06-30T16:47:38,128866, 143771, 88, 61
2026-06-30T16:47:39,128866, 143771, 100, 64
2026-06-30T16:47:40,128866, 143771, 89, 60
2026-06-30T16:47:41,128866, 143771, 100, 61
2026-06-30T16:47:42,128866, 143771, 64, 61
2026-06-30T16:47:43,128866, 143771, 100, 62
2026-06-30T16:47:44,128866, 143771, 74, 61
2026-06-30T16:47:45,128866, 143771, 100, 62
2026-06-30T16:47:46,128866, 143771, 88, 60
2026-06-30T16:47:47,128866, 143771, 100, 63
2026-06-30T16:47:48,128866, 143771, 88, 60
2026-06-30T16:47:49,128866, 143771, 100, 63
2026-06-30T16:47:50,128866, 143771, 90, 61
2026-06-30T16:47:51,128866, 143771, 100, 63
2026-06-30T16:47:52,128866, 143771, 88, 62
2026-06-30T16:47:53,128866, 143771, 100, 62
2026-06-30T16:47:55,128866, 143771, 87, 59
2026-06-30T16:47:56,128866, 143771, 100, 63
2026-06-30T16:47:57,128866, 143771, 100, 61
2026-06-30T16:47:58,128866, 143771, 100, 63
2026-06-30T16:47:59,128866, 143771, 100, 63
2026-06-30T16:48:00,128866, 143771, 100, 62
2026-06-30T16:48:01,128866, 143771, 100, 62
2026-06-30T16:48:02,128866, 143771, 100, 61
2026-06-30T16:48:03,128866, 143771, 100, 62
2026-06-30T16:48:04,128866, 143771, 100, 65
2026-06-30T16:48:05,128866, 143771, 100, 63
2026-06-30T16:48:06,128866, 143771, 97, 63
2026-06-30T16:48:07,128866, 143771, 100, 63
2026-06-30T16:48:08,128866, 143771, 90, 61
2026-06-30T16:48:09,128866, 143771, 100, 64
2026-06-30T16:48:10,128866, 143771, 90, 61
2026-06-30T16:48:11,128866, 143771, 100, 61
2026-06-30T16:48:12,128866, 143771, 70, 60
2026-06-30T16:48:13,128866, 143771, 100, 63
2026-06-30T16:48:14,128866, 143771, 83, 61
2026-06-30T16:48:15,128866, 143771, 100, 64
2026-06-30T16:48:16,128866, 143771, 89, 61
2026-06-30T16:48:17,128866, 143771, 100, 61
2026-06-30T16:48:18,128866, 143771, 90, 61
2026-06-30T16:48:19,128866, 143771, 100, 64
2026-06-30T16:48:20,128866, 143771, 86, 61
2026-06-30T16:48:21,128866, 143771, 100, 61
2026-06-30T16:48:22,128866, 143771, 88, 62
2026-06-30T16:48:23,128866, 143771, 100, 65
2026-06-30T16:48:24,128866, 143771, 91, 61
2026-06-30T16:48:25,128866, 143771, 100, 63
2026-06-30T16:48:26,128866, 143771, 100, 62
2026-06-30T16:48:28,128866, 143771, 100, 63
2026-06-30T16:48:29,128866, 143771, 100, 63
2026-06-30T16:48:30,128866, 143771, 100, 62
2026-06-30T16:48:31,128866, 143771, 100, 64
2026-06-30T16:48:32,128866, 143771, 100, 65
2026-06-30T16:48:33,128866, 143771, 100, 64
2026-06-30T16:48:34,128866, 143771, 100, 65
2026-06-30T16:48:35,128866, 143771, 100, 62
2026-06-30T16:48:36,128866, 143771, 94, 61
2026-06-30T16:48:37,128866, 143771, 100, 62
2026-06-30T16:48:38,128866, 143771, 92, 62
2026-06-30T16:48:39,128866, 143771, 100, 63
2026-06-30T16:48:40,128866, 143771, 82, 62
2026-06-30T16:48:41,128866, 143771, 100, 65
2026-06-30T16:48:42,128866, 143771, 75, 62
2026-06-30T16:48:43,128866, 143771, 100, 62
2026-06-30T16:48:44,128866, 143771, 91, 62
2026-06-30T16:48:45,128866, 143771, 100, 65
2026-06-30T16:48:46,128866, 143771, 86, 62
2026-06-30T16:48:47,128866, 143771, 100, 63
2026-06-30T16:48:48,128866, 143771, 89, 62
2026-06-30T16:48:49,128866, 143771, 100, 63
2026-06-30T16:48:50,128866, 143771, 90, 61
2026-06-30T16:48:51,128866, 143771, 100, 62
2026-06-30T16:48:52,128866, 143771, 88, 61
2026-06-30T16:48:53,128866, 143771, 100, 61
2026-06-30T16:48:54,128866, 143771, 100, 58
2026-06-30T16:48:55,128866, 143771, 100, 62
2026-06-30T16:48:56,128866, 143771, 100, 63
2026-06-30T16:48:57,128866, 143771, 100, 62
2026-06-30T16:48:58,128866, 143771, 100, 64
2026-06-30T16:48:59,128866, 143771, 100, 63
2026-06-30T16:49:00,128866, 143771, 100, 61
2026-06-30T16:49:02,128866, 143771, 100, 63
2026-06-30T16:49:03,128866, 143771, 100, 63
2026-06-30T16:49:04,128866, 143771, 95, 61
2026-06-30T16:49:05,128866, 143771, 100, 62
2026-06-30T16:49:06,128866, 143771, 94, 64
2026-06-30T16:49:07,128866, 143771, 100, 63
2026-06-30T16:49:08,128866, 143771, 89, 63
2026-06-30T16:49:09,128866, 143771, 100, 62
2026-06-30T16:49:10,128866, 143771, 70, 61
2026-06-30T16:49:11,128866, 143771, 100, 62
2026-06-30T16:49:12,128866, 143771, 61, 61
2026-06-30T16:49:13,128866, 143771, 100, 65
2026-06-30T16:49:14,128866, 143771, 90, 62
2026-06-30T16:49:15,128866, 143771, 100, 63
2026-06-30T16:49:16,128866, 143771, 91, 61
2026-06-30T16:49:17,128866, 143771, 100, 63
2026-06-30T16:49:18,128866, 143771, 91, 61
2026-06-30T16:49:19,128866, 143771, 100, 63
2026-06-30T16:49:20,128866, 143771, 88, 61
2026-06-30T16:49:21,128866, 143771, 100, 64
2026-06-30T16:49:22,128866, 143771, 100, 59
2026-06-30T16:49:23,128866, 143771, 100, 63
2026-06-30T16:49:24,128866, 143771, 100, 64
2026-06-30T16:49:25,128866, 143771, 100, 63
2026-06-30T16:49:26,128866, 143771, 100, 62
2026-06-30T16:49:27,128866, 143771, 100, 62
2026-06-30T16:49:28,128866, 143771, 100, 63
2026-06-30T16:49:29,128866, 143771, 100, 65
2026-06-30T16:49:30,128866, 143771, 100, 64
2026-06-30T16:49:31,128866, 143771, 97, 61
2026-06-30T16:49:32,128866, 143771, 100, 63
2026-06-30T16:49:33,128866, 143771, 88, 63
2026-06-30T16:49:35,128866, 143771, 100, 64
2026-06-30T16:49:36,128866, 143771, 91, 61
2026-06-30T16:49:37,128866, 143771, 100, 63
2026-06-30T16:49:38,128866, 143771, 74, 61
2026-06-30T16:49:39,128866, 143771, 100, 63
2026-06-30T16:49:40,128866, 143771, 88, 62
2026-06-30T16:49:41,128866, 143771, 100, 64
2026-06-30T16:49:42,128866, 143771, 87, 61
2026-06-30T16:49:43,128866, 143771, 100, 62
2026-06-30T16:49:44,128866, 143771, 89, 63
2026-06-30T16:49:45,128866, 143771, 100, 63
2026-06-30T16:49:46,128866, 143771, 88, 61
2026-06-30T16:49:47,128866, 143771, 100, 64
2026-06-30T16:49:48,128866, 143771, 88, 62
2026-06-30T16:49:49,128866, 143771, 100, 62
2026-06-30T16:49:50,128866, 143771, 100, 59
2026-06-30T16:49:51,128866, 143771, 100, 64
2026-06-30T16:49:52,128866, 143771, 100, 63
2026-06-30T16:49:53,128866, 143771, 100, 64
2026-06-30T16:49:54,128866, 143771, 100, 64
2026-06-30T16:49:55,128866, 143771, 100, 62
2026-06-30T16:49:56,128866, 143771, 100, 64
2026-06-30T16:49:57,128866, 143771, 100, 64
2026-06-30T16:49:58,128866, 143771, 100, 64
2026-06-30T16:49:59,128866, 143771, 100, 65
2026-06-30T16:50:00,128866, 143771, 100, 63
2026-06-30T16:50:01,128866, 143771, 89, 66
2026-06-30T16:50:02,128866, 143771, 100, 62
2026-06-30T16:50:03,128866, 143771, 87, 61
2026-06-30T16:50:04,128866, 143771, 100, 62
2026-06-30T16:50:05,128866, 143771, 89, 62
2026-06-30T16:50:06,128866, 143771, 100, 64
2026-06-30T16:50:07,128866, 143771, 79, 60
2026-06-30T16:50:09,128866, 143771, 100, 63
2026-06-30T16:50:10,128866, 143771, 87, 61
2026-06-30T16:50:11,128866, 143771, 100, 63
2026-06-30T16:50:12,128866, 143771, 91, 63
2026-06-30T16:50:13,128866, 143771, 100, 63
2026-06-30T16:50:14,128866, 143771, 86, 61
2026-06-30T16:50:15,128866, 143771, 100, 63
2026-06-30T16:50:16,128866, 143771, 90, 62
2026-06-30T16:50:17,128866, 143771, 100, 62
2026-06-30T16:50:18,128866, 143771, 94, 62
2026-06-30T16:50:19,128866, 143771, 100, 64
2026-06-30T16:50:20,128866, 143771, 96, 61
2026-06-30T16:50:21,128866, 143771, 100, 63
2026-06-30T16:50:22,128866, 143771, 99, 63
2026-06-30T16:50:23,128866, 143771, 100, 63
2026-06-30T16:50:24,128866, 143771, 100, 64
2026-06-30T16:50:25,128866, 143771, 100, 64
2026-06-30T16:50:26,128866, 143771, 100, 63
2026-06-30T16:50:27,128866, 143771, 100, 62
2026-06-30T16:50:28,128866, 143771, 100, 64
2026-06-30T16:50:29,128866, 143771, 100, 63
2026-06-30T16:50:30,128866, 143771, 100, 62
2026-06-30T16:50:31,128866, 143771, 91, 67
2026-06-30T16:50:32,128866, 143771, 100, 64
2026-06-30T16:50:33,128866, 143771, 90, 66
2026-06-30T16:50:34,128866, 143771, 100, 62
2026-06-30T16:50:35,128866, 143771, 89, 63
2026-06-30T16:50:36,128866, 143771, 100, 65
2026-06-30T16:50:37,128866, 143771, 77, 62
2026-06-30T16:50:38,128866, 143771, 100, 62
2026-06-30T16:50:39,128866, 143771, 66, 62
2026-06-30T16:50:40,128866, 143771, 100, 63
2026-06-30T16:50:42,128866, 143771, 90, 62
2026-06-30T16:50:43,128866, 143771, 100, 62
2026-06-30T16:50:44,128866, 143771, 90, 63
2026-06-30T16:50:45,128866, 143771, 100, 64
2026-06-30T16:50:46,128866, 143771, 89, 63
2026-06-30T16:50:47,128866, 143771, 100, 64
2026-06-30T16:50:48,128866, 143771, 89, 63
2026-06-30T16:50:49,128866, 143771, 100, 63
2026-06-30T16:50:50,128866, 143771, 89, 61
2026-06-30T16:50:51,128866, 143771, 100, 63
2026-06-30T16:50:52,128866, 143771, 100, 62
2026-06-30T16:50:53,128866, 143771, 100, 64
2026-06-30T16:50:54,128866, 143771, 100, 62
2026-06-30T16:50:55,128866, 143771, 100, 62
2026-06-30T16:50:56,128866, 143771, 100, 63
2026-06-30T16:50:57,128866, 143771, 100, 64
2026-06-30T16:50:58,128866, 143771, 100, 64
2026-06-30T16:50:59,128866, 143771, 100, 67
2026-06-30T16:51:00,128866, 143771, 100, 64
2026-06-30T16:51:01,128866, 143771, 95, 61
2026-06-30T16:51:02,128866, 143771, 100, 62
2026-06-30T16:51:03,128866, 143771, 91, 67
2026-06-30T16:51:04,128866, 143771, 100, 64
2026-06-30T16:51:05,128866, 143771, 81, 62
2026-06-30T16:51:06,128866, 143771, 100, 63
2026-06-30T16:51:07,128866, 143771, 74, 62
2026-06-30T16:51:08,128866, 143771, 100, 65
2026-06-30T16:51:09,128866, 143771, 87, 61
2026-06-30T16:51:10,128866, 143771, 100, 63
2026-06-30T16:51:11,128866, 143771, 89, 62
2026-06-30T16:51:12,128866, 143771, 100, 63
2026-06-30T16:51:13,128866, 143771, 88, 61
2026-06-30T16:51:14,128866, 143771, 100, 62
2026-06-30T16:51:16,128866, 143771, 91, 61
2026-06-30T16:51:17,128866, 143771, 100, 63
2026-06-30T16:51:18,128866, 143771, 91, 62
2026-06-30T16:51:19,128866, 143771, 100, 63
2026-06-30T16:51:20,128866, 143771, 95, 65
2026-06-30T16:51:21,128866, 143771, 100, 64
2026-06-30T16:51:22,128866, 143771, 100, 63
2026-06-30T16:51:23,128866, 143771, 100, 63
2026-06-30T16:51:24,128866, 143771, 100, 62
2026-06-30T16:51:25,128866, 143771, 100, 65
2026-06-30T16:51:26,128866, 143771, 100, 64
2026-06-30T16:51:27,128866, 143771, 100, 66
2026-06-30T16:51:28,128866, 143771, 100, 64
2026-06-30T16:51:29,128866, 143771, 97, 64
2026-06-30T16:51:30,128866, 143771, 100, 65
2026-06-30T16:51:31,128866, 143771, 88, 63
2026-06-30T16:51:32,128866, 143771, 100, 64
2026-06-30T16:51:33,128866, 143771, 89, 61
2026-06-30T16:51:34,128866, 143771, 100, 62
2026-06-30T16:51:35,128866, 143771, 86, 59
2026-06-30T16:51:36,128866, 143771, 100, 62
2026-06-30T16:51:37,128866, 143771, 91, 62
2026-06-30T16:51:38,128866, 143771, 100, 65
2026-06-30T16:51:39,128866, 143771, 87, 63
2026-06-30T16:51:40,128866, 143771, 100, 64
2026-06-30T16:51:41,128866, 143771, 92, 62
2026-06-30T16:51:42,128866, 143771, 100, 64
2026-06-30T16:51:43,128866, 143771, 87, 62
2026-06-30T16:51:44,128866, 143771, 100, 63
2026-06-30T16:51:45,128866, 143771, 94, 61
2026-06-30T16:51:46,128866, 143771, 100, 64
2026-06-30T16:51:47,128866, 143771, 98, 60
2026-06-30T16:51:48,128866, 143771, 100, 62
2026-06-30T16:51:50,128866, 143771, 100, 64
2026-06-30T16:51:51,128866, 143771, 100, 63
2026-06-30T16:51:52,128866, 143771, 100, 63
2026-06-30T16:51:53,128866, 143771, 100, 63
2026-06-30T16:51:54,128866, 143771, 100, 64
2026-06-30T16:51:55,128866, 143771, 100, 64
2026-06-30T16:51:56,128866, 143771, 100, 63
2026-06-30T16:51:57,128866, 143771, 100, 64
2026-06-30T16:51:58,128866, 143771, 100, 62
2026-06-30T16:51:59,128866, 143771, 88, 63
2026-06-30T16:52:00,128866, 143771, 100, 63
2026-06-30T16:52:01,128866, 143771, 87, 61
2026-06-30T16:52:02,128866, 143771, 100, 64
2026-06-30T16:52:03,128866, 143771, 88, 61
2026-06-30T16:52:04,128866, 143771, 100, 64
2026-06-30T16:52:05,128866, 143771, 91, 58
2026-06-30T16:52:06,128866, 143771, 100, 64
2026-06-30T16:52:07,128866, 143771, 86, 63
2026-06-30T16:52:08,128866, 143771, 100, 64
2026-06-30T16:52:09,128866, 143771, 89, 62
2026-06-30T16:52:10,128866, 143771, 100, 64
2026-06-30T16:52:11,128866, 143771, 88, 62
2026-06-30T16:52:12,128866, 143771, 100, 64
2026-06-30T16:52:13,128866, 143771, 89, 61
2026-06-30T16:52:14,128866, 143771, 100, 63
2026-06-30T16:52:15,128866, 143771, 97, 61
2026-06-30T16:52:16,128866, 143771, 100, 63
2026-06-30T16:52:17,128866, 143771, 100, 61
2026-06-30T16:52:18,128866, 143771, 100, 64
2026-06-30T16:52:19,128866, 143771, 100, 64
2026-06-30T16:52:20,128866, 143771, 100, 62
2026-06-30T16:52:21,128866, 143771, 100, 64
2026-06-30T16:52:23,128866, 143771, 100, 64
2026-06-30T16:52:24,128866, 143771, 100, 63
2026-06-30T16:52:25,128866, 143771, 97, 60
2026-06-30T16:52:26,128866, 143771, 100, 63
2026-06-30T16:52:27,128866, 143771, 86, 63
2026-06-30T16:52:28,128866, 143771, 100, 62
2026-06-30T16:52:29,128866, 143771, 79, 63
2026-06-30T16:52:30,128866, 143771, 100, 64
2026-06-30T16:52:31,128866, 143771, 75, 62
2026-06-30T16:52:32,128866, 143771, 100, 62
2026-06-30T16:52:33,128866, 143771, 69, 62
2026-06-30T16:52:34,128866, 143771, 100, 64
2026-06-30T16:52:35,128866, 143771, 88, 61
2026-06-30T16:52:36,128866, 143771, 100, 64
2026-06-30T16:52:37,128866, 143771, 88, 62
2026-06-30T16:52:38,128866, 143771, 100, 63
2026-06-30T16:52:39,128866, 143771, 88, 63
2026-06-30T16:52:40,128866, 143771, 100, 63
2026-06-30T16:52:41,128866, 143771, 89, 61
2026-06-30T16:52:42,128866, 143771, 100, 63
2026-06-30T16:52:43,128866, 143771, 95, 64
2026-06-30T16:52:44,128866, 143771, 100, 64
2026-06-30T16:52:45,128866, 143771, 100, 64
2026-06-30T16:52:46,128866, 143771, 100, 63
2026-06-30T16:52:47,128866, 143771, 100, 65
2026-06-30T16:52:48,128866, 143771, 100, 65
2026-06-30T16:52:49,128866, 143771, 100, 64
2026-06-30T16:52:50,128866, 143771, 97, 65
2026-06-30T16:52:51,128866, 143771, 100, 63
2026-06-30T16:52:52,128866, 143771, 86, 62
2026-06-30T16:52:53,128866, 143771, 100, 62
2026-06-30T16:52:54,128866, 143771, 69, 61
2026-06-30T16:52:56,128866, 143771, 100, 64
2026-06-30T16:52:57,128866, 143771, 63, 60
2026-06-30T16:52:58,128866, 143771, 100, 65
2026-06-30T16:52:59,128866, 143771, 89, 62
2026-06-30T16:53:00,128866, 143771, 100, 64
2026-06-30T16:53:01,128866, 143771, 88, 62
2026-06-30T16:53:02,128866, 143771, 100, 64
2026-06-30T16:53:03,128866, 143771, 89, 62
2026-06-30T16:53:04,128866, 143771, 100, 64
2026-06-30T16:53:05,128866, 143771, 87, 62
2026-06-30T16:53:06,128866, 143771, 100, 64
2026-06-30T16:53:07,128866, 143771, 89, 63
2026-06-30T16:53:08,128866, 143771, 100, 62
2026-06-30T16:53:09,128866, 143771, 88, 59
2026-06-30T16:53:10,128866, 143771, 100, 62
2026-06-30T16:53:11,128866, 143771, 100, 64
2026-06-30T16:53:12,128866, 143771, 100, 64
2026-06-30T16:53:13,128866, 143771, 100, 63
2026-06-30T16:53:14,128866, 143771, 100, 63
2026-06-30T16:53:15,128866, 143771, 100, 62
2026-06-30T16:53:16,128866, 143771, 100, 63
2026-06-30T16:53:17,128866, 143771, 100, 63
2026-06-30T16:53:18,128866, 143771, 93, 63
2026-06-30T16:53:19,128866, 143771, 100, 65
2026-06-30T16:53:20,128866, 143771, 88, 63
2026-06-30T16:53:21,128866, 143771, 100, 64
2026-06-30T16:53:22,128866, 143771, 91, 61
2026-06-30T16:53:23,128866, 143771, 100, 63
2026-06-30T16:53:24,128866, 143771, 84, 60
2026-06-30T16:53:25,128866, 143771, 100, 62
2026-06-30T16:53:26,128866, 143771, 88, 61
2026-06-30T16:53:27,128866, 143771, 100, 65
2026-06-30T16:53:29,128866, 143771, 84, 63
2026-06-30T16:53:30,128866, 143771, 100, 64
2026-06-30T16:53:31,128866, 143771, 90, 63
2026-06-30T16:53:32,128866, 143771, 100, 63
2026-06-30T16:53:33,128866, 143771, 90, 62
2026-06-30T16:53:34,128866, 143771, 100, 64
2026-06-30T16:53:35,128866, 143771, 89, 61
2026-06-30T16:53:36,128866, 143771, 100, 64
2026-06-30T16:53:37,128866, 143771, 99, 60
2026-06-30T16:53:38,128866, 143771, 100, 65
2026-06-30T16:53:39,128866, 143771, 100, 64
2026-06-30T16:53:40,128866, 143771, 100, 64
2026-06-30T16:53:41,128866, 143771, 100, 64
2026-06-30T16:53:42,128866, 143771, 100, 65
2026-06-30T16:53:43,128866, 143771, 100, 65
2026-06-30T16:53:44,128866, 143771, 100, 64
2026-06-30T16:53:45,128866, 143771, 100, 63
2026-06-30T16:53:46,128866, 143771, 94, 61
2026-06-30T16:53:47,128866, 143771, 100, 62
2026-06-30T16:53:48,128866, 143771, 91, 62
2026-06-30T16:53:49,128866, 143771, 100, 62
2026-06-30T16:53:50,128866, 143771, 61, 61
2026-06-30T16:53:51,128866, 143771, 100, 64
2026-06-30T16:53:52,128866, 143771, 79, 59
2026-06-30T16:53:53,128866, 143771, 100, 62
2026-06-30T16:53:54,128866, 143771, 89, 62
2026-06-30T16:53:55,128866, 143771, 100, 64
2026-06-30T16:53:56,128866, 143771, 85, 61
2026-06-30T16:53:57,128866, 143771, 100, 64
2026-06-30T16:53:58,128866, 143771, 87, 62
2026-06-30T16:53:59,128866, 143771, 100, 65
2026-06-30T16:54:00,128866, 143771, 89, 63
2026-06-30T16:54:02,128866, 143771, 100, 65
2026-06-30T16:54:03,128866, 143771, 96, 61
2026-06-30T16:54:04,128866, 143771, 100, 64
2026-06-30T16:54:05,128866, 143771, 100, 64
2026-06-30T16:54:06,128866, 143771, 100, 63
2026-06-30T16:54:07,128866, 143771, 100, 62
2026-06-30T16:54:08,128866, 143771, 100, 64
2026-06-30T16:54:09,128866, 143771, 100, 63
2026-06-30T16:54:10,128866, 143771, 100, 64
2026-06-30T16:54:11,128866, 143771, 100, 62
2026-06-30T16:54:12,128866, 143771, 98, 64
2026-06-30T16:54:13,128866, 143771, 100, 64
2026-06-30T16:54:14,128866, 143771, 88, 62
2026-06-30T16:54:15,128866, 143771, 100, 64
2026-06-30T16:54:16,128866, 143771, 65, 62
2026-06-30T16:54:17,128866, 143771, 100, 64
2026-06-30T16:54:18,128866, 143771, 65, 61
2026-06-30T16:54:19,128866, 143771, 100, 63
2026-06-30T16:54:20,128866, 143771, 89, 64
2026-06-30T16:54:21,128866, 143771, 100, 63
2026-06-30T16:54:22,128866, 143771, 89, 62
2026-06-30T16:54:23,128866, 143771, 100, 64
2026-06-30T16:54:24,128866, 143771, 90, 61
2026-06-30T16:54:25,128866, 143771, 100, 63
2026-06-30T16:54:26,128866, 143771, 87, 62
2026-06-30T16:54:27,128866, 143771, 100, 63
2026-06-30T16:54:28,128866, 143771, 88, 62
2026-06-30T16:54:29,128866, 143771, 100, 62
2026-06-30T16:54:30,128866, 143771, 100, 63
2026-06-30T16:54:31,128866, 143771, 100, 62
2026-06-30T16:54:32,128866, 143771, 100, 64
2026-06-30T16:54:34,128866, 143771, 100, 62
2026-06-30T16:54:35,128866, 143771, 100, 63
2026-06-30T16:54:36,128866, 143771, 100, 64
2026-06-30T16:54:37,128866, 143771, 100, 62
2026-06-30T16:54:38,128866, 143771, 100, 66
2026-06-30T16:54:39,128866, 143771, 100, 64
2026-06-30T16:54:40,128866, 143771, 86, 61
2026-06-30T16:54:41,128866, 143771, 100, 64
2026-06-30T16:54:42,128866, 143771, 88, 63
2026-06-30T16:54:43,128866, 143771, 100, 64
2026-06-30T16:54:44,128866, 143771, 70, 59
2026-06-30T16:54:45,128866, 143771, 100, 63
2026-06-30T16:54:46,128866, 143771, 86, 63
2026-06-30T16:54:47,128866, 143771, 100, 63
2026-06-30T16:54:48,128866, 143771, 89, 62
2026-06-30T16:54:49,128866, 143771, 100, 63
2026-06-30T16:54:50,128866, 143771, 87, 62
2026-06-30T16:54:51,128866, 143771, 100, 65
2026-06-30T16:54:52,128866, 143771, 91, 62
2026-06-30T16:54:53,128866, 143771, 100, 64
2026-06-30T16:54:54,128866, 143771, 88, 61
2026-06-30T16:54:55,128866, 143771, 100, 65
2026-06-30T16:54:56,128866, 143771, 97, 62
2026-06-30T16:54:57,128866, 143771, 100, 63
2026-06-30T16:54:58,128866, 143771, 100, 60
2026-06-30T16:54:59,128866, 143771, 100, 63
2026-06-30T16:55:00,128866, 143771, 100, 64
2026-06-30T16:55:01,128866, 143771, 100, 61
2026-06-30T16:55:02,128866, 143771, 100, 64
2026-06-30T16:55:03,128866, 143771, 100, 65
2026-06-30T16:55:04,128866, 143771, 100, 62
2026-06-30T16:55:05,128866, 143771, 97, 64
2026-06-30T16:55:07,128866, 143771, 100, 64
2026-06-30T16:55:08,128866, 143771, 92, 64
2026-06-30T16:55:09,128866, 143771, 100, 64
2026-06-30T16:55:10,128866, 143771, 87, 62
2026-06-30T16:55:11,128866, 143771, 100, 63
2026-06-30T16:55:12,128866, 143771, 63, 62
2026-06-30T16:55:13,128866, 143771, 100, 64
2026-06-30T16:55:14,128866, 143771, 72, 62
2026-06-30T16:55:15,128866, 143771, 100, 62
2026-06-30T16:55:16,128866, 143771, 91, 62
2026-06-30T16:55:17,128866, 143771, 100, 64
2026-06-30T16:55:18,128866, 143771, 85, 62
2026-06-30T16:55:19,128866, 143771, 100, 64
2026-06-30T16:55:20,128866, 143771, 89, 61
2026-06-30T16:55:21,128866, 143771, 100, 63
2026-06-30T16:55:22,128866, 143771, 86, 61
2026-06-30T16:55:23,128866, 143771, 100, 63
2026-06-30T16:55:24,128866, 143771, 95, 61
2026-06-30T16:55:25,128866, 143771, 100, 63
2026-06-30T16:55:26,128866, 143771, 100, 64
2026-06-30T16:55:27,128866, 143771, 100, 65
2026-06-30T16:55:28,128866, 143771, 100, 64
2026-06-30T16:55:29,128866, 143771, 100, 62
2026-06-30T16:55:30,128866, 143771, 100, 64
2026-06-30T16:55:31,128866, 143771, 100, 65
2026-06-30T16:55:32,128866, 143771, 100, 64
2026-06-30T16:55:33,128866, 143771, 100, 64
2026-06-30T16:55:34,128866, 143771, 100, 62
2026-06-30T16:55:35,128866, 143771, 87, 61
2026-06-30T16:55:36,128866, 143771, 100, 62
2026-06-30T16:55:37,128866, 143771, 81, 62
2026-06-30T16:55:38,128866, 143771, 100, 63
2026-06-30T16:55:40,128866, 143771, 73, 63
2026-06-30T16:55:41,128866, 143771, 100, 63
2026-06-30T16:55:42,128866, 143771, 88, 61
2026-06-30T16:55:43,128866, 143771, 100, 63
2026-06-30T16:55:44,128866, 143771, 87, 61
2026-06-30T16:55:45,128866, 143771, 100, 64
2026-06-30T16:55:46,128866, 143771, 88, 63
2026-06-30T16:55:47,128866, 143771, 100, 64
2026-06-30T16:55:48,128866, 143771, 88, 62
2026-06-30T16:55:49,128866, 143771, 100, 62
2026-06-30T16:55:50,128866, 143771, 88, 63
2026-06-30T16:55:51,128866, 143771, 100, 63
2026-06-30T16:55:52,128866, 143771, 100, 62
2026-06-30T16:55:53,128866, 143771, 100, 64
2026-06-30T16:55:54,128866, 143771, 100, 64
2026-06-30T16:55:55,128866, 143771, 100, 62
2026-06-30T16:55:56,128866, 143771, 100, 64
2026-06-30T16:55:57,128866, 143771, 100, 61
2026-06-30T16:55:58,128866, 143771, 100, 63
2026-06-30T16:55:59,128866, 143771, 100, 60
2026-06-30T16:56:00,128866, 143771, 100, 62
2026-06-30T16:56:01,128866, 143771, 92, 66
2026-06-30T16:56:02,128866, 143771, 100, 65
2026-06-30T16:56:03,128866, 143771, 88, 66
2026-06-30T16:56:04,128866, 143771, 100, 62
2026-06-30T16:56:05,128866, 143771, 91, 62
2026-06-30T16:56:06,128866, 143771, 100, 63
2026-06-30T16:56:07,128866, 143771, 61, 61
2026-06-30T16:56:08,128866, 143771, 100, 65
2026-06-30T16:56:09,128866, 143771, 87, 58
2026-06-30T16:56:10,128866, 143771, 100, 64
2026-06-30T16:56:12,128866, 143771, 90, 62
2026-06-30T16:56:13,128866, 143771, 100, 62
2026-06-30T16:56:14,128866, 143771, 89, 62
2026-06-30T16:56:15,128866, 143771, 100, 64
2026-06-30T16:56:16,128866, 143771, 88, 62
2026-06-30T16:56:17,128866, 143771, 100, 64
2026-06-30T16:56:18,128866, 143771, 89, 61
2026-06-30T16:56:19,128866, 143771, 100, 63
2026-06-30T16:56:20,128866, 143771, 90, 61
2026-06-30T16:56:21,128866, 143771, 100, 65
2026-06-30T16:56:22,128866, 143771, 97, 64
2026-06-30T16:56:23,128866, 143771, 100, 64
2026-06-30T16:56:24,128866, 143771, 100, 63
2026-06-30T16:56:25,128866, 143771, 100, 61
2026-06-30T16:56:26,128866, 143771, 100, 64
2026-06-30T16:56:27,128866, 143771, 100, 63
2026-06-30T16:56:28,128866, 143771, 100, 63
2026-06-30T16:56:29,128866, 143771, 100, 66
2026-06-30T16:56:30,128866, 143771, 100, 65
2026-06-30T16:56:31,128866, 143771, 100, 67
2026-06-30T16:56:32,128866, 143771, 100, 63
2026-06-30T16:56:33,128866, 143771, 87, 61
2026-06-30T16:56:34,128866, 143771, 100, 62
2026-06-30T16:56:35,128866, 143771, 89, 61
2026-06-30T16:56:36,128866, 143771, 100, 64
2026-06-30T16:56:37,128866, 143771, 86, 60
2026-06-30T16:56:38,128866, 143771, 100, 65
2026-06-30T16:56:39,128866, 143771, 86, 62
2026-06-30T16:56:40,128866, 143771, 100, 64
2026-06-30T16:56:41,128866, 143771, 88, 62
2026-06-30T16:56:42,128866, 143771, 100, 63
2026-06-30T16:56:43,128866, 143771, 89, 61
2026-06-30T16:56:45,128866, 143771, 100, 63
2026-06-30T16:56:46,128866, 143771, 86, 61
2026-06-30T16:56:47,128866, 143771, 100, 63
2026-06-30T16:56:48,128866, 143771, 90, 62
2026-06-30T16:56:49,128866, 143771, 100, 64
2026-06-30T16:56:50,128866, 143771, 99, 60
2026-06-30T16:56:51,128866, 143771, 100, 64
2026-06-30T16:56:52,128866, 143771, 100, 61
2026-06-30T16:56:53,128866, 143771, 100, 62
2026-06-30T16:56:54,128866, 143771, 100, 64
2026-06-30T16:56:55,128866, 143771, 100, 64
2026-06-30T16:56:56,128866, 143771, 100, 63
2026-06-30T16:56:57,128866, 143771, 100, 64
2026-06-30T16:56:58,128866, 143771, 100, 63
2026-06-30T16:56:59,128866, 143771, 93, 62
2026-06-30T16:57:00,128866, 143771, 100, 64
2026-06-30T16:57:01,128866, 143771, 90, 61
2026-06-30T16:57:02,128866, 143771, 100, 64
2026-06-30T16:57:03,128866, 143771, 60, 61
2026-06-30T16:57:04,128866, 143771, 100, 63
2026-06-30T16:57:05,128866, 143771, 84, 59
2026-06-30T16:57:06,128866, 143771, 100, 63
2026-06-30T16:57:07,128866, 143771, 89, 62
2026-06-30T16:57:08,128866, 143771, 100, 63
2026-06-30T16:57:09,128866, 143771, 89, 62
2026-06-30T16:57:10,128866, 143771, 100, 64
2026-06-30T16:57:11,128866, 143771, 88, 62
2026-06-30T16:57:12,128866, 143771, 100, 64
2026-06-30T16:57:13,128866, 143771, 90, 62
2026-06-30T16:57:14,128866, 143771, 100, 65
2026-06-30T16:57:15,128866, 143771, 96, 62
2026-06-30T16:57:17,128866, 143771, 100, 63
2026-06-30T16:57:18,128866, 143771, 100, 64
2026-06-30T16:57:19,128866, 143771, 100, 62
2026-06-30T16:57:20,128866, 143771, 100, 64
2026-06-30T16:57:21,128866, 143771, 100, 65
2026-06-30T16:57:22,128866, 143771, 100, 64
2026-06-30T16:57:23,128866, 143771, 96, 66
2026-06-30T16:57:24,128866, 143771, 100, 65
2026-06-30T16:57:25,128866, 143771, 94, 62
2026-06-30T16:57:26,128866, 143771, 100, 62
2026-06-30T16:57:27,128866, 143771, 88, 63
2026-06-30T16:57:28,128866, 143771, 100, 62
2026-06-30T16:57:29,128866, 143771, 67, 62
2026-06-30T16:57:30,128866, 143771, 100, 64
2026-06-30T16:57:31,128866, 143771, 68, 62
2026-06-30T16:57:32,128866, 143771, 100, 63
2026-06-30T16:57:33,128866, 143771, 87, 64
2026-06-30T16:57:34,128866, 143771, 100, 64
2026-06-30T16:57:35,128866, 143771, 86, 61
2026-06-30T16:57:36,128866, 143771, 100, 64
2026-06-30T16:57:37,128866, 143771, 87, 62
2026-06-30T16:57:38,128866, 143771, 100, 64
2026-06-30T16:57:39,128866, 143771, 88, 62
2026-06-30T16:57:40,128866, 143771, 100, 62
2026-06-30T16:57:41,128866, 143771, 87, 62
2026-06-30T16:57:42,128866, 143771, 100, 64
2026-06-30T16:57:43,128866, 143771, 91, 62
2026-06-30T16:57:44,128866, 143771, 100, 62
2026-06-30T16:57:45,128866, 143771, 100, 64
2026-06-30T16:57:46,128866, 143771, 100, 64
2026-06-30T16:57:47,128866, 143771, 100, 64
2026-06-30T16:57:48,128866, 143771, 100, 63
2026-06-30T16:57:50,128866, 143771, 100, 65
2026-06-30T16:57:51,128866, 143771, 100, 63
2026-06-30T16:57:52,128866, 143771, 100, 64
2026-06-30T16:57:53,128866, 143771, 89, 66
2026-06-30T16:57:54,128866, 143771, 100, 64
2026-06-30T16:57:55,128866, 143771, 91, 65
2026-06-30T16:57:56,128866, 143771, 100, 64
2026-06-30T16:57:57,128866, 143771, 90, 62
2026-06-30T16:57:58,128866, 143771, 100, 64
2026-06-30T16:57:59,128866, 143771, 67, 60
2026-06-30T16:58:00,128866, 143771, 100, 64
2026-06-30T16:58:01,128866, 143771, 82, 59
2026-06-30T16:58:02,128866, 143771, 100, 64
2026-06-30T16:58:03,128866, 143771, 89, 62
2026-06-30T16:58:04,128866, 143771, 100, 63
2026-06-30T16:58:05,128866, 143771, 87, 62
2026-06-30T16:58:06,128866, 143771, 100, 62
2026-06-30T16:58:07,128866, 143771, 85, 62
2026-06-30T16:58:08,128866, 143771, 100, 64
2026-06-30T16:58:09,128866, 143771, 86, 60
2026-06-30T16:58:10,128866, 143771, 100, 64
2026-06-30T16:58:11,128866, 143771, 100, 64
2026-06-30T16:58:12,128866, 143771, 100, 63
2026-06-30T16:58:13,128866, 143771, 100, 63
2026-06-30T16:58:14,128866, 143771, 100, 64
2026-06-30T16:58:15,128866, 143771, 100, 65
2026-06-30T16:58:16,128866, 143771, 100, 65
2026-06-30T16:58:17,128866, 143771, 100, 63
2026-06-30T16:58:18,128866, 143771, 86, 62
2026-06-30T16:58:19,128866, 143771, 100, 64
2026-06-30T16:58:20,128866, 143771, 89, 63
2026-06-30T16:58:22,128866, 143771, 100, 63
2026-06-30T16:58:23,128866, 143771, 87, 62
2026-06-30T16:58:24,128866, 143771, 100, 65
2026-06-30T16:58:25,128866, 143771, 88, 64
2026-06-30T16:58:26,128866, 143771, 100, 63
2026-06-30T16:58:27,14502, 143771, 0, 51
2026-06-30T16:58:28,14502, 143771, 0, 49
2026-06-30T16:58:29,14502, 143771, 0, 48
2026-06-30T16:58:30,14502, 143771, 0, 47
2026-06-30T16:58:31,14502, 143771, 0, 46
2026-06-30T16:58:32,14502, 143771, 0, 46
2026-06-30T16:58:33,14502, 143771, 0, 45
2026-06-30T16:58:34,14502, 143771, 0, 45
2026-06-30T16:58:35,14508, 143771, 4, 44
2026-06-30T16:58:36,14514, 143771, 4, 44
2026-06-30T16:58:37,14520, 143771, 11, 43
2026-06-30T16:58:38,14524, 143771, 2, 43
2026-06-30T16:58:39,14524, 143771, 0, 42
2026-06-30T16:58:40,14524, 143771, 0, 42
2026-06-30T16:58:41,14524, 143771, 0, 42
2026-06-30T16:58:42,14524, 143771, 0, 41
2026-06-30T16:58:43,14524, 143771, 0, 41
2026-06-30T16:58:44,14524, 143771, 0, 41
2026-06-30T16:58:45,14524, 143771, 0, 41
2026-06-30T16:58:46,14524, 143771, 0, 40
2026-06-30T16:58:47,14524, 143771, 0, 40
2026-06-30T16:58:48,14524, 143771, 0, 40
2026-06-30T16:58:49,14524, 143771, 0, 40
2026-06-30T16:58:50,14524, 143771, 0, 39
2026-06-30T16:58:51,14524, 143771, 0, 39
2026-06-30T16:58:52,14524, 143771, 0, 39
2026-06-30T16:58:53,14524, 143771, 0, 39
2026-06-30T16:58:54,14524, 143771, 0, 39
2026-06-30T16:58:55,14524, 143771, 0, 38
2026-06-30T16:58:56,14524, 143771, 0, 38
2026-06-30T16:58:57,14524, 143771, 0, 38
2026-06-30T16:58:58,14524, 143771, 0, 38
2026-06-30T16:59:00,14524, 143771, 0, 38
2026-06-30T16:59:01,14524, 143771, 0, 38
2026-06-30T16:59:02,14524, 143771, 0, 38
2026-06-30T16:59:03,14524, 143771, 0, 37
2026-06-30T16:59:04,14524, 143771, 0, 37
2026-06-30T16:59:05,14524, 143771, 0, 37
2026-06-30T16:59:06,14524, 143771, 0, 37
2026-06-30T16:59:07,14524, 143771, 0, 37
2026-06-30T16:59:08,14524, 143771, 0, 37
2026-06-30T16:59:09,14524, 143771, 0, 37
2026-06-30T16:59:10,14524, 143771, 0, 37
2026-06-30T16:59:11,14524, 143771, 0, 37
2026-06-30T16:59:12,14524, 143771, 0, 37
2026-06-30T16:59:13,14524, 143771, 0, 37
2026-06-30T16:59:14,14524, 143771, 0, 36
2026-06-30T16:59:15,14524, 143771, 0, 36
2026-06-30T16:59:16,14524, 143771, 0, 36
2026-06-30T16:59:17,14524, 143771, 0, 36
2026-06-30T16:59:18,16584, 143771, 6, 36
2026-06-30T16:59:19,46346, 143771, 90, 48
2026-06-30T16:59:20,45958, 143771, 0, 38
2026-06-30T16:59:21,45182, 143771, 0, 37
2026-06-30T16:59:22,12972, 143771, 0, 37
2026-06-30T16:59:23,12972, 143771, 0, 37
2026-06-30T16:59:24,12972, 143771, 0, 37
2026-06-30T16:59:25,4, 143771, 0, 37
